"Step","dflex_ant_4 - train_return","dflex_ant_4 - train_return__MIN","dflex_ant_4 - train_return__MAX","dflex_ant_3 - train_return","dflex_ant_3 - train_return__MIN","dflex_ant_3 - train_return__MAX","dflex_ant_2 - train_return","dflex_ant_2 - train_return__MIN","dflex_ant_2 - train_return__MAX","dflex_ant_1 - train_return","dflex_ant_1 - train_return__MIN","dflex_ant_1 - train_return__MAX","dflex_ant_0 - train_return","dflex_ant_0 - train_return__MIN","dflex_ant_0 - train_return__MAX"
"0","38.07383346557617","38.07383346557617","38.07383346557617","39.79541015625","39.79541015625","39.79541015625","39.58713912963867","39.58713912963867","39.58713912963867","39.520503997802734","39.520503997802734","39.520503997802734","37.011680603027344","37.011680603027344","37.011680603027344"
"9096","","","","","","","38.97737503051758","38.97737503051758","38.97737503051758","","","","","",""
"9352","","","","","","","37.75996398925781","37.75996398925781","37.75996398925781","","","","","",""
"9608","","","","","","","35.3469123840332","35.3469123840332","35.3469123840332","","","","","",""
"9864","37.3231315612793","37.3231315612793","37.3231315612793","","","","34.504825592041016","34.504825592041016","34.504825592041016","","","","","",""
"10120","35.81185531616211","35.81185531616211","35.81185531616211","","","","33.835609436035156","33.835609436035156","33.835609436035156","38.79998016357422","38.79998016357422","38.79998016357422","","",""
"10376","34.33601760864258","34.33601760864258","34.33601760864258","","","","34.15024185180664","34.15024185180664","34.15024185180664","37.865535736083984","37.865535736083984","37.865535736083984","","",""
"10632","34.07905197143555","34.07905197143555","34.07905197143555","","","","34.63514709472656","34.63514709472656","34.63514709472656","37.50581359863281","37.50581359863281","37.50581359863281","","",""
"10888","34.11699676513672","34.11699676513672","34.11699676513672","","","","34.75325012207031","34.75325012207031","34.75325012207031","37.40188980102539","37.40188980102539","37.40188980102539","","",""
"11144","33.94113540649414","33.94113540649414","33.94113540649414","","","","35.001678466796875","35.001678466796875","35.001678466796875","37.73634719848633","37.73634719848633","37.73634719848633","","",""
"11400","33.99676513671875","33.99676513671875","33.99676513671875","","","","35.14791488647461","35.14791488647461","35.14791488647461","","","","","",""
"11656","33.9212760925293","33.9212760925293","33.9212760925293","","","","35.53850555419922","35.53850555419922","35.53850555419922","","","","","",""
"11912","34.135799407958984","34.135799407958984","34.135799407958984","","","","35.83019256591797","35.83019256591797","35.83019256591797","","","","","",""
"12168","","","","","","","36.01997756958008","36.01997756958008","36.01997756958008","","","","","",""
"12424","","","","","","","36.46298599243164","36.46298599243164","36.46298599243164","","","","","",""
"12936","","","","","","","36.63141632080078","36.63141632080078","36.63141632080078","","","","","",""
"13192","34.61440658569336","34.61440658569336","34.61440658569336","","","","37.00055694580078","37.00055694580078","37.00055694580078","","","","","",""
"13448","34.85475540161133","34.85475540161133","34.85475540161133","","","","37.15986633300781","37.15986633300781","37.15986633300781","","","","","",""
"13704","35.126617431640625","35.126617431640625","35.126617431640625","","","","36.89775848388672","36.89775848388672","36.89775848388672","","","","","",""
"13960","","","","","","","37.375423431396484","37.375423431396484","37.375423431396484","","","","","",""
"14216","35.470314025878906","35.470314025878906","35.470314025878906","","","","37.64791488647461","37.64791488647461","37.64791488647461","","","","","",""
"14472","35.7992057800293","35.7992057800293","35.7992057800293","","","","37.06375503540039","37.06375503540039","37.06375503540039","","","","","",""
"14728","","","","","","","36.2261962890625","36.2261962890625","36.2261962890625","","","","","",""
"14984","36.125057220458984","36.125057220458984","36.125057220458984","","","","35.99844741821289","35.99844741821289","35.99844741821289","","","","","",""
"15240","","","","","","","35.30214309692383","35.30214309692383","35.30214309692383","","","","","",""
"15496","","","","40.068111419677734","40.068111419677734","40.068111419677734","35.09897994995117","35.09897994995117","35.09897994995117","","","","","",""
"15752","36.27900314331055","36.27900314331055","36.27900314331055","","","","35.41958999633789","35.41958999633789","35.41958999633789","","","","","",""
"16008","37.0726432800293","37.0726432800293","37.0726432800293","","","","35.42156219482422","35.42156219482422","35.42156219482422","","","","","",""
"16264","37.584632873535156","37.584632873535156","37.584632873535156","","","","35.21903610229492","35.21903610229492","35.21903610229492","","","","","",""
"16520","38.195003509521484","38.195003509521484","38.195003509521484","","","","35.661521911621094","35.661521911621094","35.661521911621094","","","","","",""
"16776","","","","","","","36.4926643371582","36.4926643371582","36.4926643371582","","","","","",""
"17032","37.9188232421875","37.9188232421875","37.9188232421875","","","","36.424652099609375","36.424652099609375","36.424652099609375","","","","","",""
"17288","38.247764587402344","38.247764587402344","38.247764587402344","40.3465690612793","40.3465690612793","40.3465690612793","36.08563995361328","36.08563995361328","36.08563995361328","","","","","",""
"17544","38.615970611572266","38.615970611572266","38.615970611572266","","","","35.742164611816406","35.742164611816406","35.742164611816406","","","","","",""
"17800","","","","42.359737396240234","42.359737396240234","42.359737396240234","35.574981689453125","35.574981689453125","35.574981689453125","","","","","",""
"18056","38.94816970825195","38.94816970825195","38.94816970825195","42.633583068847656","42.633583068847656","42.633583068847656","","","","","","","","",""
"18568","39.38182830810547","39.38182830810547","39.38182830810547","43.73249816894531","43.73249816894531","43.73249816894531","35.917293548583984","35.917293548583984","35.917293548583984","","","","","",""
"18824","40.009063720703125","40.009063720703125","40.009063720703125","","","","","","","","","","","",""
"19080","40.360321044921875","40.360321044921875","40.360321044921875","45.499427795410156","45.499427795410156","45.499427795410156","","","","","","","","",""
"19336","","","","46.40663528442383","46.40663528442383","46.40663528442383","","","","","","","","",""
"19592","40.69157791137695","40.69157791137695","40.69157791137695","47.0161018371582","47.0161018371582","47.0161018371582","","","","","","","","",""
"19848","41.14812469482422","41.14812469482422","41.14812469482422","48.212371826171875","48.212371826171875","48.212371826171875","","","","","","","","",""
"20104","41.449913024902344","41.449913024902344","41.449913024902344","","","","36.92869567871094","36.92869567871094","36.92869567871094","","","","","",""
"20616","","","","50.857574462890625","50.857574462890625","50.857574462890625","","","","","","","","",""
"20872","41.633121490478516","41.633121490478516","41.633121490478516","51.73677444458008","51.73677444458008","51.73677444458008","","","","","","","","",""
"21128","42.324790954589844","42.324790954589844","42.324790954589844","52.307098388671875","52.307098388671875","52.307098388671875","36.84915542602539","36.84915542602539","36.84915542602539","","","","","",""
"21384","","","","53.11355972290039","53.11355972290039","53.11355972290039","36.90217590332031","36.90217590332031","36.90217590332031","","","","37.70377731323242","37.70377731323242","37.70377731323242"
"21640","42.76392364501953","42.76392364501953","42.76392364501953","","","","37.93463134765625","37.93463134765625","37.93463134765625","","","","","",""
"21896","42.33177947998047","42.33177947998047","42.33177947998047","","","","","","","","","","40.866302490234375","40.866302490234375","40.866302490234375"
"22152","42.81948471069336","42.81948471069336","42.81948471069336","","","","37.883506774902344","37.883506774902344","37.883506774902344","","","","","",""
"22408","42.702938079833984","42.702938079833984","42.702938079833984","","","","37.828636169433594","37.828636169433594","37.828636169433594","","","","","",""
"22664","","","","53.9336051940918","53.9336051940918","53.9336051940918","37.77397537231445","37.77397537231445","37.77397537231445","","","","","",""
"22920","43.731929779052734","43.731929779052734","43.731929779052734","","","","37.72172164916992","37.72172164916992","37.72172164916992","","","","42.989540100097656","42.989540100097656","42.989540100097656"
"23176","44.176414489746094","44.176414489746094","44.176414489746094","54.4311408996582","54.4311408996582","54.4311408996582","37.53303527832031","37.53303527832031","37.53303527832031","","","","","",""
"23432","44.43671798706055","44.43671798706055","44.43671798706055","","","","37.537818908691406","37.537818908691406","37.537818908691406","","","","","",""
"23688","46.032310485839844","46.032310485839844","46.032310485839844","","","","","","","","","","","",""
"23944","46.15637969970703","46.15637969970703","46.15637969970703","","","","37.73209762573242","37.73209762573242","37.73209762573242","","","","","",""
"24200","46.382904052734375","46.382904052734375","46.382904052734375","","","","","","","","","","","",""
"24456","48.05904769897461","48.05904769897461","48.05904769897461","","","","","","","","","","43.951358795166016","43.951358795166016","43.951358795166016"
"25224","48.502967834472656","48.502967834472656","48.502967834472656","54.62270736694336","54.62270736694336","54.62270736694336","","","","","","","45.72284698486328","45.72284698486328","45.72284698486328"
"25480","49.26481246948242","49.26481246948242","49.26481246948242","56.483314514160156","56.483314514160156","56.483314514160156","","","","","","","48.598175048828125","48.598175048828125","48.598175048828125"
"25992","50.24309539794922","50.24309539794922","50.24309539794922","","","","","","","","","","","",""
"26248","50.62937545776367","50.62937545776367","50.62937545776367","","","","37.68929672241211","37.68929672241211","37.68929672241211","","","","50.950103759765625","50.950103759765625","50.950103759765625"
"26504","","","","57.337120056152344","57.337120056152344","57.337120056152344","","","","39.974037170410156","39.974037170410156","39.974037170410156","50.7551383972168","50.7551383972168","50.7551383972168"
"26760","50.552528381347656","50.552528381347656","50.552528381347656","","","","","","","","","","","",""
"27016","","","","","","","","","","","","","50.764305114746094","50.764305114746094","50.764305114746094"
"27272","","","","59.4669303894043","59.4669303894043","59.4669303894043","37.81348419189453","37.81348419189453","37.81348419189453","","","","","",""
"27528","50.78126525878906","50.78126525878906","50.78126525878906","","","","","","","","","","","",""
"28040","51.35195541381836","51.35195541381836","51.35195541381836","","","","","","","","","","","",""
"28296","51.27730941772461","51.27730941772461","51.27730941772461","","","","37.83165740966797","37.83165740966797","37.83165740966797","","","","","",""
"28552","52.09683609008789","52.09683609008789","52.09683609008789","60.59334945678711","60.59334945678711","60.59334945678711","","","","42.131248474121094","42.131248474121094","42.131248474121094","","",""
"28808","","","","61.808387756347656","61.808387756347656","61.808387756347656","37.91942596435547","37.91942596435547","37.91942596435547","","","","53.43271255493164","53.43271255493164","53.43271255493164"
"29064","","","","","","","","","","","","","54.88083267211914","54.88083267211914","54.88083267211914"
"29576","","","","63.26213836669922","63.26213836669922","63.26213836669922","","","","","","","57.792152404785156","57.792152404785156","57.792152404785156"
"30344","54.04304504394531","54.04304504394531","54.04304504394531","64.90863037109375","64.90863037109375","64.90863037109375","38.233421325683594","38.233421325683594","38.233421325683594","","","","61.873138427734375","61.873138427734375","61.873138427734375"
"30856","","","","","","","38.49820327758789","38.49820327758789","38.49820327758789","","","","","",""
"31368","","","","68.18629455566406","68.18629455566406","68.18629455566406","","","","","","","","",""
"31624","53.82561492919922","53.82561492919922","53.82561492919922","","","","","","","","","","","",""
"31880","","","","69.94978332519531","69.94978332519531","69.94978332519531","","","","","","","","",""
"32392","","","","","","","","","","50.73938751220703","50.73938751220703","50.73938751220703","","",""
"32648","","","","","","","","","","50.42631149291992","50.42631149291992","50.42631149291992","62.84197235107422","62.84197235107422","62.84197235107422"
"32904","","","","71.37377166748047","71.37377166748047","71.37377166748047","","","","53.436073303222656","53.436073303222656","53.436073303222656","","",""
"33160","54.136287689208984","54.136287689208984","54.136287689208984","","","","","","","56.16444778442383","56.16444778442383","56.16444778442383","","",""
"33416","","","","","","","","","","63.56517791748047","63.56517791748047","63.56517791748047","","",""
"33672","","","","","","","38.687538146972656","38.687538146972656","38.687538146972656","74.63746643066406","74.63746643066406","74.63746643066406","63.1666374206543","63.1666374206543","63.1666374206543"
"33928","","","","72.6995620727539","72.6995620727539","72.6995620727539","","","","76.34091186523438","76.34091186523438","76.34091186523438","","",""
"34184","","","","","","","39.025848388671875","39.025848388671875","39.025848388671875","80.9973373413086","80.9973373413086","80.9973373413086","66.10159301757812","66.10159301757812","66.10159301757812"
"34440","54.562747955322266","54.562747955322266","54.562747955322266","","","","","","","89.3724365234375","89.3724365234375","89.3724365234375","","",""
"34696","54.974388122558594","54.974388122558594","54.974388122558594","","","","","","","99.05348205566406","99.05348205566406","99.05348205566406","","",""
"34952","","","","","","","","","","104.06282806396484","104.06282806396484","104.06282806396484","","",""
"35208","55.77363967895508","55.77363967895508","55.77363967895508","74.0025405883789","74.0025405883789","74.0025405883789","","","","108.20063781738281","108.20063781738281","108.20063781738281","","",""
"35464","","","","","","","","","","113.28681945800781","113.28681945800781","113.28681945800781","","",""
"35720","","","","","","","","","","115.59657287597656","115.59657287597656","115.59657287597656","","",""
"35976","","","","","","","","","","118.08258819580078","118.08258819580078","118.08258819580078","66.38790130615234","66.38790130615234","66.38790130615234"
"36232","","","","","","","","","","120.24093627929688","120.24093627929688","120.24093627929688","","",""
"36488","56.24129867553711","56.24129867553711","56.24129867553711","","","","","","","122.59724426269531","122.59724426269531","122.59724426269531","","",""
"36744","56.93758010864258","56.93758010864258","56.93758010864258","","","","","","","123.42731475830078","123.42731475830078","123.42731475830078","","",""
"37000","57.28300476074219","57.28300476074219","57.28300476074219","75.33723449707031","75.33723449707031","75.33723449707031","40.20305252075195","40.20305252075195","40.20305252075195","125.05665588378906","125.05665588378906","125.05665588378906","67.52310180664062","67.52310180664062","67.52310180664062"
"37256","","","","","","","40.904510498046875","40.904510498046875","40.904510498046875","126.73470306396484","126.73470306396484","126.73470306396484","","",""
"37512","59.98210144042969","59.98210144042969","59.98210144042969","","","","","","","126.62797546386719","126.62797546386719","126.62797546386719","","",""
"37768","61.56882858276367","61.56882858276367","61.56882858276367","","","","41.82948684692383","41.82948684692383","41.82948684692383","128.50131225585938","128.50131225585938","128.50131225585938","70.1581039428711","70.1581039428711","70.1581039428711"
"38024","61.8485221862793","61.8485221862793","61.8485221862793","","","","","","","129.12440490722656","129.12440490722656","129.12440490722656","","",""
"38280","62.98481369018555","62.98481369018555","62.98481369018555","","","","42.34515380859375","42.34515380859375","42.34515380859375","129.9586944580078","129.9586944580078","129.9586944580078","","",""
"38536","","","","76.9415054321289","76.9415054321289","76.9415054321289","","","","131.85574340820312","131.85574340820312","131.85574340820312","","",""
"38792","","","","","","","42.84628677368164","42.84628677368164","42.84628677368164","130.46983337402344","130.46983337402344","130.46983337402344","","",""
"39048","","","","","","","42.68243408203125","42.68243408203125","42.68243408203125","131.01795959472656","131.01795959472656","131.01795959472656","","",""
"39304","","","","","","","","","","131.91578674316406","131.91578674316406","131.91578674316406","","",""
"39560","64.0621337890625","64.0621337890625","64.0621337890625","","","","43.38258743286133","43.38258743286133","43.38258743286133","130.07522583007812","130.07522583007812","130.07522583007812","","",""
"39816","","","","","","","44.0223388671875","44.0223388671875","44.0223388671875","130.6420135498047","130.6420135498047","130.6420135498047","","",""
"40072","","","","","","","","","","131.05767822265625","131.05767822265625","131.05767822265625","","",""
"40328","","","","78.94667053222656","78.94667053222656","78.94667053222656","","","","128.0003662109375","128.0003662109375","128.0003662109375","","",""
"40584","","","","","","","44.54144287109375","44.54144287109375","44.54144287109375","","","","","",""
"40840","","","","","","","45.179710388183594","45.179710388183594","45.179710388183594","","","","","",""
"41096","","","","","","","45.761741638183594","45.761741638183594","45.761741638183594","128.2041015625","128.2041015625","128.2041015625","71.29769134521484","71.29769134521484","71.29769134521484"
"41352","64.61846923828125","64.61846923828125","64.61846923828125","","","","","","","128.5118865966797","128.5118865966797","128.5118865966797","72.81083679199219","72.81083679199219","72.81083679199219"
"41608","","","","","","","46.287113189697266","46.287113189697266","46.287113189697266","","","","","",""
"41864","65.22864532470703","65.22864532470703","65.22864532470703","","","","47.3426399230957","47.3426399230957","47.3426399230957","129.08689880371094","129.08689880371094","129.08689880371094","74.33087921142578","74.33087921142578","74.33087921142578"
"42120","","","","81.43363189697266","81.43363189697266","81.43363189697266","","","","","","","","",""
"42376","","","","","","","47.93130111694336","47.93130111694336","47.93130111694336","128.0084991455078","128.0084991455078","128.0084991455078","","",""
"42632","","","","83.34213256835938","83.34213256835938","83.34213256835938","49.37476348876953","49.37476348876953","49.37476348876953","126.07294464111328","126.07294464111328","126.07294464111328","77.55876922607422","77.55876922607422","77.55876922607422"
"42888","66.32412719726562","66.32412719726562","66.32412719726562","85.38524627685547","85.38524627685547","85.38524627685547","","","","125.63388061523438","125.63388061523438","125.63388061523438","79.41535186767578","79.41535186767578","79.41535186767578"
"43144","67.15103149414062","67.15103149414062","67.15103149414062","","","","49.96587371826172","49.96587371826172","49.96587371826172","","","","84.305908203125","84.305908203125","84.305908203125"
"43400","","","","84.03109741210938","84.03109741210938","84.03109741210938","51.62647247314453","51.62647247314453","51.62647247314453","","","","87.67498016357422","87.67498016357422","87.67498016357422"
"43656","","","","","","","52.14218521118164","52.14218521118164","52.14218521118164","","","","89.68347930908203","89.68347930908203","89.68347930908203"
"43912","","","","","","","52.93243408203125","52.93243408203125","52.93243408203125","","","","93.31792449951172","93.31792449951172","93.31792449951172"
"44168","","","","","","","53.64970397949219","53.64970397949219","53.64970397949219","125.2408447265625","125.2408447265625","125.2408447265625","96.5233383178711","96.5233383178711","96.5233383178711"
"44424","68.07672882080078","68.07672882080078","68.07672882080078","","","","56.73028564453125","56.73028564453125","56.73028564453125","","","","98.39134216308594","98.39134216308594","98.39134216308594"
"44680","69.16183471679688","69.16183471679688","69.16183471679688","","","","57.105960845947266","57.105960845947266","57.105960845947266","","","","98.77264404296875","98.77264404296875","98.77264404296875"
"44936","","","","","","","60.2570915222168","60.2570915222168","60.2570915222168","124.35164642333984","124.35164642333984","124.35164642333984","100.96990203857422","100.96990203857422","100.96990203857422"
"45192","","","","","","","61.62598419189453","61.62598419189453","61.62598419189453","","","","104.91614532470703","104.91614532470703","104.91614532470703"
"45448","69.50634002685547","69.50634002685547","69.50634002685547","","","","63.67831039428711","63.67831039428711","63.67831039428711","","","","105.50629425048828","105.50629425048828","105.50629425048828"
"45704","","","","","","","","","","123.98249053955078","123.98249053955078","123.98249053955078","107.29219818115234","107.29219818115234","107.29219818115234"
"45960","","","","","","","65.45954132080078","65.45954132080078","65.45954132080078","","","","108.37562561035156","108.37562561035156","108.37562561035156"
"46216","","","","","","","67.53372955322266","67.53372955322266","67.53372955322266","","","","","",""
"46472","71.01544952392578","71.01544952392578","71.01544952392578","87.55134582519531","87.55134582519531","87.55134582519531","69.34883117675781","69.34883117675781","69.34883117675781","","","","109.03031921386719","109.03031921386719","109.03031921386719"
"46728","","","","","","","","","","122.84052276611328","122.84052276611328","122.84052276611328","111.60194396972656","111.60194396972656","111.60194396972656"
"46984","","","","","","","70.19501495361328","70.19501495361328","70.19501495361328","","","","113.96818542480469","113.96818542480469","113.96818542480469"
"47240","","","","","","","72.90111541748047","72.90111541748047","72.90111541748047","","","","","",""
"47496","","","","89.77251434326172","89.77251434326172","89.77251434326172","76.707763671875","76.707763671875","76.707763671875","122.30145263671875","122.30145263671875","122.30145263671875","116.71298217773438","116.71298217773438","116.71298217773438"
"47752","","","","94.9422607421875","94.9422607421875","94.9422607421875","77.58903503417969","77.58903503417969","77.58903503417969","","","","117.2593994140625","117.2593994140625","117.2593994140625"
"48008","70.61532592773438","70.61532592773438","70.61532592773438","96.6809310913086","96.6809310913086","96.6809310913086","78.49256896972656","78.49256896972656","78.49256896972656","120.76960754394531","120.76960754394531","120.76960754394531","118.78925323486328","118.78925323486328","118.78925323486328"
"48264","","","","97.69142150878906","97.69142150878906","97.69142150878906","80.92495727539062","80.92495727539062","80.92495727539062","","","","119.71302795410156","119.71302795410156","119.71302795410156"
"48520","","","","","","","81.10875701904297","81.10875701904297","81.10875701904297","120.3627700805664","120.3627700805664","120.3627700805664","","",""
"48776","","","","","","","81.91476440429688","81.91476440429688","81.91476440429688","119.87458038330078","119.87458038330078","119.87458038330078","121.37541961669922","121.37541961669922","121.37541961669922"
"49032","72.26676177978516","72.26676177978516","72.26676177978516","99.05760192871094","99.05760192871094","99.05760192871094","","","","","","","122.69332122802734","122.69332122802734","122.69332122802734"
"49544","","","","101.3358383178711","101.3358383178711","101.3358383178711","82.7011489868164","82.7011489868164","82.7011489868164","","","","122.89823150634766","122.89823150634766","122.89823150634766"
"49800","","","","101.63082885742188","101.63082885742188","101.63082885742188","85.9670181274414","85.9670181274414","85.9670181274414","","","","125.69720458984375","125.69720458984375","125.69720458984375"
"50056","","","","104.58120727539062","104.58120727539062","104.58120727539062","86.72190856933594","86.72190856933594","86.72190856933594","","","","125.06292724609375","125.06292724609375","125.06292724609375"
"50312","","","","104.80319213867188","104.80319213867188","104.80319213867188","","","","","","","127.04098510742188","127.04098510742188","127.04098510742188"
"50568","","","","","","","86.95127868652344","86.95127868652344","86.95127868652344","119.23473358154297","119.23473358154297","119.23473358154297","","",""
"50824","","","","","","","","","","","","","128.34649658203125","128.34649658203125","128.34649658203125"
"51080","","","","106.1822509765625","106.1822509765625","106.1822509765625","87.87126922607422","87.87126922607422","87.87126922607422","119.11802673339844","119.11802673339844","119.11802673339844","","",""
"51336","","","","107.3750228881836","107.3750228881836","107.3750228881836","89.43228149414062","89.43228149414062","89.43228149414062","119.06143951416016","119.06143951416016","119.06143951416016","128.60305786132812","128.60305786132812","128.60305786132812"
"51592","","","","108.34185028076172","108.34185028076172","108.34185028076172","88.86939239501953","88.86939239501953","88.86939239501953","","","","","",""
"51848","","","","110.12165069580078","110.12165069580078","110.12165069580078","89.4256591796875","89.4256591796875","89.4256591796875","118.72056579589844","118.72056579589844","118.72056579589844","","",""
"52104","","","","111.93968963623047","111.93968963623047","111.93968963623047","89.64215850830078","89.64215850830078","89.64215850830078","","","","130.81834411621094","130.81834411621094","130.81834411621094"
"52360","","","","113.03726959228516","113.03726959228516","113.03726959228516","","","","118.26367950439453","118.26367950439453","118.26367950439453","131.82415771484375","131.82415771484375","131.82415771484375"
"52616","","","","115.02955627441406","115.02955627441406","115.02955627441406","","","","","","","","",""
"52872","","","","","","","","","","","","","133.320068359375","133.320068359375","133.320068359375"
"53128","","","","116.73560333251953","116.73560333251953","116.73560333251953","","","","","","","","",""
"53384","","","","116.87004089355469","116.87004089355469","116.87004089355469","","","","","","","133.82322692871094","133.82322692871094","133.82322692871094"
"53896","73.26959991455078","73.26959991455078","73.26959991455078","117.30876922607422","117.30876922607422","117.30876922607422","","","","","","","","",""
"54152","75.04019165039062","75.04019165039062","75.04019165039062","","","","","","","","","","","",""
"54408","","","","","","","","","","","","","134.193603515625","134.193603515625","134.193603515625"
"54664","","","","","","","","","","","","","134.27610778808594","134.27610778808594","134.27610778808594"
"54920","","","","","","","90.69452667236328","90.69452667236328","90.69452667236328","119.37029266357422","119.37029266357422","119.37029266357422","","",""
"55176","","","","119.46966552734375","119.46966552734375","119.46966552734375","","","","","","","","",""
"55432","","","","","","","","","","119.11561584472656","119.11561584472656","119.11561584472656","","",""
"55688","","","","","","","","","","","","","135.4694061279297","135.4694061279297","135.4694061279297"
"55944","","","","","","","","","","118.87081909179688","118.87081909179688","118.87081909179688","136.79684448242188","136.79684448242188","136.79684448242188"
"56456","76.32484436035156","76.32484436035156","76.32484436035156","120.76072692871094","120.76072692871094","120.76072692871094","","","","","","","135.78575134277344","135.78575134277344","135.78575134277344"
"56712","","","","","","","","","","118.98429107666016","118.98429107666016","118.98429107666016","","",""
"56968","","","","","","","","","","118.74419403076172","118.74419403076172","118.74419403076172","","",""
"57224","","","","","","","","","","118.44667053222656","118.44667053222656","118.44667053222656","","",""
"57480","","","","","","","","","","118.18144989013672","118.18144989013672","118.18144989013672","","",""
"57736","","","","","","","","","","117.62773895263672","117.62773895263672","117.62773895263672","","",""
"57992","","","","122.11370849609375","122.11370849609375","122.11370849609375","","","","117.33319091796875","117.33319091796875","117.33319091796875","135.82089233398438","135.82089233398438","135.82089233398438"
"58248","","","","125.59032440185547","125.59032440185547","125.59032440185547","","","","117.45035552978516","117.45035552978516","117.45035552978516","","",""
"58504","","","","","","","","","","116.6366958618164","116.6366958618164","116.6366958618164","","",""
"58760","","","","126.4216537475586","126.4216537475586","126.4216537475586","","","","117.4271469116211","117.4271469116211","117.4271469116211","","",""
"59016","","","","","","","","","","117.24878692626953","117.24878692626953","117.24878692626953","","",""
"59272","","","","","","","","","","117.06541442871094","117.06541442871094","117.06541442871094","136.28622436523438","136.28622436523438","136.28622436523438"
"59528","76.17981719970703","76.17981719970703","76.17981719970703","","","","","","","116.42781066894531","116.42781066894531","116.42781066894531","","",""
"59784","","","","127.17205810546875","127.17205810546875","127.17205810546875","","","","115.26929473876953","115.26929473876953","115.26929473876953","","",""
"60040","","","","","","","","","","115.55371856689453","115.55371856689453","115.55371856689453","","",""
"60296","","","","128.62042236328125","128.62042236328125","128.62042236328125","","","","116.0512466430664","116.0512466430664","116.0512466430664","","",""
"60552","","","","129.9891815185547","129.9891815185547","129.9891815185547","90.6537857055664","90.6537857055664","90.6537857055664","116.15154266357422","116.15154266357422","116.15154266357422","","",""
"60808","","","","","","","","","","115.57147979736328","115.57147979736328","115.57147979736328","","",""
"61320","","","","133.85928344726562","133.85928344726562","133.85928344726562","","","","115.55152130126953","115.55152130126953","115.55152130126953","","",""
"61832","","","","","","","","","","115.66738891601562","115.66738891601562","115.66738891601562","","",""
"62088","","","","135.42388916015625","135.42388916015625","135.42388916015625","","","","115.72310638427734","115.72310638427734","115.72310638427734","","",""
"62344","","","","","","","","","","","","","136.88272094726562","136.88272094726562","136.88272094726562"
"62600","","","","","","","","","","116.30278778076172","116.30278778076172","116.30278778076172","","",""
"62856","","","","135.69308471679688","135.69308471679688","135.69308471679688","","","","116.33319091796875","116.33319091796875","116.33319091796875","","",""
"63112","","","","","","","","","","117.06446838378906","117.06446838378906","117.06446838378906","138.25694274902344","138.25694274902344","138.25694274902344"
"63368","","","","136.340576171875","136.340576171875","136.340576171875","","","","","","","","",""
"63624","","","","","","","","","","","","","139.6710662841797","139.6710662841797","139.6710662841797"
"63880","","","","","","","","","","117.59525299072266","117.59525299072266","117.59525299072266","","",""
"64136","","","","138.05657958984375","138.05657958984375","138.05657958984375","","","","","","","","",""
"64392","","","","","","","","","","118.11641693115234","118.11641693115234","118.11641693115234","","",""
"64648","","","","142.3435516357422","142.3435516357422","142.3435516357422","90.718017578125","90.718017578125","90.718017578125","118.81361389160156","118.81361389160156","118.81361389160156","","",""
"64904","","","","143.95204162597656","143.95204162597656","143.95204162597656","","","","","","","","",""
"65160","","","","149.32875061035156","149.32875061035156","149.32875061035156","","","","","","","140.3666229248047","140.3666229248047","140.3666229248047"
"65416","","","","","","","90.79743194580078","90.79743194580078","90.79743194580078","118.75668334960938","118.75668334960938","118.75668334960938","","",""
"65672","","","","151.23126220703125","151.23126220703125","151.23126220703125","","","","","","","","",""
"66440","","","","153.0291290283203","153.0291290283203","153.0291290283203","","","","119.391845703125","119.391845703125","119.391845703125","","",""
"66696","76.5044174194336","76.5044174194336","76.5044174194336","154.87754821777344","154.87754821777344","154.87754821777344","","","","","","","141.897705078125","141.897705078125","141.897705078125"
"67208","","","","158.30419921875","158.30419921875","158.30419921875","","","","119.49784851074219","119.49784851074219","119.49784851074219","","",""
"67464","","","","164.40597534179688","164.40597534179688","164.40597534179688","","","","","","","","",""
"67976","","","","","","","91.03311920166016","91.03311920166016","91.03311920166016","","","","","",""
"68232","","","","","","","","","","119.41940307617188","119.41940307617188","119.41940307617188","","",""
"68488","","","","166.12417602539062","166.12417602539062","166.12417602539062","","","","","","","","",""
"68744","","","","","","","","","","","","","143.37460327148438","143.37460327148438","143.37460327148438"
"69000","","","","170.4354248046875","170.4354248046875","170.4354248046875","","","","","","","145.05226135253906","145.05226135253906","145.05226135253906"
"69512","","","","171.54466247558594","171.54466247558594","171.54466247558594","91.28016662597656","91.28016662597656","91.28016662597656","","","","","",""
"69768","","","","173.498291015625","173.498291015625","173.498291015625","","","","","","","","",""
"70024","","","","","","","","","","","","","145.53079223632812","145.53079223632812","145.53079223632812"
"70280","","","","175.61080932617188","175.61080932617188","175.61080932617188","","","","","","","","",""
"70536","","","","178.70968627929688","178.70968627929688","178.70968627929688","","","","119.11215209960938","119.11215209960938","119.11215209960938","","",""
"70792","","","","178.15765380859375","178.15765380859375","178.15765380859375","","","","","","","","",""
"71048","","","","177.39694213867188","177.39694213867188","177.39694213867188","","","","120.01252746582031","120.01252746582031","120.01252746582031","","",""
"71304","","","","179.9725341796875","179.9725341796875","179.9725341796875","","","","119.68636322021484","119.68636322021484","119.68636322021484","147.08741760253906","147.08741760253906","147.08741760253906"
"71816","","","","183.10220336914062","183.10220336914062","183.10220336914062","","","","","","","","",""
"72328","","","","184.36749267578125","184.36749267578125","184.36749267578125","91.69940185546875","91.69940185546875","91.69940185546875","","","","","",""
"72584","","","","185.98483276367188","185.98483276367188","185.98483276367188","","","","","","","","",""
"72840","","","","185.1205291748047","185.1205291748047","185.1205291748047","","","","119.23273468017578","119.23273468017578","119.23273468017578","","",""
"73096","","","","184.29766845703125","184.29766845703125","184.29766845703125","","","","119.8210678100586","119.8210678100586","119.8210678100586","146.78887939453125","146.78887939453125","146.78887939453125"
"73352","","","","","","","93.5330581665039","93.5330581665039","93.5330581665039","","","","","",""
"73864","","","","183.5173797607422","183.5173797607422","183.5173797607422","93.99176788330078","93.99176788330078","93.99176788330078","119.9321517944336","119.9321517944336","119.9321517944336","","",""
"74120","","","","182.37022399902344","182.37022399902344","182.37022399902344","","","","","","","148.15216064453125","148.15216064453125","148.15216064453125"
"74376","","","","","","","","","","120.85659790039062","120.85659790039062","120.85659790039062","","",""
"74632","","","","184.12527465820312","184.12527465820312","184.12527465820312","","","","","","","","",""
"74888","","","","186.0540313720703","186.0540313720703","186.0540313720703","","","","","","","","",""
"75144","","","","183.8505859375","183.8505859375","183.8505859375","","","","","","","","",""
"75656","","","","","","","","","","120.39127349853516","120.39127349853516","120.39127349853516","149.98983764648438","149.98983764648438","149.98983764648438"
"75912","","","","185.77464294433594","185.77464294433594","185.77464294433594","","","","119.89482116699219","119.89482116699219","119.89482116699219","151.82554626464844","151.82554626464844","151.82554626464844"
"76168","","","","187.28990173339844","187.28990173339844","187.28990173339844","","","","120.91073608398438","120.91073608398438","120.91073608398438","","",""
"76424","78.66059112548828","78.66059112548828","78.66059112548828","","","","","","","120.78024291992188","120.78024291992188","120.78024291992188","","",""
"76680","","","","188.97015380859375","188.97015380859375","188.97015380859375","","","","120.93778228759766","120.93778228759766","120.93778228759766","152.85482788085938","152.85482788085938","152.85482788085938"
"76936","","","","191.31382751464844","191.31382751464844","191.31382751464844","","","","","","","","",""
"77192","80.83448028564453","80.83448028564453","80.83448028564453","","","","","","","","","","","",""
"77448","","","","191.1216583251953","191.1216583251953","191.1216583251953","94.92478942871094","94.92478942871094","94.92478942871094","","","","154.2731475830078","154.2731475830078","154.2731475830078"
"77704","","","","193.68032836914062","193.68032836914062","193.68032836914062","","","","","","","156.36294555664062","156.36294555664062","156.36294555664062"
"77960","","","","","","","94.34320068359375","94.34320068359375","94.34320068359375","120.61026763916016","120.61026763916016","120.61026763916016","","",""
"78216","","","","","","","94.14744567871094","94.14744567871094","94.14744567871094","120.5148696899414","120.5148696899414","120.5148696899414","156.070556640625","156.070556640625","156.070556640625"
"78728","81.72587585449219","81.72587585449219","81.72587585449219","","","","","","","","","","155.85037231445312","155.85037231445312","155.85037231445312"
"78984","","","","191.6065216064453","191.6065216064453","191.6065216064453","","","","120.60787200927734","120.60787200927734","120.60787200927734","","",""
"79240","83.52193450927734","83.52193450927734","83.52193450927734","190.68299865722656","190.68299865722656","190.68299865722656","","","","121.0841293334961","121.0841293334961","121.0841293334961","155.49710083007812","155.49710083007812","155.49710083007812"
"79496","","","","","","","","","","","","","159.03018188476562","159.03018188476562","159.03018188476562"
"79752","","","","192.3883819580078","192.3883819580078","192.3883819580078","","","","","","","160.3195037841797","160.3195037841797","160.3195037841797"
"80008","","","","","","","","","","","","","162.04527282714844","162.04527282714844","162.04527282714844"
"80264","","","","","","","","","","","","","161.96389770507812","161.96389770507812","161.96389770507812"
"80520","84.73294067382812","84.73294067382812","84.73294067382812","","","","","","","121.06661987304688","121.06661987304688","121.06661987304688","","",""
"80776","87.0420913696289","87.0420913696289","87.0420913696289","193.98851013183594","193.98851013183594","193.98851013183594","96.21511840820312","96.21511840820312","96.21511840820312","","","","161.73678588867188","161.73678588867188","161.73678588867188"
"81032","","","","194.02352905273438","194.02352905273438","194.02352905273438","","","","","","","161.4534454345703","161.4534454345703","161.4534454345703"
"81288","","","","195.27059936523438","195.27059936523438","195.27059936523438","","","","121.09007263183594","121.09007263183594","121.09007263183594","160.8390655517578","160.8390655517578","160.8390655517578"
"81800","90.28892517089844","90.28892517089844","90.28892517089844","194.33831787109375","194.33831787109375","194.33831787109375","","","","","","","160.92723083496094","160.92723083496094","160.92723083496094"
"82056","90.87059020996094","90.87059020996094","90.87059020996094","193.7745819091797","193.7745819091797","193.7745819091797","","","","","","","160.57090759277344","160.57090759277344","160.57090759277344"
"82312","93.30271911621094","93.30271911621094","93.30271911621094","193.06021118164062","193.06021118164062","193.06021118164062","","","","","","","","",""
"82568","","","","192.220458984375","192.220458984375","192.220458984375","","","","121.62351989746094","121.62351989746094","121.62351989746094","162.24789428710938","162.24789428710938","162.24789428710938"
"82824","","","","190.9237823486328","190.9237823486328","190.9237823486328","","","","121.04257202148438","121.04257202148438","121.04257202148438","","",""
"83080","95.2247085571289","95.2247085571289","95.2247085571289","","","","","","","","","","162.11083984375","162.11083984375","162.11083984375"
"83336","","","","191.64622497558594","191.64622497558594","191.64622497558594","","","","122.32057189941406","122.32057189941406","122.32057189941406","161.97645568847656","161.97645568847656","161.97645568847656"
"83592","","","","","","","","","","122.0491943359375","122.0491943359375","122.0491943359375","163.1178436279297","163.1178436279297","163.1178436279297"
"83848","98.73904418945312","98.73904418945312","98.73904418945312","189.7396697998047","189.7396697998047","189.7396697998047","","","","","","","163.3648681640625","163.3648681640625","163.3648681640625"
"84104","","","","188.69146728515625","188.69146728515625","188.69146728515625","","","","","","","165.90280151367188","165.90280151367188","165.90280151367188"
"84360","","","","","","","","","","121.55072021484375","121.55072021484375","121.55072021484375","","",""
"84616","","","","187.51123046875","187.51123046875","187.51123046875","","","","121.9942855834961","121.9942855834961","121.9942855834961","165.8603057861328","165.8603057861328","165.8603057861328"
"84872","","","","186.5860137939453","186.5860137939453","186.5860137939453","","","","","","","168.4828643798828","168.4828643798828","168.4828643798828"
"85128","","","","186.3577117919922","186.3577117919922","186.3577117919922","","","","","","","170.62904357910156","170.62904357910156","170.62904357910156"
"85384","","","","185.64231872558594","185.64231872558594","185.64231872558594","","","","","","","170.43077087402344","170.43077087402344","170.43077087402344"
"85640","99.00589752197266","99.00589752197266","99.00589752197266","","","","","","","122.2997055053711","122.2997055053711","122.2997055053711","172.4474334716797","172.4474334716797","172.4474334716797"
"85896","","","","","","","","","","122.64505767822266","122.64505767822266","122.64505767822266","","",""
"86152","100.28330993652344","100.28330993652344","100.28330993652344","184.64364624023438","184.64364624023438","184.64364624023438","","","","122.63013458251953","122.63013458251953","122.63013458251953","","",""
"86408","","","","186.99185180664062","186.99185180664062","186.99185180664062","","","","","","","172.07435607910156","172.07435607910156","172.07435607910156"
"86920","101.58252716064453","101.58252716064453","101.58252716064453","186.33489990234375","186.33489990234375","186.33489990234375","96.80644989013672","96.80644989013672","96.80644989013672","","","","172.4840545654297","172.4840545654297","172.4840545654297"
"87176","","","","","","","","","","","","","172.22718811035156","172.22718811035156","172.22718811035156"
"87432","","","","","","","","","","122.45519256591797","122.45519256591797","122.45519256591797","172.00607299804688","172.00607299804688","172.00607299804688"
"87688","","","","","","","","","","123.62648010253906","123.62648010253906","123.62648010253906","","",""
"87944","","","","","","","","","","124.9342041015625","124.9342041015625","124.9342041015625","","",""
"88200","102.97175598144531","102.97175598144531","102.97175598144531","","","","","","","125.23165893554688","125.23165893554688","125.23165893554688","172.51487731933594","172.51487731933594","172.51487731933594"
"88456","","","","","","","","","","125.33040618896484","125.33040618896484","125.33040618896484","","",""
"88712","","","","","","","","","","125.6329574584961","125.6329574584961","125.6329574584961","","",""
"88968","","","","","","","","","","125.43106079101562","125.43106079101562","125.43106079101562","","",""
"89224","","","","","","","","","","126.10787963867188","126.10787963867188","126.10787963867188","","",""
"89480","","","","187.97427368164062","187.97427368164062","187.97427368164062","","","","127.06880950927734","127.06880950927734","127.06880950927734","","",""
"89736","","","","","","","","","","127.50472259521484","127.50472259521484","127.50472259521484","171.57794189453125","171.57794189453125","171.57794189453125"
"89992","","","","189.08697509765625","189.08697509765625","189.08697509765625","","","","127.26771545410156","127.26771545410156","127.26771545410156","","",""
"90248","","","","188.1267852783203","188.1267852783203","188.1267852783203","","","","","","","","",""
"90504","","","","187.66238403320312","187.66238403320312","187.66238403320312","","","","","","","","",""
"90760","","","","","","","","","","","","","174.0536346435547","174.0536346435547","174.0536346435547"
"91016","","","","","","","","","","","","","173.9354705810547","173.9354705810547","173.9354705810547"
"91272","106.52449798583984","106.52449798583984","106.52449798583984","188.0850372314453","188.0850372314453","188.0850372314453","","","","127.22734832763672","127.22734832763672","127.22734832763672","","",""
"91528","","","","","","","","","","127.37944793701172","127.37944793701172","127.37944793701172","176.68331909179688","176.68331909179688","176.68331909179688"
"91784","","","","188.1691436767578","188.1691436767578","188.1691436767578","98.35365295410156","98.35365295410156","98.35365295410156","128.23959350585938","128.23959350585938","128.23959350585938","","",""
"92040","","","","","","","","","","128.46331787109375","128.46331787109375","128.46331787109375","","",""
"92296","","","","189.0934600830078","189.0934600830078","189.0934600830078","","","","","","","179.88169860839844","179.88169860839844","179.88169860839844"
"92552","","","","","","","","","","129.03738403320312","129.03738403320312","129.03738403320312","180.04920959472656","180.04920959472656","180.04920959472656"
"92808","","","","","","","","","","","","","182.4535369873047","182.4535369873047","182.4535369873047"
"93064","","","","191.8924560546875","191.8924560546875","191.8924560546875","","","","128.98280334472656","128.98280334472656","128.98280334472656","182.3905029296875","182.3905029296875","182.3905029296875"
"93320","","","","191.8295135498047","191.8295135498047","191.8295135498047","","","","","","","","",""
"93576","","","","","","","","","","129.45570373535156","129.45570373535156","129.45570373535156","","",""
"93832","","","","192.14663696289062","192.14663696289062","192.14663696289062","","","","","","","185.67880249023438","185.67880249023438","185.67880249023438"
"94088","109.35598754882812","109.35598754882812","109.35598754882812","192.72093200683594","192.72093200683594","192.72093200683594","","","","128.56430053710938","128.56430053710938","128.56430053710938","187.76914978027344","187.76914978027344","187.76914978027344"
"94344","111.40361785888672","111.40361785888672","111.40361785888672","192.4867401123047","192.4867401123047","192.4867401123047","","","","129.58987426757812","129.58987426757812","129.58987426757812","190.51614379882812","190.51614379882812","190.51614379882812"
"94600","","","","192.5560302734375","192.5560302734375","192.5560302734375","","","","","","","190.58985900878906","190.58985900878906","190.58985900878906"
"94856","","","","193.34771728515625","193.34771728515625","193.34771728515625","","","","","","","190.5915985107422","190.5915985107422","190.5915985107422"
"95112","","","","","","","","","","131.2231903076172","131.2231903076172","131.2231903076172","193.12551879882812","193.12551879882812","193.12551879882812"
"95368","","","","193.47610473632812","193.47610473632812","193.47610473632812","","","","132.1591033935547","132.1591033935547","132.1591033935547","195.32730102539062","195.32730102539062","195.32730102539062"
"95880","","","","195.45285034179688","195.45285034179688","195.45285034179688","100.11141204833984","100.11141204833984","100.11141204833984","","","","195.53759765625","195.53759765625","195.53759765625"
"96392","","","","195.3116912841797","195.3116912841797","195.3116912841797","100.35590362548828","100.35590362548828","100.35590362548828","132.59487915039062","132.59487915039062","132.59487915039062","","",""
"96648","","","","","","","","","","","","","195.83297729492188","195.83297729492188","195.83297729492188"
"96904","","","","196.0924835205078","196.0924835205078","196.0924835205078","","","","","","","195.8711700439453","195.8711700439453","195.8711700439453"
"97160","","","","","","","","","","132.91896057128906","132.91896057128906","132.91896057128906","","",""
"97416","","","","","","","","","","131.92454528808594","131.92454528808594","131.92454528808594","196.10647583007812","196.10647583007812","196.10647583007812"
"97672","","","","","","","","","","131.77291870117188","131.77291870117188","131.77291870117188","196.433349609375","196.433349609375","196.433349609375"
"97928","","","","198.2305450439453","198.2305450439453","198.2305450439453","","","","","","","","",""
"98696","","","","","","","100.55734252929688","100.55734252929688","100.55734252929688","","","","","",""
"98952","114.51480865478516","114.51480865478516","114.51480865478516","","","","","","","132.89439392089844","132.89439392089844","132.89439392089844","","",""
"99208","","","","200.31056213378906","200.31056213378906","200.31056213378906","","","","","","","","",""
"99720","","","","202.79249572753906","202.79249572753906","202.79249572753906","","","","133.20431518554688","133.20431518554688","133.20431518554688","","",""
"99976","115.59814453125","115.59814453125","115.59814453125","","","","","","","","","","","",""
"100488","","","","","","","","","","","","","195.2716522216797","195.2716522216797","195.2716522216797"
"100744","","","","202.52957153320312","202.52957153320312","202.52957153320312","101.13481140136719","101.13481140136719","101.13481140136719","","","","","",""
"101000","115.71493530273438","115.71493530273438","115.71493530273438","","","","","","","133.93687438964844","133.93687438964844","133.93687438964844","195.66407775878906","195.66407775878906","195.66407775878906"
"101256","","","","","","","103.2055435180664","103.2055435180664","103.2055435180664","","","","195.91323852539062","195.91323852539062","195.91323852539062"
"101512","115.55738830566406","115.55738830566406","115.55738830566406","202.15289306640625","202.15289306640625","202.15289306640625","","","","134.53692626953125","134.53692626953125","134.53692626953125","","",""
"101768","","","","","","","","","","134.6078338623047","134.6078338623047","134.6078338623047","","",""
"102024","","","","201.82229614257812","201.82229614257812","201.82229614257812","","","","","","","","",""
"102280","","","","","","","","","","135.2953338623047","135.2953338623047","135.2953338623047","","",""
"102536","116.54014587402344","116.54014587402344","116.54014587402344","201.3157196044922","201.3157196044922","201.3157196044922","","","","138.21702575683594","138.21702575683594","138.21702575683594","","",""
"102792","","","","","","","","","","138.61587524414062","138.61587524414062","138.61587524414062","","",""
"103048","","","","","","","","","","138.7687225341797","138.7687225341797","138.7687225341797","195.5370330810547","195.5370330810547","195.5370330810547"
"103304","","","","200.51974487304688","200.51974487304688","200.51974487304688","","","","","","","195.68826293945312","195.68826293945312","195.68826293945312"
"103560","","","","202.6852264404297","202.6852264404297","202.6852264404297","","","","139.0338592529297","139.0338592529297","139.0338592529297","","",""
"103816","","","","202.61871337890625","202.61871337890625","202.61871337890625","","","","138.4381561279297","138.4381561279297","138.4381561279297","196.3316192626953","196.3316192626953","196.3316192626953"
"104072","","","","","","","","","","138.86766052246094","138.86766052246094","138.86766052246094","196.8978729248047","196.8978729248047","196.8978729248047"
"104328","","","","202.53677368164062","202.53677368164062","202.53677368164062","","","","138.2449951171875","138.2449951171875","138.2449951171875","","",""
"104584","","","","","","","","","","139.07131958007812","139.07131958007812","139.07131958007812","","",""
"104840","","","","","","","","","","139.21697998046875","139.21697998046875","139.21697998046875","","",""
"105096","","","","","","","","","","140.40367126464844","140.40367126464844","140.40367126464844","196.3926544189453","196.3926544189453","196.3926544189453"
"105608","","","","","","","","","","139.57321166992188","139.57321166992188","139.57321166992188","","",""
"105864","","","","201.30331420898438","201.30331420898438","201.30331420898438","","","","141.4390106201172","141.4390106201172","141.4390106201172","","",""
"106120","","","","200.65689086914062","200.65689086914062","200.65689086914062","","","","141.69888305664062","141.69888305664062","141.69888305664062","","",""
"106376","","","","200.98841857910156","200.98841857910156","200.98841857910156","","","","141.31207275390625","141.31207275390625","141.31207275390625","195.8451385498047","195.8451385498047","195.8451385498047"
"106632","","","","200.80718994140625","200.80718994140625","200.80718994140625","","","","140.52212524414062","140.52212524414062","140.52212524414062","","",""
"107144","","","","200.2361602783203","200.2361602783203","200.2361602783203","","","","140.93539428710938","140.93539428710938","140.93539428710938","","",""
"107400","","","","199.0844268798828","199.0844268798828","199.0844268798828","","","","","","","198.15863037109375","198.15863037109375","198.15863037109375"
"107656","","","","","","","","","","","","","198.92041015625","198.92041015625","198.92041015625"
"107912","","","","199.379150390625","199.379150390625","199.379150390625","104.63028717041016","104.63028717041016","104.63028717041016","140.28085327148438","140.28085327148438","140.28085327148438","202.0593719482422","202.0593719482422","202.0593719482422"
"108168","","","","","","","","","","","","","204.74525451660156","204.74525451660156","204.74525451660156"
"108424","","","","199.6804656982422","199.6804656982422","199.6804656982422","","","","","","","","",""
"108680","","","","198.47262573242188","198.47262573242188","198.47262573242188","","","","140.507568359375","140.507568359375","140.507568359375","205.91616821289062","205.91616821289062","205.91616821289062"
"108936","","","","","","","","","","","","","205.45823669433594","205.45823669433594","205.45823669433594"
"109192","","","","","","","","","","","","","205.44198608398438","205.44198608398438","205.44198608398438"
"109448","","","","197.76467895507812","197.76467895507812","197.76467895507812","","","","","","","","",""
"109704","","","","197.63421630859375","197.63421630859375","197.63421630859375","","","","","","","","",""
"110216","","","","","","","","","","","","","204.95082092285156","204.95082092285156","204.95082092285156"
"110472","","","","","","","105.65852355957031","105.65852355957031","105.65852355957031","140.7802276611328","140.7802276611328","140.7802276611328","205.48745727539062","205.48745727539062","205.48745727539062"
"110728","","","","196.97325134277344","196.97325134277344","196.97325134277344","","","","","","","","",""
"110984","","","","197.0166015625","197.0166015625","197.0166015625","","","","140.287841796875","140.287841796875","140.287841796875","","",""
"111496","","","","195.77317810058594","195.77317810058594","195.77317810058594","","","","","","","","",""
"112008","","","","195.32809448242188","195.32809448242188","195.32809448242188","","","","","","","","",""
"112264","","","","194.87022399902344","194.87022399902344","194.87022399902344","","","","139.42845153808594","139.42845153808594","139.42845153808594","","",""
"112776","116.487548828125","116.487548828125","116.487548828125","193.93145751953125","193.93145751953125","193.93145751953125","","","","","","","","",""
"113032","","","","193.75042724609375","193.75042724609375","193.75042724609375","","","","139.54043579101562","139.54043579101562","139.54043579101562","204.4464874267578","204.4464874267578","204.4464874267578"
"113288","","","","194.1941375732422","194.1941375732422","194.1941375732422","","","","","","","204.0076141357422","204.0076141357422","204.0076141357422"
"113544","","","","193.24337768554688","193.24337768554688","193.24337768554688","106.95004272460938","106.95004272460938","106.95004272460938","","","","205.2322998046875","205.2322998046875","205.2322998046875"
"113800","","","","","","","","","","140.07688903808594","140.07688903808594","140.07688903808594","","",""
"114056","","","","193.51475524902344","193.51475524902344","193.51475524902344","","","","","","","","",""
"114312","","","","193.42027282714844","193.42027282714844","193.42027282714844","","","","","","","207.79122924804688","207.79122924804688","207.79122924804688"
"114568","","","","195.07383728027344","195.07383728027344","195.07383728027344","","","","","","","208.23684692382812","208.23684692382812","208.23684692382812"
"114824","","","","194.6249237060547","194.6249237060547","194.6249237060547","108.92481994628906","108.92481994628906","108.92481994628906","","","","207.9033203125","207.9033203125","207.9033203125"
"115080","","","","194.79214477539062","194.79214477539062","194.79214477539062","","","","","","","207.6414031982422","207.6414031982422","207.6414031982422"
"115336","","","","194.240478515625","194.240478515625","194.240478515625","","","","140.9705810546875","140.9705810546875","140.9705810546875","207.02513122558594","207.02513122558594","207.02513122558594"
"115592","","","","193.50656127929688","193.50656127929688","193.50656127929688","","","","140.99546813964844","140.99546813964844","140.99546813964844","","",""
"115848","116.64437103271484","116.64437103271484","116.64437103271484","192.75498962402344","192.75498962402344","192.75498962402344","","","","","","","206.64175415039062","206.64175415039062","206.64175415039062"
"116104","","","","193.2949981689453","193.2949981689453","193.2949981689453","","","","","","","","",""
"116360","","","","192.56399536132812","192.56399536132812","192.56399536132812","","","","","","","","",""
"116616","","","","192.5545654296875","192.5545654296875","192.5545654296875","","","","","","","","",""
"116872","","","","","","","","","","141.1391143798828","141.1391143798828","141.1391143798828","205.99862670898438","205.99862670898438","205.99862670898438"
"117128","","","","","","","","","","140.94827270507812","140.94827270507812","140.94827270507812","","",""
"117384","","","","","","","","","","","","","207.6915740966797","207.6915740966797","207.6915740966797"
"117640","","","","192.66519165039062","192.66519165039062","192.66519165039062","","","","","","","","",""
"117896","","","","","","","","","","","","","207.63633728027344","207.63633728027344","207.63633728027344"
"118152","","","","","","","","","","142.35348510742188","142.35348510742188","142.35348510742188","207.1029510498047","207.1029510498047","207.1029510498047"
"118664","","","","192.37208557128906","192.37208557128906","192.37208557128906","","","","","","","","",""
"119176","","","","191.9683380126953","191.9683380126953","191.9683380126953","","","","","","","","",""
"119432","","","","","","","","","","142.64926147460938","142.64926147460938","142.64926147460938","208.4683380126953","208.4683380126953","208.4683380126953"
"119688","","","","194.26638793945312","194.26638793945312","194.26638793945312","110.23773193359375","110.23773193359375","110.23773193359375","","","","","",""
"119944","","","","194.0267791748047","194.0267791748047","194.0267791748047","","","","145.786376953125","145.786376953125","145.786376953125","","",""
"120200","","","","194.1775665283203","194.1775665283203","194.1775665283203","","","","145.93527221679688","145.93527221679688","145.93527221679688","","",""
"120456","","","","","","","","","","","","","207.2423553466797","207.2423553466797","207.2423553466797"
"120712","","","","193.67152404785156","193.67152404785156","193.67152404785156","","","","145.67788696289062","145.67788696289062","145.67788696289062","","",""
"120968","","","","","","","","","","145.43507385253906","145.43507385253906","145.43507385253906","","",""
"121224","","","","193.61378479003906","193.61378479003906","193.61378479003906","","","","146.656494140625","146.656494140625","146.656494140625","208.78167724609375","208.78167724609375","208.78167724609375"
"121480","119.02023315429688","119.02023315429688","119.02023315429688","193.21498107910156","193.21498107910156","193.21498107910156","","","","146.44174194335938","146.44174194335938","146.44174194335938","","",""
"121736","","","","193.91604614257812","193.91604614257812","193.91604614257812","","","","","","","","",""
"121992","","","","194.11431884765625","194.11431884765625","194.11431884765625","","","","146.7361602783203","146.7361602783203","146.7361602783203","","",""
"122248","","","","","","","","","","","","","208.4447021484375","208.4447021484375","208.4447021484375"
"122504","123.63787841796875","123.63787841796875","123.63787841796875","194.21522521972656","194.21522521972656","194.21522521972656","111.57102966308594","111.57102966308594","111.57102966308594","","","","","",""
"122760","","","","","","","","","","","","","208.24085998535156","208.24085998535156","208.24085998535156"
"123016","","","","193.98025512695312","193.98025512695312","193.98025512695312","","","","","","","211.1028594970703","211.1028594970703","211.1028594970703"
"123272","","","","","","","","","","146.94793701171875","146.94793701171875","146.94793701171875","210.8114776611328","210.8114776611328","210.8114776611328"
"123528","","","","194.50819396972656","194.50819396972656","194.50819396972656","","","","","","","210.85267639160156","210.85267639160156","210.85267639160156"
"123784","123.93636322021484","123.93636322021484","123.93636322021484","","","","","","","146.58274841308594","146.58274841308594","146.58274841308594","211.09425354003906","211.09425354003906","211.09425354003906"
"124040","","","","","","","","","","","","","211.0103302001953","211.0103302001953","211.0103302001953"
"124296","","","","","","","","","","147.65798950195312","147.65798950195312","147.65798950195312","212.59559631347656","212.59559631347656","212.59559631347656"
"124808","","","","","","","","","","147.83287048339844","147.83287048339844","147.83287048339844","","",""
"125064","","","","193.88970947265625","193.88970947265625","193.88970947265625","","","","148.64710998535156","148.64710998535156","148.64710998535156","","",""
"125320","","","","194.57611083984375","194.57611083984375","194.57611083984375","","","","149.16453552246094","149.16453552246094","149.16453552246094","212.37034606933594","212.37034606933594","212.37034606933594"
"125576","","","","","","","","","","149.5927734375","149.5927734375","149.5927734375","","",""
"125832","","","","194.0126495361328","194.0126495361328","194.0126495361328","","","","149.1922607421875","149.1922607421875","149.1922607421875","216.30026245117188","216.30026245117188","216.30026245117188"
"126088","","","","193.13296508789062","193.13296508789062","193.13296508789062","","","","148.6022491455078","148.6022491455078","148.6022491455078","215.4203338623047","215.4203338623047","215.4203338623047"
"126344","","","","192.34042358398438","192.34042358398438","192.34042358398438","","","","149.1478271484375","149.1478271484375","149.1478271484375","218.9522247314453","218.9522247314453","218.9522247314453"
"126600","","","","","","","","","","149.1949005126953","149.1949005126953","149.1949005126953","220.93276977539062","220.93276977539062","220.93276977539062"
"126856","","","","192.52224731445312","192.52224731445312","192.52224731445312","","","","","","","220.4684295654297","220.4684295654297","220.4684295654297"
"127112","","","","191.4855194091797","191.4855194091797","191.4855194091797","","","","","","","","",""
"127368","","","","190.7091522216797","190.7091522216797","190.7091522216797","114.4953384399414","114.4953384399414","114.4953384399414","","","","","",""
"127624","","","","190.13778686523438","190.13778686523438","190.13778686523438","","","","","","","224.13604736328125","224.13604736328125","224.13604736328125"
"127880","","","","","","","","","","149.7667694091797","149.7667694091797","149.7667694091797","","",""
"128136","126.45344543457031","126.45344543457031","126.45344543457031","","","","","","","","","","224.11720275878906","224.11720275878906","224.11720275878906"
"128392","","","","","","","","","","","","","225.87155151367188","225.87155151367188","225.87155151367188"
"128648","","","","190.3877716064453","190.3877716064453","190.3877716064453","","","","149.256103515625","149.256103515625","149.256103515625","","",""
"128904","","","","189.64529418945312","189.64529418945312","189.64529418945312","","","","151.2706298828125","151.2706298828125","151.2706298828125","","",""
"129160","","","","","","","114.46080780029297","114.46080780029297","114.46080780029297","151.5082550048828","151.5082550048828","151.5082550048828","","",""
"129416","","","","189.07492065429688","189.07492065429688","189.07492065429688","","","","","","","","",""
"129672","","","","193.5501251220703","193.5501251220703","193.5501251220703","","","","153.44342041015625","153.44342041015625","153.44342041015625","225.51893615722656","225.51893615722656","225.51893615722656"
"129928","","","","","","","","","","154.2258758544922","154.2258758544922","154.2258758544922","224.31451416015625","224.31451416015625","224.31451416015625"
"130184","","","","193.18795776367188","193.18795776367188","193.18795776367188","","","","","","","","",""
"130440","","","","","","","","","","155.80636596679688","155.80636596679688","155.80636596679688","","",""
"130696","","","","193.48997497558594","193.48997497558594","193.48997497558594","","","","","","","","",""
"130952","","","","","","","","","","156.72457885742188","156.72457885742188","156.72457885742188","","",""
"131208","","","","","","","","","","156.63262939453125","156.63262939453125","156.63262939453125","","",""
"131464","","","","","","","","","","156.6723175048828","156.6723175048828","156.6723175048828","","",""
"131976","","","","","","","","","","156.64747619628906","156.64747619628906","156.64747619628906","223.27471923828125","223.27471923828125","223.27471923828125"
"132232","","","","","","","118.56841278076172","118.56841278076172","118.56841278076172","","","","222.52728271484375","222.52728271484375","222.52728271484375"
"132488","","","","194.51206970214844","194.51206970214844","194.51206970214844","","","","","","","221.82470703125","221.82470703125","221.82470703125"
"133000","129.93093872070312","129.93093872070312","129.93093872070312","","","","","","","","","","","",""
"133256","","","","","","","","","","156.16600036621094","156.16600036621094","156.16600036621094","","",""
"133512","","","","193.95697021484375","193.95697021484375","193.95697021484375","","","","","","","222.5911407470703","222.5911407470703","222.5911407470703"
"133768","","","","198.4115447998047","198.4115447998047","198.4115447998047","","","","","","","221.90370178222656","221.90370178222656","221.90370178222656"
"134024","","","","","","","","","","","","","222.12062072753906","222.12062072753906","222.12062072753906"
"134280","","","","198.88967895507812","198.88967895507812","198.88967895507812","122.19953918457031","122.19953918457031","122.19953918457031","","","","221.49630737304688","221.49630737304688","221.49630737304688"
"134536","","","","199.55657958984375","199.55657958984375","199.55657958984375","","","","","","","","",""
"134792","","","","200.47515869140625","200.47515869140625","200.47515869140625","","","","","","","221.73719787597656","221.73719787597656","221.73719787597656"
"135048","","","","201.4114227294922","201.4114227294922","201.4114227294922","","","","157.3992919921875","157.3992919921875","157.3992919921875","222.48886108398438","222.48886108398438","222.48886108398438"
"135304","","","","","","","","","","","","","222.2075958251953","222.2075958251953","222.2075958251953"
"135560","134.28848266601562","134.28848266601562","134.28848266601562","","","","","","","","","","221.75404357910156","221.75404357910156","221.75404357910156"
"136072","","","","","","","","","","158.16217041015625","158.16217041015625","158.16217041015625","221.6223907470703","221.6223907470703","221.6223907470703"
"136328","","","","","","","","","","157.8875732421875","157.8875732421875","157.8875732421875","","",""
"136584","","","","","","","","","","158.2030029296875","158.2030029296875","158.2030029296875","","",""
"137096","","","","","","","124.65513610839844","124.65513610839844","124.65513610839844","","","","","",""
"137352","","","","","","","","","","158.376708984375","158.376708984375","158.376708984375","","",""
"137864","","","","201.0358428955078","201.0358428955078","201.0358428955078","124.41732025146484","124.41732025146484","124.41732025146484","","","","220.00355529785156","220.00355529785156","220.00355529785156"
"138376","","","","200.8759002685547","200.8759002685547","200.8759002685547","","","","158.4779510498047","158.4779510498047","158.4779510498047","","",""
"138632","","","","","","","","","","158.92971801757812","158.92971801757812","158.92971801757812","218.64959716796875","218.64959716796875","218.64959716796875"
"138888","","","","","","","","","","","","","218.48472595214844","218.48472595214844","218.48472595214844"
"139144","","","","206.001953125","206.001953125","206.001953125","","","","","","","219.188720703125","219.188720703125","219.188720703125"
"139400","","","","206.69644165039062","206.69644165039062","206.69644165039062","","","","160.56561279296875","160.56561279296875","160.56561279296875","219.05763244628906","219.05763244628906","219.05763244628906"
"139656","","","","","","","","","","161.7872314453125","161.7872314453125","161.7872314453125","219.7377166748047","219.7377166748047","219.7377166748047"
"140168","","","","206.2506561279297","206.2506561279297","206.2506561279297","","","","","","","219.44786071777344","219.44786071777344","219.44786071777344"
"140424","","","","","","","","","","","","","218.21380615234375","218.21380615234375","218.21380615234375"
"140680","","","","","","","","","","","","","219.1394805908203","219.1394805908203","219.1394805908203"
"141192","","","","","","","","","","162.007568359375","162.007568359375","162.007568359375","","",""
"141448","","","","204.80911254882812","204.80911254882812","204.80911254882812","","","","","","","219.60885620117188","219.60885620117188","219.60885620117188"
"141704","","","","207.923095703125","207.923095703125","207.923095703125","","","","","","","219.06683349609375","219.06683349609375","219.06683349609375"
"141960","","","","","","","","","","","","","218.60650634765625","218.60650634765625","218.60650634765625"
"142216","","","","207.46926879882812","207.46926879882812","207.46926879882812","","","","161.73904418945312","161.73904418945312","161.73904418945312","218.33164978027344","218.33164978027344","218.33164978027344"
"142472","","","","","","","","","","161.334716796875","161.334716796875","161.334716796875","","",""
"142728","","","","","","","","","","","","","217.44058227539062","217.44058227539062","217.44058227539062"
"142984","","","","206.3019256591797","206.3019256591797","206.3019256591797","","","","161.57891845703125","161.57891845703125","161.57891845703125","217.5525360107422","217.5525360107422","217.5525360107422"
"143240","","","","","","","","","","","","","218.3551483154297","218.3551483154297","218.3551483154297"
"143496","","","","","","","","","","","","","217.9142303466797","217.9142303466797","217.9142303466797"
"143752","","","","","","","","","","","","","217.1262969970703","217.1262969970703","217.1262969970703"
"144008","","","","","","","","","","","","","217.21298217773438","217.21298217773438","217.21298217773438"
"144264","","","","","","","","","","161.92042541503906","161.92042541503906","161.92042541503906","","",""
"145032","","","","","","","","","","161.5110626220703","161.5110626220703","161.5110626220703","219.46995544433594","219.46995544433594","219.46995544433594"
"145288","","","","","","","","","","162.1501007080078","162.1501007080078","162.1501007080078","","",""
"145800","","","","209.7886505126953","209.7886505126953","209.7886505126953","","","","","","","219.13233947753906","219.13233947753906","219.13233947753906"
"146056","","","","","","","","","","","","","216.6590118408203","216.6590118408203","216.6590118408203"
"146312","","","","220.4121856689453","220.4121856689453","220.4121856689453","","","","","","","216.13589477539062","216.13589477539062","216.13589477539062"
"146568","","","","220.2764434814453","220.2764434814453","220.2764434814453","","","","","","","","",""
"146824","","","","","","","","","","","","","218.6208953857422","218.6208953857422","218.6208953857422"
"147080","","","","","","","","","","161.81961059570312","161.81961059570312","161.81961059570312","","",""
"147336","","","","219.47674560546875","219.47674560546875","219.47674560546875","","","","","","","218.18470764160156","218.18470764160156","218.18470764160156"
"147592","","","","218.01173400878906","218.01173400878906","218.01173400878906","","","","161.72225952148438","161.72225952148438","161.72225952148438","219.1653289794922","219.1653289794922","219.1653289794922"
"147848","","","","","","","","","","161.2860870361328","161.2860870361328","161.2860870361328","217.8943634033203","217.8943634033203","217.8943634033203"
"148104","","","","219.25204467773438","219.25204467773438","219.25204467773438","","","","160.28831481933594","160.28831481933594","160.28831481933594","217.65292358398438","217.65292358398438","217.65292358398438"
"148360","","","","219.22134399414062","219.22134399414062","219.22134399414062","","","","","","","","",""
"148616","134.64776611328125","134.64776611328125","134.64776611328125","217.95567321777344","217.95567321777344","217.95567321777344","","","","159.8719940185547","159.8719940185547","159.8719940185547","217.1912078857422","217.1912078857422","217.1912078857422"
"148872","","","","217.69830322265625","217.69830322265625","217.69830322265625","","","","","","","","",""
"149128","","","","217.5529022216797","217.5529022216797","217.5529022216797","","","","","","","216.14328002929688","216.14328002929688","216.14328002929688"
"149384","","","","217.2627716064453","217.2627716064453","217.2627716064453","","","","","","","","",""
"149896","","","","","","","","","","","","","214.93215942382812","214.93215942382812","214.93215942382812"
"150152","","","","217.32977294921875","217.32977294921875","217.32977294921875","","","","","","","","",""
"150408","140.02182006835938","140.02182006835938","140.02182006835938","","","","","","","160.74346923828125","160.74346923828125","160.74346923828125","214.00665283203125","214.00665283203125","214.00665283203125"
"150664","","","","","","","","","","","","","214.075927734375","214.075927734375","214.075927734375"
"151176","","","","","","","129.7122039794922","129.7122039794922","129.7122039794922","","","","","",""
"151432","","","","","","","133.8419952392578","133.8419952392578","133.8419952392578","161.9594268798828","161.9594268798828","161.9594268798828","213.1558380126953","213.1558380126953","213.1558380126953"
"151688","","","","216.379150390625","216.379150390625","216.379150390625","138.04287719726562","138.04287719726562","138.04287719726562","161.51223754882812","161.51223754882812","161.51223754882812","","",""
"151944","","","","","","","","","","161.1465606689453","161.1465606689453","161.1465606689453","","",""
"152200","","","","223.317138671875","223.317138671875","223.317138671875","","","","160.7489471435547","160.7489471435547","160.7489471435547","","",""
"152456","","","","223.06166076660156","223.06166076660156","223.06166076660156","","","","","","","","",""
"152712","","","","222.4379425048828","222.4379425048828","222.4379425048828","","","","","","","212.46939086914062","212.46939086914062","212.46939086914062"
"152968","","","","","","","","","","","","","211.55572509765625","211.55572509765625","211.55572509765625"
"153224","","","","223.73025512695312","223.73025512695312","223.73025512695312","138.3395233154297","138.3395233154297","138.3395233154297","160.44140625","160.44140625","160.44140625","211.5429229736328","211.5429229736328","211.5429229736328"
"153480","","","","223.2281036376953","223.2281036376953","223.2281036376953","","","","","","","","",""
"153736","","","","222.67138671875","222.67138671875","222.67138671875","","","","160.7440643310547","160.7440643310547","160.7440643310547","","",""
"153992","","","","224.45265197753906","224.45265197753906","224.45265197753906","","","","","","","211.9263458251953","211.9263458251953","211.9263458251953"
"154248","","","","226.0818634033203","226.0818634033203","226.0818634033203","","","","","","","","",""
"154760","","","","227.84475708007812","227.84475708007812","227.84475708007812","","","","","","","210.861572265625","210.861572265625","210.861572265625"
"155016","","","","","","","","","","","","","210.7830047607422","210.7830047607422","210.7830047607422"
"155272","","","","227.63743591308594","227.63743591308594","227.63743591308594","","","","","","","208.69436645507812","208.69436645507812","208.69436645507812"
"155528","","","","226.116455078125","226.116455078125","226.116455078125","138.26902770996094","138.26902770996094","138.26902770996094","","","","","",""
"155784","","","","","","","","","","160.90509033203125","160.90509033203125","160.90509033203125","","",""
"156296","","","","","","","","","","160.77133178710938","160.77133178710938","160.77133178710938","","",""
"156808","","","","229.96722412109375","229.96722412109375","229.96722412109375","","","","","","","209.45326232910156","209.45326232910156","209.45326232910156"
"157064","","","","","","","","","","","","","208.82107543945312","208.82107543945312","208.82107543945312"
"157320","","","","233.429931640625","233.429931640625","233.429931640625","","","","","","","","",""
"157576","","","","","","","","","","161.7958221435547","161.7958221435547","161.7958221435547","207.8153076171875","207.8153076171875","207.8153076171875"
"157832","","","","233.26634216308594","233.26634216308594","233.26634216308594","","","","162.7005157470703","162.7005157470703","162.7005157470703","209.205078125","209.205078125","209.205078125"
"158088","","","","","","","","","","161.78257751464844","161.78257751464844","161.78257751464844","","",""
"158344","","","","232.18235778808594","232.18235778808594","232.18235778808594","","","","161.406982421875","161.406982421875","161.406982421875","208.2812042236328","208.2812042236328","208.2812042236328"
"158600","","","","233.39083862304688","233.39083862304688","233.39083862304688","","","","161.52883911132812","161.52883911132812","161.52883911132812","","",""
"158856","","","","232.5579833984375","232.5579833984375","232.5579833984375","","","","","","","","",""
"159368","","","","232.4998016357422","232.4998016357422","232.4998016357422","","","","162.21397399902344","162.21397399902344","162.21397399902344","","",""
"159624","","","","231.8333282470703","231.8333282470703","231.8333282470703","","","","","","","","",""
"159880","","","","230.66639709472656","230.66639709472656","230.66639709472656","","","","","","","","",""
"160136","","","","230.45867919921875","230.45867919921875","230.45867919921875","","","","163.42929077148438","163.42929077148438","163.42929077148438","","",""
"160392","","","","230.1929473876953","230.1929473876953","230.1929473876953","","","","163.23587036132812","163.23587036132812","163.23587036132812","","",""
"160648","","","","229.80685424804688","229.80685424804688","229.80685424804688","","","","","","","207.9105987548828","207.9105987548828","207.9105987548828"
"161160","","","","234.20510864257812","234.20510864257812","234.20510864257812","","","","","","","","",""
"161416","146.10092163085938","146.10092163085938","146.10092163085938","","","","","","","164.21031188964844","164.21031188964844","164.21031188964844","206.6444854736328","206.6444854736328","206.6444854736328"
"161672","","","","","","","","","","163.9697265625","163.9697265625","163.9697265625","","",""
"161928","147.25460815429688","147.25460815429688","147.25460815429688","233.75506591796875","233.75506591796875","233.75506591796875","","","","163.87290954589844","163.87290954589844","163.87290954589844","","",""
"162184","","","","","","","","","","164.06686401367188","164.06686401367188","164.06686401367188","208.10543823242188","208.10543823242188","208.10543823242188"
"162440","","","","234.2529296875","234.2529296875","234.2529296875","","","","","","","","",""
"162696","","","","","","","","","","163.93878173828125","163.93878173828125","163.93878173828125","207.67784118652344","207.67784118652344","207.67784118652344"
"162952","","","","","","","","","","164.0812225341797","164.0812225341797","164.0812225341797","","",""
"163464","","","","234.65982055664062","234.65982055664062","234.65982055664062","138.481689453125","138.481689453125","138.481689453125","","","","206.58169555664062","206.58169555664062","206.58169555664062"
"163976","","","","235.15907287597656","235.15907287597656","235.15907287597656","","","","","","","","",""
"164232","","","","","","","139.038818359375","139.038818359375","139.038818359375","164.54718017578125","164.54718017578125","164.54718017578125","208.6027069091797","208.6027069091797","208.6027069091797"
"164488","","","","","","","","","","166.88473510742188","166.88473510742188","166.88473510742188","","",""
"165000","","","","240.01528930664062","240.01528930664062","240.01528930664062","","","","","","","","",""
"165256","","","","","","","","","","166.53097534179688","166.53097534179688","166.53097534179688","","",""
"165512","","","","239.7298583984375","239.7298583984375","239.7298583984375","","","","165.59225463867188","165.59225463867188","165.59225463867188","210.27151489257812","210.27151489257812","210.27151489257812"
"165768","","","","","","","","","","","","","209.3310546875","209.3310546875","209.3310546875"
"166024","","","","239.9027099609375","239.9027099609375","239.9027099609375","138.61915588378906","138.61915588378906","138.61915588378906","","","","211.45350646972656","211.45350646972656","211.45350646972656"
"166280","","","","241.56808471679688","241.56808471679688","241.56808471679688","","","","","","","210.69058227539062","210.69058227539062","210.69058227539062"
"166536","","","","241.16233825683594","241.16233825683594","241.16233825683594","","","","","","","","",""
"166792","","","","242.0403594970703","242.0403594970703","242.0403594970703","","","","","","","211.8212432861328","211.8212432861328","211.8212432861328"
"167048","152.84893798828125","152.84893798828125","152.84893798828125","","","","","","","","","","213.7179412841797","213.7179412841797","213.7179412841797"
"167304","","","","242.0584259033203","242.0584259033203","242.0584259033203","","","","","","","","",""
"167560","152.35545349121094","152.35545349121094","152.35545349121094","","","","","","","","","","214.51681518554688","214.51681518554688","214.51681518554688"
"167816","","","","241.22691345214844","241.22691345214844","241.22691345214844","","","","165.01719665527344","165.01719665527344","165.01719665527344","","",""
"168072","","","","","","","","","","","","","216.27003479003906","216.27003479003906","216.27003479003906"
"168328","","","","241.1561737060547","241.1561737060547","241.1561737060547","","","","167.20614624023438","167.20614624023438","167.20614624023438","217.77134704589844","217.77134704589844","217.77134704589844"
"168584","","","","239.37423706054688","239.37423706054688","239.37423706054688","","","","166.97181701660156","166.97181701660156","166.97181701660156","","",""
"168840","159.002685546875","159.002685546875","159.002685546875","","","","","","","167.66880798339844","167.66880798339844","167.66880798339844","","",""
"169096","","","","","","","143.48641967773438","143.48641967773438","143.48641967773438","167.36898803710938","167.36898803710938","167.36898803710938","216.7427520751953","216.7427520751953","216.7427520751953"
"169352","","","","240.06881713867188","240.06881713867188","240.06881713867188","","","","167.2338104248047","167.2338104248047","167.2338104248047","214.6767120361328","214.6767120361328","214.6767120361328"
"169608","","","","","","","","","","168.1833038330078","168.1833038330078","168.1833038330078","","",""
"169864","","","","239.3245391845703","239.3245391845703","239.3245391845703","149.95616149902344","149.95616149902344","149.95616149902344","167.54400634765625","167.54400634765625","167.54400634765625","","",""
"170120","","","","239.02423095703125","239.02423095703125","239.02423095703125","","","","","","","","",""
"170376","","","","","","","155.34774780273438","155.34774780273438","155.34774780273438","","","","","",""
"170632","","","","","","","160.6575469970703","160.6575469970703","160.6575469970703","167.89710998535156","167.89710998535156","167.89710998535156","213.74197387695312","213.74197387695312","213.74197387695312"
"170888","","","","239.80804443359375","239.80804443359375","239.80804443359375","167.055908203125","167.055908203125","167.055908203125","","","","","",""
"171144","168.20521545410156","168.20521545410156","168.20521545410156","243.11099243164062","243.11099243164062","243.11099243164062","","","","168.42710876464844","168.42710876464844","168.42710876464844","","",""
"171400","","","","","","","","","","","","","212.85435485839844","212.85435485839844","212.85435485839844"
"171656","","","","","","","166.46011352539062","166.46011352539062","166.46011352539062","167.86013793945312","167.86013793945312","167.86013793945312","211.9049530029297","211.9049530029297","211.9049530029297"
"171912","","","","246.38064575195312","246.38064575195312","246.38064575195312","","","","","","","211.41331481933594","211.41331481933594","211.41331481933594"
"172168","","","","245.87098693847656","245.87098693847656","245.87098693847656","174.21299743652344","174.21299743652344","174.21299743652344","","","","213.87753295898438","213.87753295898438","213.87753295898438"
"172424","","","","","","","","","","","","","214.99948120117188","214.99948120117188","214.99948120117188"
"172680","","","","","","","","","","168.24855041503906","168.24855041503906","168.24855041503906","","",""
"172936","","","","248.53285217285156","248.53285217285156","248.53285217285156","","","","","","","","",""
"173192","","","","","","","184.72769165039062","184.72769165039062","184.72769165039062","168.27638244628906","168.27638244628906","168.27638244628906","","",""
"173448","","","","","","","191.2707061767578","191.2707061767578","191.2707061767578","168.16835021972656","168.16835021972656","168.16835021972656","219.46115112304688","219.46115112304688","219.46115112304688"
"173704","","","","247.0679473876953","247.0679473876953","247.0679473876953","197.55628967285156","197.55628967285156","197.55628967285156","","","","221.76803588867188","221.76803588867188","221.76803588867188"
"173960","","","","","","","203.08360290527344","203.08360290527344","203.08360290527344","","","","","",""
"174216","","","","","","","","","","167.72959899902344","167.72959899902344","167.72959899902344","223.98992919921875","223.98992919921875","223.98992919921875"
"174472","","","","246.4307098388672","246.4307098388672","246.4307098388672","","","","166.8668670654297","166.8668670654297","166.8668670654297","225.73731994628906","225.73731994628906","225.73731994628906"
"174728","","","","","","","204.43031311035156","204.43031311035156","204.43031311035156","166.29917907714844","166.29917907714844","166.29917907714844","","",""
"174984","","","","","","","","","","166.2482147216797","166.2482147216797","166.2482147216797","225.4115447998047","225.4115447998047","225.4115447998047"
"175240","","","","","","","209.5078887939453","209.5078887939453","209.5078887939453","","","","","",""
"175496","174.06222534179688","174.06222534179688","174.06222534179688","","","","214.2430419921875","214.2430419921875","214.2430419921875","","","","227.9893341064453","227.9893341064453","227.9893341064453"
"175752","180.17886352539062","180.17886352539062","180.17886352539062","","","","218.95162963867188","218.95162963867188","218.95162963867188","","","","","",""
"176264","","","","","","","","","","","","","227.5637664794922","227.5637664794922","227.5637664794922"
"176776","","","","","","","223.60452270507812","223.60452270507812","223.60452270507812","","","","","",""
"177032","","","","","","","229.37608337402344","229.37608337402344","229.37608337402344","167.10752868652344","167.10752868652344","167.10752868652344","","",""
"177288","","","","","","","","","","172.04856872558594","172.04856872558594","172.04856872558594","","",""
"177800","183.2859344482422","183.2859344482422","183.2859344482422","","","","233.92835998535156","233.92835998535156","233.92835998535156","","","","","",""
"178056","","","","","","","237.23065185546875","237.23065185546875","237.23065185546875","172.3400421142578","172.3400421142578","172.3400421142578","","",""
"178312","","","","","","","","","","172.2118377685547","172.2118377685547","172.2118377685547","226.26739501953125","226.26739501953125","226.26739501953125"
"178568","","","","244.49659729003906","244.49659729003906","244.49659729003906","","","","","","","","",""
"178824","","","","244.30247497558594","244.30247497558594","244.30247497558594","243.13560485839844","243.13560485839844","243.13560485839844","171.7069549560547","171.7069549560547","171.7069549560547","227.5447998046875","227.5447998046875","227.5447998046875"
"179080","","","","243.25643920898438","243.25643920898438","243.25643920898438","","","","173.65370178222656","173.65370178222656","173.65370178222656","","",""
"179592","","","","242.8648223876953","242.8648223876953","242.8648223876953","248.93711853027344","248.93711853027344","248.93711853027344","","","","227.76962280273438","227.76962280273438","227.76962280273438"
"179848","188.80238342285156","188.80238342285156","188.80238342285156","243.0326690673828","243.0326690673828","243.0326690673828","","","","174.51177978515625","174.51177978515625","174.51177978515625","226.3924102783203","226.3924102783203","226.3924102783203"
"180104","","","","","","","","","","","","","228.63156127929688","228.63156127929688","228.63156127929688"
"180872","193.746337890625","193.746337890625","193.746337890625","","","","","","","","","","","",""
"181128","","","","244.7335662841797","244.7335662841797","244.7335662841797","","","","174.4149627685547","174.4149627685547","174.4149627685547","228.8599395751953","228.8599395751953","228.8599395751953"
"181384","","","","","","","254.91966247558594","254.91966247558594","254.91966247558594","173.84974670410156","173.84974670410156","173.84974670410156","228.12857055664062","228.12857055664062","228.12857055664062"
"181640","","","","","","","259.2136535644531","259.2136535644531","259.2136535644531","","","","226.58067321777344","226.58067321777344","226.58067321777344"
"181896","","","","","","","257.0976257324219","257.0976257324219","257.0976257324219","","","","227.7337188720703","227.7337188720703","227.7337188720703"
"182152","","","","","","","","","","173.48133850097656","173.48133850097656","173.48133850097656","","",""
"182408","199.64170837402344","199.64170837402344","199.64170837402344","","","","","","","","","","227.56491088867188","227.56491088867188","227.56491088867188"
"182664","","","","","","","","","","172.9884490966797","172.9884490966797","172.9884490966797","226.5642852783203","226.5642852783203","226.5642852783203"
"182920","","","","","","","261.72119140625","261.72119140625","261.72119140625","172.5424346923828","172.5424346923828","172.5424346923828","228.44091796875","228.44091796875","228.44091796875"
"183176","","","","","","","","","","171.8678436279297","171.8678436279297","171.8678436279297","227.8544158935547","227.8544158935547","227.8544158935547"
"183432","","","","","","","","","","173.55970764160156","173.55970764160156","173.55970764160156","229.2284393310547","229.2284393310547","229.2284393310547"
"183688","","","","","","","","","","174.05979919433594","174.05979919433594","174.05979919433594","229.6388397216797","229.6388397216797","229.6388397216797"
"183944","","","","","","","265.04571533203125","265.04571533203125","265.04571533203125","","","","229.96180725097656","229.96180725097656","229.96180725097656"
"184200","","","","","","","","","","","","","229.64259338378906","229.64259338378906","229.64259338378906"
"184456","","","","","","","","","","173.82208251953125","173.82208251953125","173.82208251953125","","",""
"184712","","","","","","","270.23211669921875","270.23211669921875","270.23211669921875","","","","231.76861572265625","231.76861572265625","231.76861572265625"
"185224","205.8345489501953","205.8345489501953","205.8345489501953","","","","","","","","","","228.69044494628906","228.69044494628906","228.69044494628906"
"185480","","","","","","","275.7947998046875","275.7947998046875","275.7947998046875","174.25433349609375","174.25433349609375","174.25433349609375","229.71788024902344","229.71788024902344","229.71788024902344"
"185992","","","","","","","","","","173.70419311523438","173.70419311523438","173.70419311523438","230.4568328857422","230.4568328857422","230.4568328857422"
"186248","","","","243.89276123046875","243.89276123046875","243.89276123046875","","","","","","","234.4531707763672","234.4531707763672","234.4531707763672"
"186504","","","","","","","274.1813659667969","274.1813659667969","274.1813659667969","177.6267547607422","177.6267547607422","177.6267547607422","234.92019653320312","234.92019653320312","234.92019653320312"
"186760","211.9539794921875","211.9539794921875","211.9539794921875","242.9824676513672","242.9824676513672","242.9824676513672","","","","177.1360321044922","177.1360321044922","177.1360321044922","236.37571716308594","236.37571716308594","236.37571716308594"
"187016","216.9486846923828","216.9486846923828","216.9486846923828","242.14080810546875","242.14080810546875","242.14080810546875","","","","","","","","",""
"187272","222.25067138671875","222.25067138671875","222.25067138671875","241.81797790527344","241.81797790527344","241.81797790527344","276.7630920410156","276.7630920410156","276.7630920410156","176.640869140625","176.640869140625","176.640869140625","235.9042510986328","235.9042510986328","235.9042510986328"
"187528","","","","241.12294006347656","241.12294006347656","241.12294006347656","","","","","","","236.23744201660156","236.23744201660156","236.23744201660156"
"188808","","","","","","","","","","","","","235.97349548339844","235.97349548339844","235.97349548339844"
"189064","","","","240.35696411132812","240.35696411132812","240.35696411132812","","","","","","","234.19918823242188","234.19918823242188","234.19918823242188"
"189320","","","","","","","","","","","","","241.105712890625","241.105712890625","241.105712890625"
"189576","","","","","","","","","","","","","239.8809051513672","239.8809051513672","239.8809051513672"
"189832","","","","","","","282.6751708984375","282.6751708984375","282.6751708984375","176.6395263671875","176.6395263671875","176.6395263671875","238.218994140625","238.218994140625","238.218994140625"
"190088","229.16256713867188","229.16256713867188","229.16256713867188","","","","287.4844665527344","287.4844665527344","287.4844665527344","","","","","",""
"190344","","","","239.290283203125","239.290283203125","239.290283203125","","","","","","","","",""
"191112","235.09405517578125","235.09405517578125","235.09405517578125","","","","","","","","","","","",""
"191368","","","","","","","293.62908935546875","293.62908935546875","293.62908935546875","175.87271118164062","175.87271118164062","175.87271118164062","","",""
"191624","","","","","","","","","","175.4850311279297","175.4850311279297","175.4850311279297","","",""
"192136","","","","","","","","","","","","","238.0398406982422","238.0398406982422","238.0398406982422"
"192392","","","","241.5296630859375","241.5296630859375","241.5296630859375","","","","175.49452209472656","175.49452209472656","175.49452209472656","236.2102813720703","236.2102813720703","236.2102813720703"
"192648","","","","242.6586456298828","242.6586456298828","242.6586456298828","","","","175.8789825439453","175.8789825439453","175.8789825439453","","",""
"192904","246.62640380859375","246.62640380859375","246.62640380859375","","","","297.8468933105469","297.8468933105469","297.8468933105469","","","","","",""
"193160","","","","242.16416931152344","242.16416931152344","242.16416931152344","","","","","","","236.0532684326172","236.0532684326172","236.0532684326172"
"193672","","","","243.8384552001953","243.8384552001953","243.8384552001953","","","","","","","236.25534057617188","236.25534057617188","236.25534057617188"
"193928","252.7098846435547","252.7098846435547","252.7098846435547","","","","","","","","","","237.71437072753906","237.71437072753906","237.71437072753906"
"194184","","","","242.58645629882812","242.58645629882812","242.58645629882812","303.9657897949219","303.9657897949219","303.9657897949219","179.2498016357422","179.2498016357422","179.2498016357422","","",""
"194696","261.07293701171875","261.07293701171875","261.07293701171875","","","","320.1640930175781","320.1640930175781","320.1640930175781","","","","237.79444885253906","237.79444885253906","237.79444885253906"
"194952","266.9189758300781","266.9189758300781","266.9189758300781","241.28475952148438","241.28475952148438","241.28475952148438","317.7330322265625","317.7330322265625","317.7330322265625","","","","","",""
"195208","","","","","","","","","","178.71334838867188","178.71334838867188","178.71334838867188","240.33192443847656","240.33192443847656","240.33192443847656"
"195464","","","","","","","","","","178.36007690429688","178.36007690429688","178.36007690429688","","",""
"195720","273.0999450683594","273.0999450683594","273.0999450683594","242.08680725097656","242.08680725097656","242.08680725097656","","","","177.70751953125","177.70751953125","177.70751953125","238.96495056152344","238.96495056152344","238.96495056152344"
"195976","","","","","","","322.69940185546875","322.69940185546875","322.69940185546875","","","","239.2342071533203","239.2342071533203","239.2342071533203"
"196232","","","","241.30706787109375","241.30706787109375","241.30706787109375","","","","181.74192810058594","181.74192810058594","181.74192810058594","","",""
"196488","","","","","","","327.1223449707031","327.1223449707031","327.1223449707031","","","","239.4903106689453","239.4903106689453","239.4903106689453"
"196744","","","","","","","","","","","","","237.92977905273438","237.92977905273438","237.92977905273438"
"197000","280.1248474121094","280.1248474121094","280.1248474121094","","","","","","","","","","","",""
"197256","285.4820556640625","285.4820556640625","285.4820556640625","244.0685272216797","244.0685272216797","244.0685272216797","","","","183.4870147705078","183.4870147705078","183.4870147705078","","",""
"197512","294.47613525390625","294.47613525390625","294.47613525390625","242.96282958984375","242.96282958984375","242.96282958984375","","","","184.31871032714844","184.31871032714844","184.31871032714844","","",""
"197768","","","","242.77427673339844","242.77427673339844","242.77427673339844","","","","","","","","",""
"198536","","","","","","","332.5834045410156","332.5834045410156","332.5834045410156","","","","","",""
"198792","","","","242.2176055908203","242.2176055908203","242.2176055908203","336.4367980957031","336.4367980957031","336.4367980957031","","","","","",""
"199048","300.61517333984375","300.61517333984375","300.61517333984375","242.08526611328125","242.08526611328125","242.08526611328125","","","","","","","","",""
"199304","306.15399169921875","306.15399169921875","306.15399169921875","","","","","","","","","","238.990966796875","238.990966796875","238.990966796875"
"199560","","","","241.896240234375","241.896240234375","241.896240234375","340.5244140625","340.5244140625","340.5244140625","184.16595458984375","184.16595458984375","184.16595458984375","","",""
"199816","","","","243.22450256347656","243.22450256347656","243.22450256347656","","","","185.1470489501953","185.1470489501953","185.1470489501953","","",""
"200072","","","","244.2415313720703","244.2415313720703","244.2415313720703","344.9559020996094","344.9559020996094","344.9559020996094","","","","","",""
"200328","","","","243.70822143554688","243.70822143554688","243.70822143554688","","","","","","","239.22137451171875","239.22137451171875","239.22137451171875"
"200584","","","","242.76829528808594","242.76829528808594","242.76829528808594","","","","","","","238.86788940429688","238.86788940429688","238.86788940429688"
"200840","","","","","","","342.7509765625","342.7509765625","342.7509765625","190.50900268554688","190.50900268554688","190.50900268554688","237.57041931152344","237.57041931152344","237.57041931152344"
"201096","","","","","","","","","","","","","239.9807891845703","239.9807891845703","239.9807891845703"
"201352","","","","247.31553649902344","247.31553649902344","247.31553649902344","","","","","","","","",""
"201608","312.48089599609375","312.48089599609375","312.48089599609375","","","","","","","","","","237.04412841796875","237.04412841796875","237.04412841796875"
"201864","318.9826354980469","318.9826354980469","318.9826354980469","","","","","","","","","","235.9430389404297","235.9430389404297","235.9430389404297"
"202120","","","","","","","348.856201171875","348.856201171875","348.856201171875","","","","234.54953002929688","234.54953002929688","234.54953002929688"
"202376","","","","246.46046447753906","246.46046447753906","246.46046447753906","","","","","","","234.6001739501953","234.6001739501953","234.6001739501953"
"202632","","","","247.06878662109375","247.06878662109375","247.06878662109375","353.0052185058594","353.0052185058594","353.0052185058594","191.7448272705078","191.7448272705078","191.7448272705078","235.68338012695312","235.68338012695312","235.68338012695312"
"202888","","","","","","","","","","191.35047912597656","191.35047912597656","191.35047912597656","","",""
"203144","325.3330078125","325.3330078125","325.3330078125","","","","","","","","","","","",""
"203400","","","","246.91854858398438","246.91854858398438","246.91854858398438","357.5518798828125","357.5518798828125","357.5518798828125","","","","","",""
"203656","","","","246.08338928222656","246.08338928222656","246.08338928222656","357.4515075683594","357.4515075683594","357.4515075683594","191.7097625732422","191.7097625732422","191.7097625732422","237.7050018310547","237.7050018310547","237.7050018310547"
"203912","337.8689880371094","337.8689880371094","337.8689880371094","245.3865509033203","245.3865509033203","245.3865509033203","360.8749084472656","360.8749084472656","360.8749084472656","","","","237.35784912109375","237.35784912109375","237.35784912109375"
"204168","","","","","","","","","","191.7056427001953","191.7056427001953","191.7056427001953","","",""
"204424","","","","","","","","","","192.51565551757812","192.51565551757812","192.51565551757812","238.29684448242188","238.29684448242188","238.29684448242188"
"204680","","","","","","","370.7822265625","370.7822265625","370.7822265625","","","","","",""
"204936","","","","","","","374.7043762207031","374.7043762207031","374.7043762207031","","","","","",""
"205192","343.9754638671875","343.9754638671875","343.9754638671875","","","","372.10943603515625","372.10943603515625","372.10943603515625","192.22683715820312","192.22683715820312","192.22683715820312","","",""
"205448","350.1385803222656","350.1385803222656","350.1385803222656","246.581298828125","246.581298828125","246.581298828125","380.2005310058594","380.2005310058594","380.2005310058594","","","","","",""
"205704","","","","246.8357696533203","246.8357696533203","246.8357696533203","","","","191.6691436767578","191.6691436767578","191.6691436767578","239.0458221435547","239.0458221435547","239.0458221435547"
"206216","","","","246.84124755859375","246.84124755859375","246.84124755859375","","","","","","","237.85548400878906","237.85548400878906","237.85548400878906"
"206472","356.5897521972656","356.5897521972656","356.5897521972656","","","","","","","","","","238.57020568847656","238.57020568847656","238.57020568847656"
"206728","354.81591796875","354.81591796875","354.81591796875","","","","","","","191.72561645507812","191.72561645507812","191.72561645507812","","",""
"206984","","","","250.5814666748047","250.5814666748047","250.5814666748047","390.6237487792969","390.6237487792969","390.6237487792969","193.396240234375","193.396240234375","193.396240234375","237.37335205078125","237.37335205078125","237.37335205078125"
"207240","366.1446533203125","366.1446533203125","366.1446533203125","250.8396453857422","250.8396453857422","250.8396453857422","394.5721740722656","394.5721740722656","394.5721740722656","","","","","",""
"207496","","","","","","","399.9773864746094","399.9773864746094","399.9773864746094","","","","","",""
"207752","","","","","","","397.3142395019531","397.3142395019531","397.3142395019531","193.371826171875","193.371826171875","193.371826171875","235.29208374023438","235.29208374023438","235.29208374023438"
"208008","","","","250.94078063964844","250.94078063964844","250.94078063964844","403.03741455078125","403.03741455078125","403.03741455078125","","","","235.69126892089844","235.69126892089844","235.69126892089844"
"208264","","","","250.56222534179688","250.56222534179688","250.56222534179688","","","","","","","","",""
"208520","367.2076416015625","367.2076416015625","367.2076416015625","","","","408.1552734375","408.1552734375","408.1552734375","198.39871215820312","198.39871215820312","198.39871215820312","234.23220825195312","234.23220825195312","234.23220825195312"
"208776","","","","","","","","","","","","","232.183837890625","232.183837890625","232.183837890625"
"209032","371.2868957519531","371.2868957519531","371.2868957519531","","","","409.6315002441406","409.6315002441406","409.6315002441406","","","","","",""
"209288","","","","","","","419.3141174316406","419.3141174316406","419.3141174316406","","","","","",""
"209544","","","","","","","","","","","","","232.4333953857422","232.4333953857422","232.4333953857422"
"209800","","","","250.52227783203125","250.52227783203125","250.52227783203125","","","","","","","","",""
"210056","376.76123046875","376.76123046875","376.76123046875","","","","","","","198.70166015625","198.70166015625","198.70166015625","","",""
"210312","381.8846435546875","381.8846435546875","381.8846435546875","","","","423.6438293457031","423.6438293457031","423.6438293457031","","","","233.12152099609375","233.12152099609375","233.12152099609375"
"210568","","","","","","","","","","198.3944091796875","198.3944091796875","198.3944091796875","","",""
"210824","","","","","","","429.46478271484375","429.46478271484375","429.46478271484375","198.22280883789062","198.22280883789062","198.22280883789062","230.70193481445312","230.70193481445312","230.70193481445312"
"211080","386.56829833984375","386.56829833984375","386.56829833984375","","","","","","","","","","230.45388793945312","230.45388793945312","230.45388793945312"
"211336","","","","252.71514892578125","252.71514892578125","252.71514892578125","444.45611572265625","444.45611572265625","444.45611572265625","","","","230.9752655029297","230.9752655029297","230.9752655029297"
"211592","391.7999572753906","391.7999572753906","391.7999572753906","","","","448.7384948730469","448.7384948730469","448.7384948730469","","","","","",""
"211848","","","","","","","458.6611328125","458.6611328125","458.6611328125","","","","","",""
"212104","397.3445739746094","397.3445739746094","397.3445739746094","","","","","","","199.8611297607422","199.8611297607422","199.8611297607422","","",""
"212360","408.4049987792969","408.4049987792969","408.4049987792969","","","","","","","199.11782836914062","199.11782836914062","199.11782836914062","229.99249267578125","229.99249267578125","229.99249267578125"
"212616","","","","","","","463.70794677734375","463.70794677734375","463.70794677734375","","","","","",""
"212872","","","","","","","468.8269958496094","468.8269958496094","468.8269958496094","198.5013885498047","198.5013885498047","198.5013885498047","","",""
"213128","","","","","","","469.54901123046875","469.54901123046875","469.54901123046875","","","","","",""
"213384","","","","","","","475.12237548828125","475.12237548828125","475.12237548828125","197.8759002685547","197.8759002685547","197.8759002685547","","",""
"213640","","","","252.02964782714844","252.02964782714844","252.02964782714844","475.0735778808594","475.0735778808594","475.0735778808594","200.6847381591797","200.6847381591797","200.6847381591797","229.618408203125","229.618408203125","229.618408203125"
"213896","","","","","","","","","","201.74659729003906","201.74659729003906","201.74659729003906","","",""
"214152","","","","","","","474.3193664550781","474.3193664550781","474.3193664550781","203.5376739501953","203.5376739501953","203.5376739501953","","",""
"214408","","","","","","","476.2699890136719","476.2699890136719","476.2699890136719","208.57269287109375","208.57269287109375","208.57269287109375","230.74118041992188","230.74118041992188","230.74118041992188"
"214664","","","","","","","","","","212.32232666015625","212.32232666015625","212.32232666015625","","",""
"214920","","","","","","","478.703857421875","478.703857421875","478.703857421875","","","","229.47848510742188","229.47848510742188","229.47848510742188"
"215176","411.15155029296875","411.15155029296875","411.15155029296875","","","","482.5928039550781","482.5928039550781","482.5928039550781","","","","","",""
"215432","","","","","","","","","","211.61370849609375","211.61370849609375","211.61370849609375","228.92013549804688","228.92013549804688","228.92013549804688"
"215688","411.78033447265625","411.78033447265625","411.78033447265625","","","","489.8450927734375","489.8450927734375","489.8450927734375","","","","","",""
"215944","","","","","","","","","","","","","228.2752227783203","228.2752227783203","228.2752227783203"
"216200","415.1717224121094","415.1717224121094","415.1717224121094","","","","488.78253173828125","488.78253173828125","488.78253173828125","212.1864776611328","212.1864776611328","212.1864776611328","","",""
"216712","","","","","","","496.265625","496.265625","496.265625","","","","","",""
"216968","412.8590393066406","412.8590393066406","412.8590393066406","","","","498.32354736328125","498.32354736328125","498.32354736328125","215.2997283935547","215.2997283935547","215.2997283935547","229.5116424560547","229.5116424560547","229.5116424560547"
"217224","415.2151794433594","415.2151794433594","415.2151794433594","","","","","","","","","","","",""
"217480","","","","","","","","","","","","","228.43362426757812","228.43362426757812","228.43362426757812"
"217736","","","","257.50762939453125","257.50762939453125","257.50762939453125","","","","215.11805725097656","215.11805725097656","215.11805725097656","226.27403259277344","226.27403259277344","226.27403259277344"
"217992","420.65716552734375","420.65716552734375","420.65716552734375","","","","","","","","","","","",""
"218504","","","","","","","496.19146728515625","496.19146728515625","496.19146728515625","215.39627075195312","215.39627075195312","215.39627075195312","","",""
"218760","","","","","","","501.16851806640625","501.16851806640625","501.16851806640625","","","","","",""
"219016","","","","","","","","","","","","","226.28082275390625","226.28082275390625","226.28082275390625"
"219272","418.00103759765625","418.00103759765625","418.00103759765625","","","","","","","","","","","",""
"219528","","","","","","","499.0318908691406","499.0318908691406","499.0318908691406","216.28802490234375","216.28802490234375","216.28802490234375","","",""
"219784","","","","","","","","","","216.02406311035156","216.02406311035156","216.02406311035156","","",""
"220040","","","","","","","","","","","","","224.9859161376953","224.9859161376953","224.9859161376953"
"220296","416.4657287597656","416.4657287597656","416.4657287597656","257.5403137207031","257.5403137207031","257.5403137207031","","","","217.14022827148438","217.14022827148438","217.14022827148438","","",""
"220552","","","","","","","","","","","","","224.12026977539062","224.12026977539062","224.12026977539062"
"220808","","","","","","","497.08746337890625","497.08746337890625","497.08746337890625","","","","","",""
"221064","","","","266.78167724609375","266.78167724609375","266.78167724609375","495.1281433105469","495.1281433105469","495.1281433105469","","","","","",""
"221320","413.2642822265625","413.2642822265625","413.2642822265625","","","","","","","","","","224.36741638183594","224.36741638183594","224.36741638183594"
"221576","","","","","","","498.1360168457031","498.1360168457031","498.1360168457031","220.0753631591797","220.0753631591797","220.0753631591797","","",""
"221832","410.45794677734375","410.45794677734375","410.45794677734375","265.68389892578125","265.68389892578125","265.68389892578125","","","","218.91864013671875","218.91864013671875","218.91864013671875","","",""
"222088","","","","","","","502.1998596191406","502.1998596191406","502.1998596191406","","","","224.65081787109375","224.65081787109375","224.65081787109375"
"222344","","","","","","","498.6177673339844","498.6177673339844","498.6177673339844","224.51942443847656","224.51942443847656","224.51942443847656","","",""
"222600","","","","","","","","","","229.28561401367188","229.28561401367188","229.28561401367188","224.90538024902344","224.90538024902344","224.90538024902344"
"222856","","","","267.5577392578125","267.5577392578125","267.5577392578125","","","","","","","","",""
"223112","","","","","","","","","","","","","225.37229919433594","225.37229919433594","225.37229919433594"
"223368","416.3289489746094","416.3289489746094","416.3289489746094","","","","","","","","","","226.34866333007812","226.34866333007812","226.34866333007812"
"223624","","","","","","","501.9654846191406","501.9654846191406","501.9654846191406","228.78602600097656","228.78602600097656","228.78602600097656","","",""
"223880","","","","","","","509.7496337890625","509.7496337890625","509.7496337890625","","","","","",""
"224136","414.2938537597656","414.2938537597656","414.2938537597656","266.3130798339844","266.3130798339844","266.3130798339844","","","","","","","","",""
"224392","","","","","","","506.4244689941406","506.4244689941406","506.4244689941406","228.33648681640625","228.33648681640625","228.33648681640625","229.02395629882812","229.02395629882812","229.02395629882812"
"224648","","","","","","","","","","227.19862365722656","227.19862365722656","227.19862365722656","227.99501037597656","227.99501037597656","227.99501037597656"
"225160","","","","","","","509.92919921875","509.92919921875","509.92919921875","","","","227.95301818847656","227.95301818847656","227.95301818847656"
"225672","","","","","","","508.1057434082031","508.1057434082031","508.1057434082031","","","","226.8772430419922","226.8772430419922","226.8772430419922"
"226184","","","","","","","","","","226.69232177734375","226.69232177734375","226.69232177734375","","",""
"226440","","","","267.02203369140625","267.02203369140625","267.02203369140625","","","","","","","228.13706970214844","228.13706970214844","228.13706970214844"
"226696","","","","","","","","","","","","","227.2740936279297","227.2740936279297","227.2740936279297"
"227208","420.8165283203125","420.8165283203125","420.8165283203125","","","","","","","","","","","",""
"227464","","","","","","","508.0603942871094","508.0603942871094","508.0603942871094","226.78997802734375","226.78997802734375","226.78997802734375","226.46253967285156","226.46253967285156","226.46253967285156"
"227720","","","","","","","","","","226.88583374023438","226.88583374023438","226.88583374023438","","",""
"227976","417.86029052734375","417.86029052734375","417.86029052734375","","","","","","","","","","225.35513305664062","225.35513305664062","225.35513305664062"
"228232","423.197021484375","423.197021484375","423.197021484375","268.2496643066406","268.2496643066406","268.2496643066406","","","","226.2776641845703","226.2776641845703","226.2776641845703","","",""
"228488","","","","270.3371887207031","270.3371887207031","270.3371887207031","","","","","","","226.6576690673828","226.6576690673828","226.6576690673828"
"229000","","","","","","","512.750732421875","512.750732421875","512.750732421875","","","","","",""
"229256","","","","","","","510.0843505859375","510.0843505859375","510.0843505859375","","","","226.4560089111328","226.4560089111328","226.4560089111328"
"229512","","","","","","","","","","225.4461212158203","225.4461212158203","225.4461212158203","227.19552612304688","227.19552612304688","227.19552612304688"
"229768","429.8592529296875","429.8592529296875","429.8592529296875","","","","","","","","","","228.79257202148438","228.79257202148438","228.79257202148438"
"230024","436.3561096191406","436.3561096191406","436.3561096191406","272.5384216308594","272.5384216308594","272.5384216308594","","","","224.30758666992188","224.30758666992188","224.30758666992188","","",""
"230280","437.0603942871094","437.0603942871094","437.0603942871094","","","","","","","223.93968200683594","223.93968200683594","223.93968200683594","","",""
"230536","","","","273.9662780761719","273.9662780761719","273.9662780761719","","","","223.324462890625","223.324462890625","223.324462890625","","",""
"230792","","","","","","","","","","227.41937255859375","227.41937255859375","227.41937255859375","","",""
"231048","","","","","","","","","","230.41946411132812","230.41946411132812","230.41946411132812","","",""
"231304","","","","274.3315734863281","274.3315734863281","274.3315734863281","508.335693359375","508.335693359375","508.335693359375","","","","228.1366424560547","228.1366424560547","228.1366424560547"
"231560","438.4294128417969","438.4294128417969","438.4294128417969","276.0487976074219","276.0487976074219","276.0487976074219","","","","236.79408264160156","236.79408264160156","236.79408264160156","","",""
"232328","","","","","","","","","","","","","228.1931610107422","228.1931610107422","228.1931610107422"
"232584","439.347412109375","439.347412109375","439.347412109375","","","","","","","242.2645263671875","242.2645263671875","242.2645263671875","","",""
"232840","439.0922546386719","439.0922546386719","439.0922546386719","","","","","","","241.5723419189453","241.5723419189453","241.5723419189453","","",""
"233096","","","","","","","","","","244.36265563964844","244.36265563964844","244.36265563964844","228.64524841308594","228.64524841308594","228.64524841308594"
"233352","","","","275.0586242675781","275.0586242675781","275.0586242675781","","","","","","","","",""
"233608","441.31365966796875","441.31365966796875","441.31365966796875","","","","","","","247.78390502929688","247.78390502929688","247.78390502929688","","",""
"233864","","","","","","","","","","247.15321350097656","247.15321350097656","247.15321350097656","","",""
"234120","","","","","","","","","","","","","230.55303955078125","230.55303955078125","230.55303955078125"
"234376","","","","","","","503.8097229003906","503.8097229003906","503.8097229003906","246.4525146484375","246.4525146484375","246.4525146484375","","",""
"234888","","","","273.9039306640625","273.9039306640625","273.9039306640625","","","","245.95355224609375","245.95355224609375","245.95355224609375","","",""
"235144","446.7917785644531","446.7917785644531","446.7917785644531","","","","","","","","","","","",""
"235400","","","","279.63275146484375","279.63275146484375","279.63275146484375","","","","","","","","",""
"235912","","","","","","","501.65447998046875","501.65447998046875","501.65447998046875","245.8877716064453","245.8877716064453","245.8877716064453","231.50979614257812","231.50979614257812","231.50979614257812"
"236168","441.0475158691406","441.0475158691406","441.0475158691406","","","","","","","","","","","",""
"236424","","","","","","","","","","","","","232.2864532470703","232.2864532470703","232.2864532470703"
"236680","","","","280.7740173339844","280.7740173339844","280.7740173339844","498.51580810546875","498.51580810546875","498.51580810546875","250.5731658935547","250.5731658935547","250.5731658935547","231.4076690673828","231.4076690673828","231.4076690673828"
"236936","","","","","","","492.145263671875","492.145263671875","492.145263671875","","","","","",""
"237192","","","","","","","","","","250.6708984375","250.6708984375","250.6708984375","","",""
"237704","","","","","","","","","","248.4483184814453","248.4483184814453","248.4483184814453","230.59326171875","230.59326171875","230.59326171875"
"237960","","","","285.9222106933594","285.9222106933594","285.9222106933594","492.3664245605469","492.3664245605469","492.3664245605469","","","","","",""
"238216","446.6360778808594","446.6360778808594","446.6360778808594","","","","","","","","","","","",""
"238472","","","","286.6213073730469","286.6213073730469","286.6213073730469","","","","","","","","",""
"238984","","","","","","","493.57281494140625","493.57281494140625","493.57281494140625","","","","","",""
"239240","","","","","","","499.4446716308594","499.4446716308594","499.4446716308594","","","","","",""
"239496","","","","","","","","","","247.83169555664062","247.83169555664062","247.83169555664062","","",""
"239752","","","","","","","","","","246.96592712402344","246.96592712402344","246.96592712402344","","",""
"240264","","","","289.6629638671875","289.6629638671875","289.6629638671875","","","","","","","","",""
"240520","","","","","","","","","","246.64111328125","246.64111328125","246.64111328125","","",""
"241288","","","","","","","505.609375","505.609375","505.609375","","","","","",""
"241544","","","","","","","500.0633239746094","500.0633239746094","500.0633239746094","250.33883666992188","250.33883666992188","250.33883666992188","","",""
"242056","","","","","","","","","","252.85772705078125","252.85772705078125","252.85772705078125","","",""
"242312","444.69842529296875","444.69842529296875","444.69842529296875","","","","","","","","","","","",""
"243592","","","","","","","496.6784973144531","496.6784973144531","496.6784973144531","","","","","",""
"243848","","","","","","","500.42083740234375","500.42083740234375","500.42083740234375","","","","","",""
"244104","441.55584716796875","441.55584716796875","441.55584716796875","","","","500.98974609375","500.98974609375","500.98974609375","251.6948699951172","251.6948699951172","251.6948699951172","","",""
"244360","445.6363525390625","445.6363525390625","445.6363525390625","290.8922424316406","290.8922424316406","290.8922424316406","","","","","","","","",""
"244616","","","","","","","506.5707702636719","506.5707702636719","506.5707702636719","","","","230.9525909423828","230.9525909423828","230.9525909423828"
"244872","442.6985778808594","442.6985778808594","442.6985778808594","","","","","","","","","","","",""
"245128","439.2972106933594","439.2972106933594","439.2972106933594","","","","505.01171875","505.01171875","505.01171875","","","","","",""
"245640","","","","","","","501.1159973144531","501.1159973144531","501.1159973144531","","","","","",""
"245896","442.6569519042969","442.6569519042969","442.6569519042969","","","","497.8335876464844","497.8335876464844","497.8335876464844","","","","","",""
"246152","","","","293.2938537597656","293.2938537597656","293.2938537597656","","","","250.86732482910156","250.86732482910156","250.86732482910156","","",""
"246408","444.1885070800781","444.1885070800781","444.1885070800781","","","","495.1831970214844","495.1831970214844","495.1831970214844","249.52220153808594","249.52220153808594","249.52220153808594","230.3998260498047","230.3998260498047","230.3998260498047"
"246664","","","","291.65655517578125","291.65655517578125","291.65655517578125","495.8760681152344","495.8760681152344","495.8760681152344","","","","233.3697052001953","233.3697052001953","233.3697052001953"
"247176","","","","","","","492.70751953125","492.70751953125","492.70751953125","254.46868896484375","254.46868896484375","254.46868896484375","","",""
"247944","","","","","","","","","","259.2395935058594","259.2395935058594","259.2395935058594","","",""
"248200","","","","","","","489.1886901855469","489.1886901855469","489.1886901855469","259.4004211425781","259.4004211425781","259.4004211425781","232.37648010253906","232.37648010253906","232.37648010253906"
"248456","","","","292.0685119628906","292.0685119628906","292.0685119628906","487.1203308105469","487.1203308105469","487.1203308105469","","","","232.62782287597656","232.62782287597656","232.62782287597656"
"249224","","","","","","","487.2517395019531","487.2517395019531","487.2517395019531","","","","","",""
"249736","","","","","","","","","","","","","233.38995361328125","233.38995361328125","233.38995361328125"
"249992","","","","","","","484.24072265625","484.24072265625","484.24072265625","","","","","",""
"250248","","","","293.5509338378906","293.5509338378906","293.5509338378906","","","","257.713623046875","257.713623046875","257.713623046875","","",""
"250504","","","","","","","","","","267.6763610839844","267.6763610839844","267.6763610839844","","",""
"250760","","","","","","","490.57171630859375","490.57171630859375","490.57171630859375","","","","","",""
"251016","","","","","","","","","","266.1259460449219","266.1259460449219","266.1259460449219","","",""
"251272","","","","","","","482.283203125","482.283203125","482.283203125","268.71319580078125","268.71319580078125","268.71319580078125","","",""
"252040","","","","","","","484.6053466796875","484.6053466796875","484.6053466796875","273.1626892089844","273.1626892089844","273.1626892089844","","",""
"252296","","","","","","","","","","273.3836975097656","273.3836975097656","273.3836975097656","","",""
"252552","","","","","","","","","","273.1162414550781","273.1162414550781","273.1162414550781","","",""
"253320","440.9998779296875","440.9998779296875","440.9998779296875","","","","","","","","","","","",""
"253576","","","","","","","","","","278.7728576660156","278.7728576660156","278.7728576660156","","",""
"253832","","","","294.47509765625","294.47509765625","294.47509765625","482.3570556640625","482.3570556640625","482.3570556640625","282.34881591796875","282.34881591796875","282.34881591796875","","",""
"254088","","","","293.61444091796875","293.61444091796875","293.61444091796875","","","","281.54937744140625","281.54937744140625","281.54937744140625","","",""
"254600","448.0180358886719","448.0180358886719","448.0180358886719","","","","","","","283.71826171875","283.71826171875","283.71826171875","","",""
"254856","","","","","","","","","","288.7864074707031","288.7864074707031","288.7864074707031","","",""
"255624","","","","","","","","","","","","","236.22259521484375","236.22259521484375","236.22259521484375"
"255880","","","","","","","481.420654296875","481.420654296875","481.420654296875","","","","","",""
"256136","","","","","","","487.2137451171875","487.2137451171875","487.2137451171875","","","","","",""
"256648","","","","","","","","","","294.6275939941406","294.6275939941406","294.6275939941406","","",""
"256904","","","","","","","","","","294.8020935058594","294.8020935058594","294.8020935058594","","",""
"257672","","","","","","","","","","293.2015686035156","293.2015686035156","293.2015686035156","","",""
"258184","445.9983215332031","445.9983215332031","445.9983215332031","296.00457763671875","296.00457763671875","296.00457763671875","","","","","","","","",""
"258440","","","","","","","","","","292.4388427734375","292.4388427734375","292.4388427734375","","",""
"258696","","","","","","","","","","","","","235.5166473388672","235.5166473388672","235.5166473388672"
"259208","452.0461730957031","452.0461730957031","452.0461730957031","","","","","","","","","","","",""
"259464","448.4757385253906","448.4757385253906","448.4757385253906","","","","","","","295.7887878417969","295.7887878417969","295.7887878417969","","",""
"259720","","","","","","","489.0180358886719","489.0180358886719","489.0180358886719","301.7220153808594","301.7220153808594","301.7220153808594","235.13055419921875","235.13055419921875","235.13055419921875"
"260232","","","","295.8677062988281","295.8677062988281","295.8677062988281","","","","","","","234.55462646484375","234.55462646484375","234.55462646484375"
"260488","","","","297.0933837890625","297.0933837890625","297.0933837890625","","","","","","","","",""
"260744","448.3356628417969","448.3356628417969","448.3356628417969","","","","","","","302.8611755371094","302.8611755371094","302.8611755371094","","",""
"261000","515.1206665039062","515.1206665039062","515.1206665039062","","","","","","","","","","","",""
"261512","521.6587524414062","521.6587524414062","521.6587524414062","","","","","","","","","","235.07931518554688","235.07931518554688","235.07931518554688"
"262280","","","","","","","486.7537841796875","486.7537841796875","486.7537841796875","307.44482421875","307.44482421875","307.44482421875","","",""
"262536","","","","","","","","","","306.4760437011719","306.4760437011719","306.4760437011719","","",""
"263304","517.6361083984375","517.6361083984375","517.6361083984375","298.5431213378906","298.5431213378906","298.5431213378906","","","","","","","236.8013458251953","236.8013458251953","236.8013458251953"
"264072","515.376708984375","515.376708984375","515.376708984375","","","","","","","","","","","",""
"264328","","","","","","","486.3330078125","486.3330078125","486.3330078125","","","","","",""
"264584","512.0857543945312","512.0857543945312","512.0857543945312","","","","","","","","","","","",""
"265352","","","","","","","483.75030517578125","483.75030517578125","483.75030517578125","","","","236.68202209472656","236.68202209472656","236.68202209472656"
"265864","","","","","","","482.2399597167969","482.2399597167969","482.2399597167969","304.5784606933594","304.5784606933594","304.5784606933594","","",""
"266120","","","","","","","","","","","","","240.13499450683594","240.13499450683594","240.13499450683594"
"266888","","","","","","","","","","","","","242.3950653076172","242.3950653076172","242.3950653076172"
"267144","519.8428955078125","519.8428955078125","519.8428955078125","","","","","","","","","","","",""
"267400","","","","","","","480.82366943359375","480.82366943359375","480.82366943359375","303.8533935546875","303.8533935546875","303.8533935546875","","",""
"267656","","","","","","","","","","303.23046875","303.23046875","303.23046875","","",""
"268168","","","","","","","","","","","","","242.79991149902344","242.79991149902344","242.79991149902344"
"268424","","","","","","","488.8910827636719","488.8910827636719","488.8910827636719","","","","","",""
"268680","","","","","","","","","","","","","244.36788940429688","244.36788940429688","244.36788940429688"
"268936","","","","303.1287536621094","303.1287536621094","303.1287536621094","488.4140625","488.4140625","488.4140625","","","","244.98126220703125","244.98126220703125","244.98126220703125"
"269448","516.3346557617188","516.3346557617188","516.3346557617188","","","","","","","","","","","",""
"269704","","","","","","","","","","305.48211669921875","305.48211669921875","305.48211669921875","","",""
"269960","","","","","","","494.8200378417969","494.8200378417969","494.8200378417969","","","","","",""
"270216","524.178955078125","524.178955078125","524.178955078125","","","","","","","","","","","",""
"270472","531.772216796875","531.772216796875","531.772216796875","","","","491.01031494140625","491.01031494140625","491.01031494140625","","","","","",""
"271496","538.3460693359375","538.3460693359375","538.3460693359375","","","","504.467529296875","504.467529296875","504.467529296875","304.61712646484375","304.61712646484375","304.61712646484375","","",""
"272008","546.2520751953125","546.2520751953125","546.2520751953125","","","","508.91204833984375","508.91204833984375","508.91204833984375","","","","245.0537872314453","245.0537872314453","245.0537872314453"
"272520","541.8457641601562","541.8457641601562","541.8457641601562","","","","","","","","","","","",""
"273032","","","","304.9533386230469","304.9533386230469","304.9533386230469","","","","","","","","",""
"273288","549.5375366210938","549.5375366210938","549.5375366210938","","","","","","","","","","","",""
"274056","","","","","","","","","","","","","245.1899871826172","245.1899871826172","245.1899871826172"
"274568","552.2509765625","552.2509765625","552.2509765625","","","","505.62738037109375","505.62738037109375","505.62738037109375","","","","","",""
"274824","","","","","","","504.8804931640625","504.8804931640625","504.8804931640625","303.2894592285156","303.2894592285156","303.2894592285156","","",""
"275080","559.4828491210938","559.4828491210938","559.4828491210938","","","","","","","","","","245.29380798339844","245.29380798339844","245.29380798339844"
"275336","","","","","","","504.1502685546875","504.1502685546875","504.1502685546875","303.8013610839844","303.8013610839844","303.8013610839844","","",""
"275592","","","","","","","500.4604187011719","500.4604187011719","500.4604187011719","","","","","",""
"276104","","","","","","","500.8109130859375","500.8109130859375","500.8109130859375","","","","","",""
"276360","557.8253173828125","557.8253173828125","557.8253173828125","304.1980285644531","304.1980285644531","304.1980285644531","","","","","","","","",""
"276616","","","","302.98480224609375","302.98480224609375","302.98480224609375","","","","","","","","",""
"276872","565.2362670898438","565.2362670898438","565.2362670898438","","","","","","","","","","247.0043487548828","247.0043487548828","247.0043487548828"
"277128","","","","","","","499.3531799316406","499.3531799316406","499.3531799316406","","","","","",""
"277384","570.2039184570312","570.2039184570312","570.2039184570312","","","","","","","302.1083068847656","302.1083068847656","302.1083068847656","","",""
"277640","","","","","","","","","","300.72857666015625","300.72857666015625","300.72857666015625","","",""
"278408","","","","","","","497.5797119140625","497.5797119140625","497.5797119140625","306.8296813964844","306.8296813964844","306.8296813964844","","",""
"278664","","","","","","","","","","","","","248.65577697753906","248.65577697753906","248.65577697753906"
"278920","","","","","","","","","","","","","252.01608276367188","252.01608276367188","252.01608276367188"
"279176","","","","","","","505.01104736328125","505.01104736328125","505.01104736328125","","","","","",""
"279688","577.8359375","577.8359375","577.8359375","","","","","","","","","","","",""
"279944","","","","","","","","","","","","","253.41815185546875","253.41815185546875","253.41815185546875"
"280200","573.5909423828125","573.5909423828125","573.5909423828125","301.23626708984375","301.23626708984375","301.23626708984375","","","","305.6595153808594","305.6595153808594","305.6595153808594","","",""
"280456","","","","300.8234558105469","300.8234558105469","300.8234558105469","501.84405517578125","501.84405517578125","501.84405517578125","","","","","",""
"280712","","","","","","","","","","","","","254.78726196289062","254.78726196289062","254.78726196289062"
"280968","","","","","","","","","","304.04559326171875","304.04559326171875","304.04559326171875","","",""
"281480","584.1676635742188","584.1676635742188","584.1676635742188","","","","","","","305.32696533203125","305.32696533203125","305.32696533203125","257.4781188964844","257.4781188964844","257.4781188964844"
"281736","579.5782470703125","579.5782470703125","579.5782470703125","","","","","","","","","","","",""
"281992","593.863525390625","593.863525390625","593.863525390625","","","","","","","","","","","",""
"282248","","","","","","","","","","303.7901916503906","303.7901916503906","303.7901916503906","259.92919921875","259.92919921875","259.92919921875"
"282504","589.2173461914062","589.2173461914062","589.2173461914062","","","","500.63983154296875","500.63983154296875","500.63983154296875","302.2396545410156","302.2396545410156","302.2396545410156","258.2767639160156","258.2767639160156","258.2767639160156"
"283016","","","","","","","","","","","","","256.3546447753906","256.3546447753906","256.3546447753906"
"283272","","","","","","","","","","298.31048583984375","298.31048583984375","298.31048583984375","","",""
"283528","596.3833618164062","596.3833618164062","596.3833618164062","","","","","","","","","","","",""
"283784","592.3977661132812","592.3977661132812","592.3977661132812","","","","","","","296.5525207519531","296.5525207519531","296.5525207519531","","",""
"284040","599.620361328125","599.620361328125","599.620361328125","","","","","","","","","","","",""
"284296","","","","","","","499.3811950683594","499.3811950683594","499.3811950683594","","","","","",""
"284552","606.5704956054688","606.5704956054688","606.5704956054688","","","","","","","","","","","",""
"284808","","","","","","","","","","298.97296142578125","298.97296142578125","298.97296142578125","","",""
"285064","","","","","","","","","","306.2431640625","306.2431640625","306.2431640625","255.1182403564453","255.1182403564453","255.1182403564453"
"285320","","","","","","","","","","","","","255.26361083984375","255.26361083984375","255.26361083984375"
"285576","601.3206176757812","601.3206176757812","601.3206176757812","","","","506.4380798339844","506.4380798339844","506.4380798339844","","","","","",""
"286088","","","","","","","502.05108642578125","502.05108642578125","502.05108642578125","","","","","",""
"286344","615.2993774414062","615.2993774414062","615.2993774414062","","","","501.2252502441406","501.2252502441406","501.2252502441406","","","","","",""
"286600","","","","","","","","","","","","","254.43226623535156","254.43226623535156","254.43226623535156"
"287112","","","","","","","","","","","","","252.9785614013672","252.9785614013672","252.9785614013672"
"287368","613.8049926757812","613.8049926757812","613.8049926757812","","","","","","","","","","","",""
"287624","620.7017822265625","620.7017822265625","620.7017822265625","","","","","","","","","","","",""
"287880","","","","","","","","","","","","","255.23683166503906","255.23683166503906","255.23683166503906"
"289160","","","","","","","501.4992980957031","501.4992980957031","501.4992980957031","","","","","",""
"289416","","","","","","","","","","306.00006103515625","306.00006103515625","306.00006103515625","","",""
"289672","615.6588134765625","615.6588134765625","615.6588134765625","","","","","","","","","","","",""
"290184","","","","","","","","","","","","","253.85072326660156","253.85072326660156","253.85072326660156"
"290440","622.513671875","622.513671875","622.513671875","","","","497.7828674316406","497.7828674316406","497.7828674316406","303.6622619628906","303.6622619628906","303.6622619628906","252.08447265625","252.08447265625","252.08447265625"
"290696","624.320556640625","624.320556640625","624.320556640625","","","","","","","","","","","",""
"290952","","","","","","","","","","304.5254821777344","304.5254821777344","304.5254821777344","255.22476196289062","255.22476196289062","255.22476196289062"
"291208","631.304931640625","631.304931640625","631.304931640625","","","","","","","","","","","",""
"292488","637.7958984375","637.7958984375","637.7958984375","","","","495.32940673828125","495.32940673828125","495.32940673828125","","","","","",""
"292744","644.6696166992188","644.6696166992188","644.6696166992188","","","","496.4129943847656","496.4129943847656","496.4129943847656","","","","","",""
"293256","","","","301.8565368652344","301.8565368652344","301.8565368652344","495.9345703125","495.9345703125","495.9345703125","","","","","",""
"293512","651.3941040039062","651.3941040039062","651.3941040039062","","","","491.8106384277344","491.8106384277344","491.8106384277344","","","","","",""
"293768","","","","","","","489.7559509277344","489.7559509277344","489.7559509277344","309.1740417480469","309.1740417480469","309.1740417480469","","",""
"294024","649.1188354492188","649.1188354492188","649.1188354492188","","","","","","","","","","","",""
"294280","655.6153564453125","655.6153564453125","655.6153564453125","","","","490.4319763183594","490.4319763183594","490.4319763183594","","","","255.37753295898438","255.37753295898438","255.37753295898438"
"294536","","","","","","","","","","317.3701477050781","317.3701477050781","317.3701477050781","","",""
"294792","","","","","","","","","","320.00640869140625","320.00640869140625","320.00640869140625","","",""
"295304","","","","","","","488.812255859375","488.812255859375","488.812255859375","","","","","",""
"295816","","","","","","","486.99517822265625","486.99517822265625","486.99517822265625","","","","","",""
"296328","652.928955078125","652.928955078125","652.928955078125","","","","484.6180725097656","484.6180725097656","484.6180725097656","","","","","",""
"296584","","","","","","","482.82806396484375","482.82806396484375","482.82806396484375","","","","","",""
"296840","","","","","","","479.4653015136719","479.4653015136719","479.4653015136719","","","","","",""
"297096","","","","302.4358825683594","302.4358825683594","302.4358825683594","474.8312072753906","474.8312072753906","474.8312072753906","","","","","",""
"297352","659.635009765625","659.635009765625","659.635009765625","","","","","","","","","","","",""
"298632","654.6275634765625","654.6275634765625","654.6275634765625","","","","","","","327.3341979980469","327.3341979980469","327.3341979980469","","",""
"299144","","","","","","","473.99371337890625","473.99371337890625","473.99371337890625","","","","","",""
"299400","","","","","","","480.8600769042969","480.8600769042969","480.8600769042969","","","","","",""
"299656","","","","301.5486145019531","301.5486145019531","301.5486145019531","","","","","","","","",""
"300168","","","","","","","","","","327.6026916503906","327.6026916503906","327.6026916503906","","",""
"300424","","","","","","","","","","","","","257.5819396972656","257.5819396972656","257.5819396972656"
"300680","658.769775390625","658.769775390625","658.769775390625","","","","","","","","","","","",""
"301448","","","","","","","476.7500305175781","476.7500305175781","476.7500305175781","","","","","",""
"301704","","","","","","","477.039794921875","477.039794921875","477.039794921875","","","","","",""
"301960","655.8035278320312","655.8035278320312","655.8035278320312","","","","","","","","","","","",""
"302216","645.6693725585938","645.6693725585938","645.6693725585938","","","","","","","","","","255.95098876953125","255.95098876953125","255.95098876953125"
"302472","652.4691162109375","652.4691162109375","652.4691162109375","","","","","","","","","","","",""
"302728","","","","","","","475.5931091308594","475.5931091308594","475.5931091308594","","","","","",""
"303496","","","","303.4038391113281","303.4038391113281","303.4038391113281","475.6216735839844","475.6216735839844","475.6216735839844","","","","","",""
"303752","650.3014526367188","650.3014526367188","650.3014526367188","","","","476.6470642089844","476.6470642089844","476.6470642089844","","","","259.0367431640625","259.0367431640625","259.0367431640625"
"304008","645.7645263671875","645.7645263671875","645.7645263671875","","","","","","","","","","264.4328918457031","264.4328918457031","264.4328918457031"
"304264","640.4668579101562","640.4668579101562","640.4668579101562","","","","","","","","","","263.9371337890625","263.9371337890625","263.9371337890625"
"304520","638.7852172851562","638.7852172851562","638.7852172851562","","","","","","","","","","264.6143493652344","264.6143493652344","264.6143493652344"
"305288","","","","","","","","","","","","","267.9681701660156","267.9681701660156","267.9681701660156"
"305544","633.5726318359375","633.5726318359375","633.5726318359375","","","","","","","","","","","",""
"306568","","","","","","","474.7498779296875","474.7498779296875","474.7498779296875","334.07611083984375","334.07611083984375","334.07611083984375","","",""
"306824","","","","","","","","","","","","","267.9661560058594","267.9661560058594","267.9661560058594"
"307336","","","","","","","475.42120361328125","475.42120361328125","475.42120361328125","","","","","",""
"307592","","","","","","","472.6653747558594","472.6653747558594","472.6653747558594","332.01263427734375","332.01263427734375","332.01263427734375","267.4719543457031","267.4719543457031","267.4719543457031"
"308360","","","","","","","","","","340.74566650390625","340.74566650390625","340.74566650390625","","",""
"308616","","","","","","","469.96624755859375","469.96624755859375","469.96624755859375","","","","","",""
"308872","","","","","","","","","","","","","266.5418395996094","266.5418395996094","266.5418395996094"
"310408","","","","","","","","","","339.0453186035156","339.0453186035156","339.0453186035156","","",""
"310920","","","","","","","","","","338.28778076171875","338.28778076171875","338.28778076171875","","",""
"311432","","","","","","","","","","344.8544921875","344.8544921875","344.8544921875","266.39605712890625","266.39605712890625","266.39605712890625"
"311688","","","","","","","","","","343.0998840332031","343.0998840332031","343.0998840332031","","",""
"311944","628.6358642578125","628.6358642578125","628.6358642578125","","","","","","","","","","","",""
"312712","","","","","","","","","","","","","269.3620300292969","269.3620300292969","269.3620300292969"
"312968","","","","","","","","","","","","","270.4908447265625","270.4908447265625","270.4908447265625"
"313224","","","","","","","","","","","","","269.7295837402344","269.7295837402344","269.7295837402344"
"313480","","","","","","","469.1670837402344","469.1670837402344","469.1670837402344","","","","","",""
"313736","","","","","","","","","","","","","268.50164794921875","268.50164794921875","268.50164794921875"
"314248","","","","","","","","","","","","","269.35986328125","269.35986328125","269.35986328125"
"314760","626.3558959960938","626.3558959960938","626.3558959960938","","","","468.276123046875","468.276123046875","468.276123046875","","","","","",""
"315016","","","","","","","","","","","","","272.8924255371094","272.8924255371094","272.8924255371094"
"315528","","","","","","","467.46893310546875","467.46893310546875","467.46893310546875","347.7681579589844","347.7681579589844","347.7681579589844","","",""
"315784","","","","","","","464.3983459472656","464.3983459472656","464.3983459472656","","","","274.60260009765625","274.60260009765625","274.60260009765625"
"316552","","","","","","","462.29913330078125","462.29913330078125","462.29913330078125","356.1097717285156","356.1097717285156","356.1097717285156","273.99560546875","273.99560546875","273.99560546875"
"316808","","","","","","","","","","","","","274.3963317871094","274.3963317871094","274.3963317871094"
"317320","623.2258911132812","623.2258911132812","623.2258911132812","","","","","","","","","","","",""
"317576","","","","","","","","","","","","","273.23895263671875","273.23895263671875","273.23895263671875"
"317832","","","","","","","","","","361.9949645996094","361.9949645996094","361.9949645996094","272.7528991699219","272.7528991699219","272.7528991699219"
"318088","","","","","","","461.6370849609375","461.6370849609375","461.6370849609375","","","","","",""
"318344","","","","","","","","","","","","","270.88140869140625","270.88140869140625","270.88140869140625"
"318600","622.3880615234375","622.3880615234375","622.3880615234375","","","","","","","","","","273.31451416015625","273.31451416015625","273.31451416015625"
"318856","620.7648315429688","620.7648315429688","620.7648315429688","","","","459.1765441894531","459.1765441894531","459.1765441894531","369.4742431640625","369.4742431640625","369.4742431640625","","",""
"319112","","","","","","","","","","","","","272.4404602050781","272.4404602050781","272.4404602050781"
"320648","","","","","","","","","","","","","271.3226318359375","271.3226318359375","271.3226318359375"
"320904","","","","","","","","","","","","","273.0901794433594","273.0901794433594","273.0901794433594"
"321416","","","","","","","459.85546875","459.85546875","459.85546875","","","","","",""
"322184","617.3363647460938","617.3363647460938","617.3363647460938","","","","","","","","","","274.45751953125","274.45751953125","274.45751953125"
"322440","619.6927490234375","619.6927490234375","619.6927490234375","","","","","","","","","","","",""
"322952","","","","","","","","","","","","","273.74859619140625","273.74859619140625","273.74859619140625"
"323464","","","","","","","456.7998352050781","456.7998352050781","456.7998352050781","","","","","",""
"323720","","","","","","","","","","","","","278.5378112792969","278.5378112792969","278.5378112792969"
"323976","","","","","","","","","","366.8572998046875","366.8572998046875","366.8572998046875","","",""
"324744","","","","","","","456.3577575683594","456.3577575683594","456.3577575683594","","","","","",""
"325256","","","","","","","455.6824645996094","455.6824645996094","455.6824645996094","","","","277.1897888183594","277.1897888183594","277.1897888183594"
"325768","","","","","","","","","","","","","280.0958557128906","280.0958557128906","280.0958557128906"
"326024","614.9597778320312","614.9597778320312","614.9597778320312","306.54315185546875","306.54315185546875","306.54315185546875","","","","","","","","",""
"326280","","","","","","","","","","364.4118957519531","364.4118957519531","364.4118957519531","","",""
"326536","","","","","","","","","","365.8395690917969","365.8395690917969","365.8395690917969","281.98553466796875","281.98553466796875","281.98553466796875"
"326792","","","","","","","","","","363.94671630859375","363.94671630859375","363.94671630859375","","",""
"327048","","","","","","","453.17767333984375","453.17767333984375","453.17767333984375","","","","","",""
"327304","","","","","","","","","","","","","280.215087890625","280.215087890625","280.215087890625"
"327560","","","","","","","455.8203430175781","455.8203430175781","455.8203430175781","","","","","",""
"328072","","","","","","","452.3551025390625","452.3551025390625","452.3551025390625","","","","","",""
"328328","","","","","","","","","","","","","280.2138977050781","280.2138977050781","280.2138977050781"
"328584","","","","","","","450.3387145996094","450.3387145996094","450.3387145996094","","","","","",""
"328840","","","","","","","","","","","","","279.8938293457031","279.8938293457031","279.8938293457031"
"329096","","","","","","","447.08587646484375","447.08587646484375","447.08587646484375","376.5172119140625","376.5172119140625","376.5172119140625","278.1521911621094","278.1521911621094","278.1521911621094"
"329352","","","","","","","445.5904846191406","445.5904846191406","445.5904846191406","","","","276.3285217285156","276.3285217285156","276.3285217285156"
"329608","609.985107421875","609.985107421875","609.985107421875","","","","443.35943603515625","443.35943603515625","443.35943603515625","","","","283.9316711425781","283.9316711425781","283.9316711425781"
"330376","","","","","","","447.17669677734375","447.17669677734375","447.17669677734375","","","","284.07470703125","284.07470703125","284.07470703125"
"330632","","","","","","","","","","378.1536560058594","378.1536560058594","378.1536560058594","","",""
"330888","","","","","","","444.7160949707031","444.7160949707031","444.7160949707031","","","","","",""
"331912","","","","","","","443.7960205078125","443.7960205078125","443.7960205078125","","","","","",""
"332424","","","","","","","","","","","","","282.65985107421875","282.65985107421875","282.65985107421875"
"332680","","","","","","","","","","384.88525390625","384.88525390625","384.88525390625","","",""
"332936","","","","","","","442.2078857421875","442.2078857421875","442.2078857421875","","","","","",""
"333192","616.6878051757812","616.6878051757812","616.6878051757812","","","","","","","","","","287.1014709472656","287.1014709472656","287.1014709472656"
"333704","","","","","","","444.4992980957031","444.4992980957031","444.4992980957031","","","","286.04913330078125","286.04913330078125","286.04913330078125"
"333960","","","","","","","442.1326904296875","442.1326904296875","442.1326904296875","","","","","",""
"334216","","","","","","","442.4203796386719","442.4203796386719","442.4203796386719","","","","","",""
"334472","","","","","","","446.04974365234375","446.04974365234375","446.04974365234375","","","","","",""
"334728","623.4579467773438","623.4579467773438","623.4579467773438","","","","","","","","","","","",""
"334984","","","","","","","","","","","","","286.9389343261719","286.9389343261719","286.9389343261719"
"335240","630.6655883789062","630.6655883789062","630.6655883789062","","","","","","","390.5504150390625","390.5504150390625","390.5504150390625","285.8913269042969","285.8913269042969","285.8913269042969"
"335496","626.3158569335938","626.3158569335938","626.3158569335938","","","","","","","","","","287.3675231933594","287.3675231933594","287.3675231933594"
"335752","","","","","","","","","","","","","289.3802795410156","289.3802795410156","289.3802795410156"
"336008","","","","","","","","","","","","","296.42498779296875","296.42498779296875","296.42498779296875"
"336520","633.1304321289062","633.1304321289062","633.1304321289062","","","","","","","387.4598693847656","387.4598693847656","387.4598693847656","","",""
"336776","640.1331787109375","640.1331787109375","640.1331787109375","","","","","","","","","","","",""
"337032","","","","","","","446.6781921386719","446.6781921386719","446.6781921386719","","","","294.7225646972656","294.7225646972656","294.7225646972656"
"337288","642.9354248046875","642.9354248046875","642.9354248046875","","","","","","","","","","300.2192687988281","300.2192687988281","300.2192687988281"
"338056","","","","","","","","","","","","","298.1554260253906","298.1554260253906","298.1554260253906"
"338568","","","","","","","448.8387451171875","448.8387451171875","448.8387451171875","","","","296.00244140625","296.00244140625","296.00244140625"
"338824","","","","","","","452.83880615234375","452.83880615234375","452.83880615234375","","","","","",""
"339080","643.3651733398438","643.3651733398438","643.3651733398438","","","","","","","","","","","",""
"339336","","","","","","","","","","","","","295.7498474121094","295.7498474121094","295.7498474121094"
"339592","","","","","","","450.5751037597656","450.5751037597656","450.5751037597656","","","","","",""
"339848","656.2505493164062","656.2505493164062","656.2505493164062","","","","","","","","","","","",""
"340104","","","","","","","","","","","","","298.6909484863281","298.6909484863281","298.6909484863281"
"340616","","","","","","","","","","","","","298.2301025390625","298.2301025390625","298.2301025390625"
"340872","","","","","","","","","","388.8050842285156","388.8050842285156","388.8050842285156","","",""
"341128","","","","","","","","","","","","","295.9093017578125","295.9093017578125","295.9093017578125"
"341384","","","","","","","","","","","","","294.4336242675781","294.4336242675781","294.4336242675781"
"341640","","","","","","","","","","","","","293.5451965332031","293.5451965332031","293.5451965332031"
"341896","","","","","","","451.72381591796875","451.72381591796875","451.72381591796875","","","","292.0851135253906","292.0851135253906","292.0851135253906"
"343176","","","","","","","","","","","","","290.7080993652344","290.7080993652344","290.7080993652344"
"343688","","","","","","","452.4517517089844","452.4517517089844","452.4517517089844","","","","","",""
"344200","","","","","","","","","","","","","289.8666687011719","289.8666687011719","289.8666687011719"
"344456","","","","","","","","","","","","","288.746826171875","288.746826171875","288.746826171875"
"344712","","","","","","","","","","","","","292.04364013671875","292.04364013671875","292.04364013671875"
"345224","","","","","","","449.32958984375","449.32958984375","449.32958984375","","","","289.8269958496094","289.8269958496094","289.8269958496094"
"345992","","","","","","","451.60162353515625","451.60162353515625","451.60162353515625","","","","292.82177734375","292.82177734375","292.82177734375"
"346504","","","","","","","","","","389.6929626464844","389.6929626464844","389.6929626464844","","",""
"347272","663.01318359375","663.01318359375","663.01318359375","","","","","","","388.7750549316406","388.7750549316406","388.7750549316406","291.24395751953125","291.24395751953125","291.24395751953125"
"348296","","","","","","","","","","","","","289.0253601074219","289.0253601074219","289.0253601074219"
"348552","","","","","","","","","","","","","285.7602233886719","285.7602233886719","285.7602233886719"
"348808","","","","","","","","","","","","","284.1995544433594","284.1995544433594","284.1995544433594"
"349064","","","","","","","449.16546630859375","449.16546630859375","449.16546630859375","390.4424133300781","390.4424133300781","390.4424133300781","","",""
"349320","","","","","","","","","","","","","286.267578125","286.267578125","286.267578125"
"349832","","","","","","","449.28863525390625","449.28863525390625","449.28863525390625","","","","287.8342590332031","287.8342590332031","287.8342590332031"
"350344","669.4072265625","669.4072265625","669.4072265625","","","","","","","","","","","",""
"350600","","","","","","","","","","","","","286.5759582519531","286.5759582519531","286.5759582519531"
"350856","","","","","","","","","","391.2712097167969","391.2712097167969","391.2712097167969","285.5784606933594","285.5784606933594","285.5784606933594"
"351624","","","","","","","450.68218994140625","450.68218994140625","450.68218994140625","","","","","",""
"351880","","","","","","","450.3097839355469","450.3097839355469","450.3097839355469","","","","","",""
"352392","666.3328247070312","666.3328247070312","666.3328247070312","","","","","","","389.27142333984375","389.27142333984375","389.27142333984375","","",""
"353672","661.0501708984375","661.0501708984375","661.0501708984375","","","","","","","386.91937255859375","386.91937255859375","386.91937255859375","","",""
"353928","","","","","","","","","","","","","283.3873596191406","283.3873596191406","283.3873596191406"
"354184","655.7470092773438","655.7470092773438","655.7470092773438","310.82806396484375","310.82806396484375","310.82806396484375","","","","","","","282.0068664550781","282.0068664550781","282.0068664550781"
"355464","","","","","","","","","","383.86248779296875","383.86248779296875","383.86248779296875","","",""
"355720","","","","","","","","","","381.5310363769531","381.5310363769531","381.5310363769531","285.4158020019531","285.4158020019531","285.4158020019531"
"355976","662.3939819335938","662.3939819335938","662.3939819335938","","","","","","","","","","","",""
"357256","","","","","","","449.3732604980469","449.3732604980469","449.3732604980469","","","","","",""
"358536","","","","","","","448.49896240234375","448.49896240234375","448.49896240234375","384.9457702636719","384.9457702636719","384.9457702636719","","",""
"359560","662.3453979492188","662.3453979492188","662.3453979492188","315.65032958984375","315.65032958984375","315.65032958984375","","","","","","","","",""
"360072","","","","","","","","","","384.3692932128906","384.3692932128906","384.3692932128906","284.1019287109375","284.1019287109375","284.1019287109375"
"360328","","","","","","","","","","","","","282.99346923828125","282.99346923828125","282.99346923828125"
"360840","","","","","","","","","","","","","282.09716796875","282.09716796875","282.09716796875"
"361096","","","","319.0452880859375","319.0452880859375","319.0452880859375","","","","381.80206298828125","381.80206298828125","381.80206298828125","280.7196350097656","280.7196350097656","280.7196350097656"
"361352","","","","","","","","","","","","","279.3492736816406","279.3492736816406","279.3492736816406"
"362120","","","","","","","","","","","","","278.2715148925781","278.2715148925781","278.2715148925781"
"362632","","","","","","","","","","","","","277.0582580566406","277.0582580566406","277.0582580566406"
"362888","","","","","","","446.9375","446.9375","446.9375","","","","","",""
"364936","","","","","","","448.0989074707031","448.0989074707031","448.0989074707031","","","","","",""
"365960","","","","","","","","","","","","","280.42333984375","280.42333984375","280.42333984375"
"366216","","","","","","","","","","","","","279.08941650390625","279.08941650390625","279.08941650390625"
"366472","","","","","","","449.8375549316406","449.8375549316406","449.8375549316406","","","","","",""
"366728","","","","","","","455.0294494628906","455.0294494628906","455.0294494628906","","","","","",""
"367496","","","","","","","457.7984924316406","457.7984924316406","457.7984924316406","","","","","",""
"367752","","","","","","","463.5515441894531","463.5515441894531","463.5515441894531","","","","","",""
"368008","","","","","","","468.0694274902344","468.0694274902344","468.0694274902344","","","","","",""
"369544","660.2420043945312","660.2420043945312","660.2420043945312","320.3143310546875","320.3143310546875","320.3143310546875","","","","","","","","",""
"369800","","","","","","","471.3650207519531","471.3650207519531","471.3650207519531","","","","","",""
"372360","","","","","","","473.9718933105469","473.9718933105469","473.9718933105469","","","","278.66162109375","278.66162109375","278.66162109375"
"372872","","","","","","","475.7142333984375","475.7142333984375","475.7142333984375","","","","","",""
"373128","","","","","","","478.44915771484375","478.44915771484375","478.44915771484375","","","","","",""
"373896","","","","","","","477.2837829589844","477.2837829589844","477.2837829589844","","","","","",""
"374152","","","","","","","","","","","","","276.2146301269531","276.2146301269531","276.2146301269531"
"374664","","","","","","","478.1337890625","478.1337890625","478.1337890625","","","","","",""
"374920","","","","","","","482.03863525390625","482.03863525390625","482.03863525390625","","","","","",""
"375432","","","","325.5711975097656","325.5711975097656","325.5711975097656","","","","","","","","",""
"375944","","","","","","","","","","","","","276.3050842285156","276.3050842285156","276.3050842285156"
"376712","","","","","","","481.2203063964844","481.2203063964844","481.2203063964844","","","","","",""
"377224","","","","","","","","","","","","","275.1265563964844","275.1265563964844","275.1265563964844"
"377480","","","","","","","","","","","","","274.47564697265625","274.47564697265625","274.47564697265625"
"377992","","","","","","","","","","386.9247131347656","386.9247131347656","386.9247131347656","273.0604553222656","273.0604553222656","273.0604553222656"
"378504","673.9944458007812","673.9944458007812","673.9944458007812","","","","","","","","","","271.8961486816406","271.8961486816406","271.8961486816406"
"379016","","","","","","","","","","384.9076232910156","384.9076232910156","384.9076232910156","","",""
"379528","","","","","","","","","","382.3111877441406","382.3111877441406","382.3111877441406","280.06390380859375","280.06390380859375","280.06390380859375"
"379784","","","","","","","","","","","","","279.8997497558594","279.8997497558594","279.8997497558594"
"381320","","","","","","","","","","","","","279.44976806640625","279.44976806640625","279.44976806640625"
"381832","","","","332.2906494140625","332.2906494140625","332.2906494140625","481.0690002441406","481.0690002441406","481.0690002441406","","","","","",""
"382344","","","","","","","","","","379.9581604003906","379.9581604003906","379.9581604003906","","",""
"382856","","","","","","","","","","","","","279.1273193359375","279.1273193359375","279.1273193359375"
"384136","679.5984497070312","679.5984497070312","679.5984497070312","","","","","","","","","","","",""
"384648","","","","","","","","","","","","","279.62054443359375","279.62054443359375","279.62054443359375"
"384904","","","","","","","","","","","","","279.12664794921875","279.12664794921875","279.12664794921875"
"385416","","","","339.6882629394531","339.6882629394531","339.6882629394531","","","","","","","","",""
"386696","","","","","","","","","","382.81658935546875","382.81658935546875","382.81658935546875","","",""
"386952","","","","","","","","","","","","","284.29437255859375","284.29437255859375","284.29437255859375"
"387464","","","","","","","","","","","","","284.48052978515625","284.48052978515625","284.48052978515625"
"388232","","","","","","","","","","","","","284.2691345214844","284.2691345214844","284.2691345214844"
"388488","","","","","","","","","","","","","283.5848693847656","283.5848693847656","283.5848693847656"
"389000","","","","","","","","","","","","","281.4640808105469","281.4640808105469","281.4640808105469"
"390024","","","","","","","","","","382.8993225097656","382.8993225097656","382.8993225097656","","",""
"391560","","","","","","","","","","","","","279.0594177246094","279.0594177246094","279.0594177246094"
"393864","","","","","","","","","","385.4835510253906","385.4835510253906","385.4835510253906","","",""
"394888","","","","","","","478.9494323730469","478.9494323730469","478.9494323730469","","","","","",""
"395144","","","","","","","478.7104187011719","478.7104187011719","478.7104187011719","","","","","",""
"395400","","","","347.5703125","347.5703125","347.5703125","","","","","","","","",""
"395912","","","","","","","","","","390.6911315917969","390.6911315917969","390.6911315917969","278.4920959472656","278.4920959472656","278.4920959472656"
"397704","","","","354.507568359375","354.507568359375","354.507568359375","","","","","","","","",""
"397960","","","","","","","","","","","","","277.67626953125","277.67626953125","277.67626953125"
"398216","","","","","","","","","","393.1705017089844","393.1705017089844","393.1705017089844","","",""
"398728","","","","","","","","","","","","","278.8004150390625","278.8004150390625","278.8004150390625"
"399240","","","","","","","475.22119140625","475.22119140625","475.22119140625","","","","","",""
"400776","","","","","","","475.73651123046875","475.73651123046875","475.73651123046875","","","","279.73284912109375","279.73284912109375","279.73284912109375"
"401032","","","","","","","","","","","","","280.4328308105469","280.4328308105469","280.4328308105469"
"401544","","","","","","","474.4729309082031","474.4729309082031","474.4729309082031","","","","","",""
"401800","","","","","","","","","","","","","288.8878173828125","288.8878173828125","288.8878173828125"
"402312","","","","","","","475.48193359375","475.48193359375","475.48193359375","","","","","",""
"403336","","","","361.4129943847656","361.4129943847656","361.4129943847656","","","","","","","","",""
"403592","","","","375.8073425292969","375.8073425292969","375.8073425292969","","","","","","","297.2823486328125","297.2823486328125","297.2823486328125"
"403848","","","","","","","","","","","","","304.9945373535156","304.9945373535156","304.9945373535156"
"404616","","","","389.9404602050781","389.9404602050781","389.9404602050781","","","","","","","","",""
"404872","","","","397.0052795410156","397.0052795410156","397.0052795410156","","","","","","","","",""
"406152","","","","403.6238708496094","403.6238708496094","403.6238708496094","","","","","","","","",""
"406664","","","","","","","","","","","","","313.0069885253906","313.0069885253906","313.0069885253906"
"407432","","","","","","","","","","","","","319.6753234863281","319.6753234863281","319.6753234863281"
"407688","","","","410.7828674316406","410.7828674316406","410.7828674316406","","","","","","","","",""
"408712","","","","416.8042907714844","416.8042907714844","416.8042907714844","","","","","","","","",""
"408968","","","","","","","","","","","","","319.1568298339844","319.1568298339844","319.1568298339844"
"409224","","","","423.4606628417969","423.4606628417969","423.4606628417969","","","","","","","","",""
"409736","","","","429.6053771972656","429.6053771972656","429.6053771972656","","","","400.5494689941406","400.5494689941406","400.5494689941406","","",""
"409992","","","","435.6369934082031","435.6369934082031","435.6369934082031","","","","","","","","",""
"410248","","","","441.0974426269531","441.0974426269531","441.0974426269531","","","","","","","","",""
"411528","","","","","","","476.83807373046875","476.83807373046875","476.83807373046875","","","","","",""
"413064","","","","","","","475.0615539550781","475.0615539550781","475.0615539550781","","","","","",""
"413320","679.7664184570312","679.7664184570312","679.7664184570312","","","","","","","","","","","",""
"413832","","","","446.68798828125","446.68798828125","446.68798828125","","","","","","","","",""
"414344","","","","","","","472.3148193359375","472.3148193359375","472.3148193359375","","","","","",""
"414600","","","","458.876708984375","458.876708984375","458.876708984375","","","","","","","","",""
"414856","","","","464.7877197265625","464.7877197265625","464.7877197265625","","","","","","","","",""
"415112","","","","","","","474.4873962402344","474.4873962402344","474.4873962402344","","","","","",""
"415368","","","","470.61029052734375","470.61029052734375","470.61029052734375","","","","","","","","",""
"415880","","","","483.0753479003906","483.0753479003906","483.0753479003906","477.9267578125","477.9267578125","477.9267578125","","","","324.7604064941406","324.7604064941406","324.7604064941406"
"416136","","","","488.21893310546875","488.21893310546875","488.21893310546875","","","","","","","","",""
"416392","","","","493.8548583984375","493.8548583984375","493.8548583984375","","","","","","","","",""
"416648","","","","498.9940185546875","498.9940185546875","498.9940185546875","","","","","","","","",""
"417160","","","","495.0643615722656","495.0643615722656","495.0643615722656","477.9029846191406","477.9029846191406","477.9029846191406","","","","","",""
"417416","686.8223266601562","686.8223266601562","686.8223266601562","","","","","","","","","","","",""
"417672","","","","","","","477.5368957519531","477.5368957519531","477.5368957519531","","","","","",""
"418952","","","","","","","","","","405.83135986328125","405.83135986328125","405.83135986328125","","",""
"421000","","","","500.60565185546875","500.60565185546875","500.60565185546875","","","","407.4656677246094","407.4656677246094","407.4656677246094","","",""
"421256","","","","","","","479.5122985839844","479.5122985839844","479.5122985839844","","","","","",""
"421512","","","","506.1275329589844","506.1275329589844","506.1275329589844","","","","","","","331.7737121582031","331.7737121582031","331.7737121582031"
"422024","","","","507.3383483886719","507.3383483886719","507.3383483886719","","","","","","","","",""
"422280","","","","512.4458618164062","512.4458618164062","512.4458618164062","","","","","","","339.3001403808594","339.3001403808594","339.3001403808594"
"422536","","","","518.0859375","518.0859375","518.0859375","478.13812255859375","478.13812255859375","478.13812255859375","","","","","",""
"422792","","","","523.5438842773438","523.5438842773438","523.5438842773438","","","","","","","","",""
"423048","693.87841796875","693.87841796875","693.87841796875","","","","","","","","","","346.62933349609375","346.62933349609375","346.62933349609375"
"423304","","","","529.3047485351562","529.3047485351562","529.3047485351562","","","","","","","","",""
"423560","700.6314086914062","700.6314086914062","700.6314086914062","","","","","","","","","","352.3890686035156","352.3890686035156","352.3890686035156"
"423816","","","","","","","","","","411.8464050292969","411.8464050292969","411.8464050292969","","",""
"424584","","","","534.45751953125","534.45751953125","534.45751953125","","","","409.3097229003906","409.3097229003906","409.3097229003906","","",""
"425096","","","","529.785400390625","529.785400390625","529.785400390625","484.5948791503906","484.5948791503906","484.5948791503906","","","","357.8431091308594","357.8431091308594","357.8431091308594"
"425352","","","","","","","483.6678466796875","483.6678466796875","483.6678466796875","","","","","",""
"425864","","","","530.6361694335938","530.6361694335938","530.6361694335938","487.8689270019531","487.8689270019531","487.8689270019531","","","","355.8121032714844","355.8121032714844","355.8121032714844"
"426376","","","","","","","494.0572814941406","494.0572814941406","494.0572814941406","","","","","",""
"426632","","","","","","","","","","","","","353.00799560546875","353.00799560546875","353.00799560546875"
"426888","","","","536.1414184570312","536.1414184570312","536.1414184570312","498.79595947265625","498.79595947265625","498.79595947265625","","","","","",""
"427144","713.7791137695312","713.7791137695312","713.7791137695312","","","","","","","","","","","",""
"427656","","","","","","","499.3065185546875","499.3065185546875","499.3065185546875","","","","","",""
"427912","","","","","","","","","","","","","358.74542236328125","358.74542236328125","358.74542236328125"
"428424","","","","531.8741455078125","531.8741455078125","531.8741455078125","","","","","","","369.1612548828125","369.1612548828125","369.1612548828125"
"428936","","","","537.1592407226562","537.1592407226562","537.1592407226562","","","","","","","","",""
"429192","","","","","","","505.9143371582031","505.9143371582031","505.9143371582031","","","","","",""
"429448","","","","532.8776245117188","532.8776245117188","532.8776245117188","","","","","","","","",""
"429704","","","","542.9807739257812","542.9807739257812","542.9807739257812","508.8134765625","508.8134765625","508.8134765625","415.1505126953125","415.1505126953125","415.1505126953125","","",""
"430216","","","","","","","","","","","","","378.24859619140625","378.24859619140625","378.24859619140625"
"430472","","","","543.3624877929688","543.3624877929688","543.3624877929688","","","","","","","","",""
"430728","","","","","","","514.61572265625","514.61572265625","514.61572265625","","","","","",""
"431240","","","","","","","","","","414.9889831542969","414.9889831542969","414.9889831542969","","",""
"431496","","","","","","","520.4070434570312","520.4070434570312","520.4070434570312","417.44940185546875","417.44940185546875","417.44940185546875","","",""
"433800","","","","","","","","","","419.28863525390625","419.28863525390625","419.28863525390625","","",""
"434568","","","","553.1836547851562","553.1836547851562","553.1836547851562","518.4349975585938","518.4349975585938","518.4349975585938","","","","","",""
"434824","","","","558.0159912109375","558.0159912109375","558.0159912109375","519.5082397460938","519.5082397460938","519.5082397460938","","","","","",""
"435080","","","","562.6602783203125","562.6602783203125","562.6602783203125","","","","","","","","",""
"435592","","","","570.2023315429688","570.2023315429688","570.2023315429688","","","","","","","","",""
"435848","","","","","","","","","","","","","384.21026611328125","384.21026611328125","384.21026611328125"
"436872","720.1934814453125","720.1934814453125","720.1934814453125","","","","","","","","","","","",""
"437384","","","","","","","","","","","","","390.0170593261719","390.0170593261719","390.0170593261719"
"437896","","","","","","","","","","","","","397.3043518066406","397.3043518066406","397.3043518066406"
"438408","","","","","","","","","","","","","402.90289306640625","402.90289306640625","402.90289306640625"
"438664","","","","","","","519.8013916015625","519.8013916015625","519.8013916015625","","","","","",""
"439432","","","","","","","","","","","","","407.1807861328125","407.1807861328125","407.1807861328125"
"439688","","","","","","","","","","426.97314453125","426.97314453125","426.97314453125","","",""
"439944","","","","","","","525.4736328125","525.4736328125","525.4736328125","","","","","",""
"440200","","","","","","","","","","","","","414.00146484375","414.00146484375","414.00146484375"
"440712","","","","","","","527.0970458984375","527.0970458984375","527.0970458984375","","","","411.50439453125","411.50439453125","411.50439453125"
"441480","","","","","","","528.8002319335938","528.8002319335938","528.8002319335938","","","","419.3406677246094","419.3406677246094","419.3406677246094"
"441992","","","","573.0770263671875","573.0770263671875","573.0770263671875","","","","430.361083984375","430.361083984375","430.361083984375","425.7801513671875","425.7801513671875","425.7801513671875"
"442248","","","","577.880126953125","577.880126953125","577.880126953125","","","","","","","","",""
"442504","","","","","","","","","","","","","430.89312744140625","430.89312744140625","430.89312744140625"
"442760","","","","581.8366088867188","581.8366088867188","581.8366088867188","","","","436.35888671875","436.35888671875","436.35888671875","","",""
"443016","726.4551391601562","726.4551391601562","726.4551391601562","586.0193481445312","586.0193481445312","586.0193481445312","","","","","","","","",""
"443272","","","","590.5621948242188","590.5621948242188","590.5621948242188","","","","","","","435.3359375","435.3359375","435.3359375"
"443528","","","","598.1503295898438","598.1503295898438","598.1503295898438","525.0634765625","525.0634765625","525.0634765625","","","","","",""
"444040","","","","","","","522.9966430664062","522.9966430664062","522.9966430664062","","","","","",""
"445064","","","","601.9174194335938","601.9174194335938","601.9174194335938","","","","","","","442.8639831542969","442.8639831542969","442.8639831542969"
"445320","","","","","","","","","","","","","447.3736572265625","447.3736572265625","447.3736572265625"
"445832","","","","","","","523.257568359375","523.257568359375","523.257568359375","","","","","",""
"446088","732.6724243164062","732.6724243164062","732.6724243164062","","","","","","","","","","","",""
"446344","","","","605.9859008789062","605.9859008789062","605.9859008789062","","","","","","","","",""
"447624","726.8262939453125","726.8262939453125","726.8262939453125","","","","528.6220703125","528.6220703125","528.6220703125","441.0397644042969","441.0397644042969","441.0397644042969","","",""
"447880","","","","","","","537.9193115234375","537.9193115234375","537.9193115234375","","","","","",""
"448392","722.2723999023438","722.2723999023438","722.2723999023438","611.2823486328125","611.2823486328125","611.2823486328125","538.4497680664062","538.4497680664062","538.4497680664062","","","","","",""
"448904","","","","","","","543.4287109375","543.4287109375","543.4287109375","","","","","",""
"449160","","","","615.5836791992188","615.5836791992188","615.5836791992188","547.5178833007812","547.5178833007812","547.5178833007812","","","","","",""
"449672","","","","620.003173828125","620.003173828125","620.003173828125","","","","","","","451.61065673828125","451.61065673828125","451.61065673828125"
"449928","728.7158203125","728.7158203125","728.7158203125","","","","544.4904174804688","544.4904174804688","544.4904174804688","","","","","",""
"450184","","","","623.6993408203125","623.6993408203125","623.6993408203125","","","","442.3952941894531","442.3952941894531","442.3952941894531","","",""
"450696","735.0403442382812","735.0403442382812","735.0403442382812","","","","","","","","","","","",""
"450952","741.6566772460938","741.6566772460938","741.6566772460938","630.5592041015625","630.5592041015625","630.5592041015625","549.8677978515625","549.8677978515625","549.8677978515625","","","","","",""
"451208","","","","","","","554.863525390625","554.863525390625","554.863525390625","","","","","",""
"451720","","","","633.850830078125","633.850830078125","633.850830078125","","","","","","","","",""
"451976","","","","","","","555.72119140625","555.72119140625","555.72119140625","","","","","",""
"452232","","","","637.858642578125","637.858642578125","637.858642578125","","","","447.5892333984375","447.5892333984375","447.5892333984375","","",""
"452488","","","","","","","560.7330322265625","560.7330322265625","560.7330322265625","","","","458.7897644042969","458.7897644042969","458.7897644042969"
"453000","","","","","","","558.7630615234375","558.7630615234375","558.7630615234375","","","","","",""
"453256","748.078369140625","748.078369140625","748.078369140625","641.1182861328125","641.1182861328125","641.1182861328125","","","","","","","","",""
"453512","759.9054565429688","759.9054565429688","759.9054565429688","651.8330078125","651.8330078125","651.8330078125","","","","","","","","",""
"453768","","","","654.9053344726562","654.9053344726562","654.9053344726562","","","","","","","","",""
"454024","","","","","","","","","","445.22381591796875","445.22381591796875","445.22381591796875","","",""
"454536","","","","","","","","","","447.2079162597656","447.2079162597656","447.2079162597656","","",""
"454792","","","","","","","562.0596923828125","562.0596923828125","562.0596923828125","","","","","",""
"455048","765.308349609375","765.308349609375","765.308349609375","658.7667846679688","658.7667846679688","658.7667846679688","567.3134155273438","567.3134155273438","567.3134155273438","","","","","",""
"455304","771.224365234375","771.224365234375","771.224365234375","","","","","","","446.3357849121094","446.3357849121094","446.3357849121094","","",""
"455560","","","","662.2664184570312","662.2664184570312","662.2664184570312","572.744140625","572.744140625","572.744140625","","","","","",""
"456072","","","","670.8373413085938","670.8373413085938","670.8373413085938","","","","","","","","",""
"456328","","","","675.4634399414062","675.4634399414062","675.4634399414062","","","","","","","","",""
"456584","","","","","","","569.30224609375","569.30224609375","569.30224609375","","","","","",""
"456840","","","","","","","576.3052368164062","576.3052368164062","576.3052368164062","","","","462.73193359375","462.73193359375","462.73193359375"
"457352","","","","677.8755493164062","677.8755493164062","677.8755493164062","580.4276733398438","580.4276733398438","580.4276733398438","","","","","",""
"457608","","","","","","","","","","","","","468.34881591796875","468.34881591796875","468.34881591796875"
"457864","","","","","","","582.372802734375","582.372802734375","582.372802734375","","","","","",""
"458120","","","","","","","","","","","","","476.14996337890625","476.14996337890625","476.14996337890625"
"458376","","","","681.1844482421875","681.1844482421875","681.1844482421875","582.282470703125","582.282470703125","582.282470703125","","","","","",""
"458632","","","","684.3526611328125","684.3526611328125","684.3526611328125","","","","451.196044921875","451.196044921875","451.196044921875","480.8846130371094","480.8846130371094","480.8846130371094"
"458888","","","","","","","","","","457.9592590332031","457.9592590332031","457.9592590332031","","",""
"459144","777.4486694335938","777.4486694335938","777.4486694335938","","","","584.5446166992188","584.5446166992188","584.5446166992188","","","","","",""
"459400","","","","682.5257568359375","682.5257568359375","682.5257568359375","590.030517578125","590.030517578125","590.030517578125","","","","","",""
"459656","","","","685.8826293945312","685.8826293945312","685.8826293945312","600.8916625976562","600.8916625976562","600.8916625976562","464.5787048339844","464.5787048339844","464.5787048339844","487.3485412597656","487.3485412597656","487.3485412597656"
"459912","789.3197631835938","789.3197631835938","789.3197631835938","689.0556640625","689.0556640625","689.0556640625","606.9832153320312","606.9832153320312","606.9832153320312","","","","","",""
"460168","","","","","","","604.7244262695312","604.7244262695312","604.7244262695312","","","","","",""
"460424","","","","","","","605.6956787109375","605.6956787109375","605.6956787109375","467.0769348144531","467.0769348144531","467.0769348144531","498.8716735839844","498.8716735839844","498.8716735839844"
"460936","","","","","","","","","","464.53741455078125","464.53741455078125","464.53741455078125","","",""
"461192","783.82958984375","783.82958984375","783.82958984375","","","","615.9641723632812","615.9641723632812","615.9641723632812","470.5055236816406","470.5055236816406","470.5055236816406","","",""
"461448","790.2116088867188","790.2116088867188","790.2116088867188","693.0851440429688","693.0851440429688","693.0851440429688","","","","","","","","",""
"461704","","","","696.0472412109375","696.0472412109375","696.0472412109375","","","","","","","","",""
"462216","","","","699.6414184570312","699.6414184570312","699.6414184570312","","","","","","","","",""
"462472","","","","","","","618.49658203125","618.49658203125","618.49658203125","","","","","",""
"462728","796.0516357421875","796.0516357421875","796.0516357421875","","","","","","","","","","","",""
"462984","","","","703.0635986328125","703.0635986328125","703.0635986328125","","","","","","","","",""
"463240","801.8236694335938","801.8236694335938","801.8236694335938","705.4601440429688","705.4601440429688","705.4601440429688","620.4080810546875","620.4080810546875","620.4080810546875","","","","","",""
"463752","","","","","","","","","","467.4711608886719","467.4711608886719","467.4711608886719","","",""
"464008","","","","708.4553833007812","708.4553833007812","708.4553833007812","620.571533203125","620.571533203125","620.571533203125","","","","","",""
"464264","","","","711.8226928710938","711.8226928710938","711.8226928710938","","","","","","","","",""
"464520","","","","","","","620.9352416992188","620.9352416992188","620.9352416992188","","","","","",""
"464776","","","","","","","621.1412963867188","621.1412963867188","621.1412963867188","","","","","",""
"465032","806.734375","806.734375","806.734375","","","","630.1342163085938","630.1342163085938","630.1342163085938","","","","","",""
"465288","","","","","","","634.4857788085938","634.4857788085938","634.4857788085938","","","","","",""
"466056","","","","","","","","","","","","","501.5843505859375","501.5843505859375","501.5843505859375"
"466312","812.5984497070312","812.5984497070312","812.5984497070312","","","","636.6178588867188","636.6178588867188","636.6178588867188","","","","508.8919677734375","508.8919677734375","508.8919677734375"
"467080","805.685302734375","805.685302734375","805.685302734375","713.5629272460938","713.5629272460938","713.5629272460938","","","","","","","","",""
"467336","","","","715.6101684570312","715.6101684570312","715.6101684570312","644.6982421875","644.6982421875","644.6982421875","","","","515.927490234375","515.927490234375","515.927490234375"
"467592","811.2637939453125","811.2637939453125","811.2637939453125","","","","","","","","","","516.5919189453125","516.5919189453125","516.5919189453125"
"467848","","","","","","","","","","464.51385498046875","464.51385498046875","464.51385498046875","","",""
"468104","816.7352294921875","816.7352294921875","816.7352294921875","","","","","","","471.46978759765625","471.46978759765625","471.46978759765625","","",""
"468360","822.259765625","822.259765625","822.259765625","","","","","","","476.5539855957031","476.5539855957031","476.5539855957031","","",""
"468872","","","","","","","","","","","","","515.6070556640625","515.6070556640625","515.6070556640625"
"469128","","","","","","","","","","","","","517.856201171875","517.856201171875","517.856201171875"
"469384","","","","","","","","","","481.80987548828125","481.80987548828125","481.80987548828125","","",""
"469640","","","","718.1728515625","718.1728515625","718.1728515625","640.8916015625","640.8916015625","640.8916015625","","","","","",""
"469896","","","","","","","637.1721801757812","637.1721801757812","637.1721801757812","487.1861877441406","487.1861877441406","487.1861877441406","","",""
"470152","","","","","","","640.621337890625","640.621337890625","640.621337890625","","","","","",""
"470408","","","","","","","645.6994018554688","645.6994018554688","645.6994018554688","","","","","",""
"470664","","","","","","","","","","","","","524.5336303710938","524.5336303710938","524.5336303710938"
"470920","817.314208984375","817.314208984375","817.314208984375","","","","647.8273315429688","647.8273315429688","647.8273315429688","489.9840393066406","489.9840393066406","489.9840393066406","","",""
"471176","823.438720703125","823.438720703125","823.438720703125","","","","","","","","","","520.980712890625","520.980712890625","520.980712890625"
"471432","","","","","","","","","","495.2033996582031","495.2033996582031","495.2033996582031","","",""
"471688","828.9299926757812","828.9299926757812","828.9299926757812","","","","","","","","","","","",""
"471944","","","","","","","","","","","","","526.4301147460938","526.4301147460938","526.4301147460938"
"472200","830.839111328125","830.839111328125","830.839111328125","","","","","","","","","","527.20068359375","527.20068359375","527.20068359375"
"472712","","","","","","","652.1314697265625","652.1314697265625","652.1314697265625","","","","","",""
"472968","836.5458374023438","836.5458374023438","836.5458374023438","","","","","","","504.2738037109375","504.2738037109375","504.2738037109375","","",""
"473480","","","","","","","","","","","","","532.4769897460938","532.4769897460938","532.4769897460938"
"473736","829.8912353515625","829.8912353515625","829.8912353515625","","","","659.7045288085938","659.7045288085938","659.7045288085938","510.23724365234375","510.23724365234375","510.23724365234375","","",""
"473992","834.7582397460938","834.7582397460938","834.7582397460938","","","","","","","","","","","",""
"474248","836.6383666992188","836.6383666992188","836.6383666992188","","","","","","","","","","","",""
"474504","","","","","","","","","","516.3668823242188","516.3668823242188","516.3668823242188","","",""
"475272","","","","","","","","","","","","","536.5789794921875","536.5789794921875","536.5789794921875"
"476040","","","","","","","","","","512.8780517578125","512.8780517578125","512.8780517578125","","",""
"476296","844.8726196289062","844.8726196289062","844.8726196289062","721.6373901367188","721.6373901367188","721.6373901367188","664.4293823242188","664.4293823242188","664.4293823242188","514.241943359375","514.241943359375","514.241943359375","","",""
"476552","","","","","","","","","","","","","541.3958740234375","541.3958740234375","541.3958740234375"
"476808","838.0390625","838.0390625","838.0390625","","","","","","","","","","","",""
"477064","","","","725.9661254882812","725.9661254882812","725.9661254882812","","","","","","","540.371337890625","540.371337890625","540.371337890625"
"477320","843.3351440429688","843.3351440429688","843.3351440429688","","","","","","","","","","","",""
"477576","","","","","","","","","","519.2020874023438","519.2020874023438","519.2020874023438","","",""
"477832","849.022216796875","849.022216796875","849.022216796875","728.6342163085938","728.6342163085938","728.6342163085938","662.0469360351562","662.0469360351562","662.0469360351562","","","","541.6168212890625","541.6168212890625","541.6168212890625"
"478088","","","","","","","665.4979248046875","665.4979248046875","665.4979248046875","","","","","",""
"478600","","","","","","","","","","","","","541.6632080078125","541.6632080078125","541.6632080078125"
"478856","841.88037109375","841.88037109375","841.88037109375","731.1275634765625","731.1275634765625","731.1275634765625","","","","515.2470092773438","515.2470092773438","515.2470092773438","","",""
"479112","","","","","","","","","","","","","548.1089477539062","548.1089477539062","548.1089477539062"
"479368","","","","","","","","","","","","","550.894775390625","550.894775390625","550.894775390625"
"479624","","","","","","","669.5471801757812","669.5471801757812","669.5471801757812","519.678955078125","519.678955078125","519.678955078125","","",""
"480136","847.3505249023438","847.3505249023438","847.3505249023438","","","","","","","","","","","",""
"480392","","","","","","","671.2607421875","671.2607421875","671.2607421875","523.9949340820312","523.9949340820312","523.9949340820312","561.586181640625","561.586181640625","561.586181640625"
"480648","840.4617919921875","840.4617919921875","840.4617919921875","","","","","","","528.0994262695312","528.0994262695312","528.0994262695312","562.9544067382812","562.9544067382812","562.9544067382812"
"481672","","","","","","","","","","","","","567.9364013671875","567.9364013671875","567.9364013671875"
"482184","","","","","","","","","","531.9020385742188","531.9020385742188","531.9020385742188","","",""
"483208","","","","","","","674.2715454101562","674.2715454101562","674.2715454101562","","","","","",""
"483464","","","","","","","677.5460205078125","677.5460205078125","677.5460205078125","","","","","",""
"483720","833.8695068359375","833.8695068359375","833.8695068359375","","","","","","","537.3294677734375","537.3294677734375","537.3294677734375","","",""
"484232","839.5115966796875","839.5115966796875","839.5115966796875","734.355712890625","734.355712890625","734.355712890625","","","","542.1100463867188","542.1100463867188","542.1100463867188","","",""
"484488","","","","736.4017944335938","736.4017944335938","736.4017944335938","","","","","","","571.5570068359375","571.5570068359375","571.5570068359375"
"485000","","","","","","","","","","537.3919677734375","537.3919677734375","537.3919677734375","","",""
"485256","","","","","","","680.660400390625","680.660400390625","680.660400390625","","","","579.1875","579.1875","579.1875"
"485512","","","","","","","","","","544.2337646484375","544.2337646484375","544.2337646484375","583.6854248046875","583.6854248046875","583.6854248046875"
"485768","845.5079345703125","845.5079345703125","845.5079345703125","730.1884765625","730.1884765625","730.1884765625","","","","","","","","",""
"486024","850.7335205078125","850.7335205078125","850.7335205078125","733.6180419921875","733.6180419921875","733.6180419921875","","","","546.9673461914062","546.9673461914062","546.9673461914062","","",""
"486280","856.0371704101562","856.0371704101562","856.0371704101562","","","","","","","550.778076171875","550.778076171875","550.778076171875","","",""
"486536","","","","736.429443359375","736.429443359375","736.429443359375","","","","","","","","",""
"486792","","","","","","","","","","555.0347900390625","555.0347900390625","555.0347900390625","","",""
"487048","","","","","","","","","","559.3489990234375","559.3489990234375","559.3489990234375","","",""
"487304","857.9505004882812","857.9505004882812","857.9505004882812","","","","","","","","","","","",""
"487560","","","","","","","","","","","","","581.7442016601562","581.7442016601562","581.7442016601562"
"488072","","","","","","","","","","","","","583.502197265625","583.502197265625","583.502197265625"
"488584","862.8001098632812","862.8001098632812","862.8001098632812","","","","","","","565.670166015625","565.670166015625","565.670166015625","","",""
"488840","","","","","","","675.5497436523438","675.5497436523438","675.5497436523438","569.3720092773438","569.3720092773438","569.3720092773438","","",""
"489096","","","","","","","670.2798461914062","670.2798461914062","670.2798461914062","571.9675903320312","571.9675903320312","571.9675903320312","579.9271240234375","579.9271240234375","579.9271240234375"
"489352","","","","738.8510131835938","738.8510131835938","738.8510131835938","","","","","","","","",""
"489864","","","","","","","","","","572.2579345703125","572.2579345703125","572.2579345703125","","",""
"490376","","","","","","","","","","568.2499389648438","568.2499389648438","568.2499389648438","","",""
"490888","","","","741.1868286132812","741.1868286132812","741.1868286132812","","","","572.6996459960938","572.6996459960938","572.6996459960938","","",""
"491400","","","","744.8679809570312","744.8679809570312","744.8679809570312","","","","","","","580.456787109375","580.456787109375","580.456787109375"
"491912","","","","","","","","","","577.3526611328125","577.3526611328125","577.3526611328125","585.2400512695312","585.2400512695312","585.2400512695312"
"492168","867.9585571289062","867.9585571289062","867.9585571289062","","","","","","","","","","","",""
"492424","","","","","","","","","","","","","590.4923095703125","590.4923095703125","590.4923095703125"
"492680","","","","746.825927734375","746.825927734375","746.825927734375","","","","572.8316650390625","572.8316650390625","572.8316650390625","","",""
"492936","","","","","","","675.14599609375","675.14599609375","675.14599609375","","","","","",""
"493448","870.7713012695312","870.7713012695312","870.7713012695312","","","","","","","","","","","",""
"493704","863.2804565429688","863.2804565429688","863.2804565429688","","","","","","","576.6815185546875","576.6815185546875","576.6815185546875","596.669921875","596.669921875","596.669921875"
"493960","","","","","","","678.6103515625","678.6103515625","678.6103515625","","","","","",""
"494472","855.61279296875","855.61279296875","855.61279296875","749.860595703125","749.860595703125","749.860595703125","","","","","","","","",""
"495752","","","","","","","","","","582.6480712890625","582.6480712890625","582.6480712890625","","",""
"496264","","","","752.4418334960938","752.4418334960938","752.4418334960938","","","","","","","","",""
"496520","","","","","","","","","","","","","594.976806640625","594.976806640625","594.976806640625"
"497288","","","","","","","","","","581.2901000976562","581.2901000976562","581.2901000976562","","",""
"497544","","","","752.4518432617188","752.4518432617188","752.4518432617188","","","","586.2416381835938","586.2416381835938","586.2416381835938","","",""
"498056","848.2153930664062","848.2153930664062","848.2153930664062","","","","","","","599.036376953125","599.036376953125","599.036376953125","","",""
"498312","853.6798095703125","853.6798095703125","853.6798095703125","","","","","","","","","","","",""
"498568","","","","","","","","","","594.7733154296875","594.7733154296875","594.7733154296875","","",""
"500104","","","","","","","","","","600.2984619140625","600.2984619140625","600.2984619140625","","",""
"500360","858.61669921875","858.61669921875","858.61669921875","","","","","","","","","","","",""
"500616","","","","","","","","","","","","","600.557861328125","600.557861328125","600.557861328125"
"501640","","","","","","","","","","596.8339233398438","596.8339233398438","596.8339233398438","","",""
"501896","864.1051635742188","864.1051635742188","864.1051635742188","","","","","","","","","","","",""
"502152","","","","754.5570068359375","754.5570068359375","754.5570068359375","","","","","","","","",""
"502408","869.1769409179688","869.1769409179688","869.1769409179688","","","","","","","601.89599609375","601.89599609375","601.89599609375","603.3795776367188","603.3795776367188","603.3795776367188"
"502664","","","","","","","682.62255859375","682.62255859375","682.62255859375","","","","606.896484375","606.896484375","606.896484375"
"502920","","","","","","","","","","598.0748901367188","598.0748901367188","598.0748901367188","","",""
"503176","","","","","","","686.611328125","686.611328125","686.611328125","593.7525024414062","593.7525024414062","593.7525024414062","","",""
"503944","","","","","","","","","","598.1504516601562","598.1504516601562","598.1504516601562","","",""
"504456","","","","758.400634765625","758.400634765625","758.400634765625","","","","","","","","",""
"506248","","","","","","","","","","603.8795166015625","603.8795166015625","603.8795166015625","","",""
"506504","","","","","","","","","","618.8384399414062","618.8384399414062","618.8384399414062","","",""
"507016","","","","","","","","","","621.4010620117188","621.4010620117188","621.4010620117188","","",""
"507272","","","","","","","693.091796875","693.091796875","693.091796875","619.9577026367188","619.9577026367188","619.9577026367188","","",""
"508040","","","","","","","","","","616.5429077148438","616.5429077148438","616.5429077148438","","",""
"508296","","","","","","","","","","625.5791625976562","625.5791625976562","625.5791625976562","","",""
"508552","","","","","","","","","","629.04248046875","629.04248046875","629.04248046875","","",""
"508808","","","","","","","","","","624.4378051757812","624.4378051757812","624.4378051757812","","",""
"509064","","","","","","","","","","625.64501953125","625.64501953125","625.64501953125","","",""
"509576","","","","","","","","","","630.7742919921875","630.7742919921875","630.7742919921875","","",""
"509832","","","","760.2863159179688","760.2863159179688","760.2863159179688","","","","","","","606.6829833984375","606.6829833984375","606.6829833984375"
"510088","","","","762.4822998046875","762.4822998046875","762.4822998046875","","","","","","","","",""
"510344","","","","","","","","","","","","","603.951416015625","603.951416015625","603.951416015625"
"510600","874.3681640625","874.3681640625","874.3681640625","","","","","","","627.3299560546875","627.3299560546875","627.3299560546875","","",""
"511112","","","","","","","","","","622.688720703125","622.688720703125","622.688720703125","605.7252197265625","605.7252197265625","605.7252197265625"
"511624","877.5902709960938","877.5902709960938","877.5902709960938","","","","687.4710693359375","687.4710693359375","687.4710693359375","618.6160888671875","618.6160888671875","618.6160888671875","610.3829956054688","610.3829956054688","610.3829956054688"
"511880","870.6222534179688","870.6222534179688","870.6222534179688","","","","","","","613.9459228515625","613.9459228515625","613.9459228515625","","",""
"512136","","","","","","","","","","610.7197265625","610.7197265625","610.7197265625","","",""
"512648","","","","","","","","","","610.1944580078125","610.1944580078125","610.1944580078125","","",""
"512904","","","","","","","689.6256713867188","689.6256713867188","689.6256713867188","611.7237548828125","611.7237548828125","611.7237548828125","","",""
"513160","","","","","","","","","","608.2009887695312","608.2009887695312","608.2009887695312","","",""
"514184","","","","766.110595703125","766.110595703125","766.110595703125","","","","","","","","",""
"515208","875.1351928710938","875.1351928710938","875.1351928710938","","","","","","","","","","","",""
"515464","879.2168579101562","879.2168579101562","879.2168579101562","","","","","","","","","","","",""
"515720","","","","","","","","","","613.9471435546875","613.9471435546875","613.9471435546875","614.9256591796875","614.9256591796875","614.9256591796875"
"516232","","","","768.5227661132812","768.5227661132812","768.5227661132812","","","","","","","","",""
"516488","","","","","","","","","","609.5570068359375","609.5570068359375","609.5570068359375","","",""
"516744","883.6586303710938","883.6586303710938","883.6586303710938","","","","","","","608.7083740234375","608.7083740234375","608.7083740234375","","",""
"517000","908.47216796875","908.47216796875","908.47216796875","","","","","","","","","","","",""
"517256","","","","","","","","","","604.4774169921875","604.4774169921875","604.4774169921875","","",""
"517512","913.124755859375","913.124755859375","913.124755859375","","","","","","","","","","","",""
"517768","","","","","","","","","","601.0525512695312","601.0525512695312","601.0525512695312","","",""
"518280","","","","","","","","","","606.3511352539062","606.3511352539062","606.3511352539062","","",""
"518536","","","","","","","","","","611.8818359375","611.8818359375","611.8818359375","","",""
"519304","917.34912109375","917.34912109375","917.34912109375","772.2427368164062","772.2427368164062","772.2427368164062","","","","","","","","",""
"519816","910.1982421875","910.1982421875","910.1982421875","","","","684.6922607421875","684.6922607421875","684.6922607421875","","","","","",""
"520328","","","","","","","690.7974243164062","690.7974243164062","690.7974243164062","607.4546508789062","607.4546508789062","607.4546508789062","","",""
"520840","","","","","","","","","","599.6376953125","599.6376953125","599.6376953125","","",""
"521096","902.8313598632812","902.8313598632812","902.8313598632812","","","","687.0855102539062","687.0855102539062","687.0855102539062","","","","","",""
"521864","","","","","","","","","","591.872314453125","591.872314453125","591.872314453125","","",""
"522376","","","","","","","685.1912231445312","685.1912231445312","685.1912231445312","","","","","",""
"522632","","","","","","","","","","581.2240600585938","581.2240600585938","581.2240600585938","","",""
"522888","","","","","","","","","","","","","618.6383666992188","618.6383666992188","618.6383666992188"
"523144","906.7325439453125","906.7325439453125","906.7325439453125","","","","","","","","","","","",""
"523656","","","","","","","","","","572.3399658203125","572.3399658203125","572.3399658203125","","",""
"523912","","","","","","","","","","568.3143310546875","568.3143310546875","568.3143310546875","","",""
"524424","","","","","","","694.9129638671875","694.9129638671875","694.9129638671875","","","","618.7384643554688","618.7384643554688","618.7384643554688"
"524936","","","","775.7009887695312","775.7009887695312","775.7009887695312","","","","","","","","",""
"525704","","","","","","","","","","572.6591796875","572.6591796875","572.6591796875","","",""
"526472","911.23193359375","911.23193359375","911.23193359375","","","","","","","560.4566040039062","560.4566040039062","560.4566040039062","","",""
"526984","","","","","","","","","","558.0814208984375","558.0814208984375","558.0814208984375","","",""
"527496","","","","","","","","","","561.7332763671875","561.7332763671875","561.7332763671875","","",""
"528008","905.7191772460938","905.7191772460938","905.7191772460938","","","","","","","","","","","",""
"528520","909.5194091796875","909.5194091796875","909.5194091796875","","","","","","","","","","","",""
"529032","","","","778.4891357421875","778.4891357421875","778.4891357421875","","","","","","","","",""
"529544","902.1405029296875","902.1405029296875","902.1405029296875","","","","","","","","","","","",""
"530312","","","","","","","693.7778930664062","693.7778930664062","693.7778930664062","","","","","",""
"530568","906.1573486328125","906.1573486328125","906.1573486328125","","","","","","","","","","","",""
"530824","","","","","","","","","","567.583740234375","567.583740234375","567.583740234375","","",""
"531080","911.634765625","911.634765625","911.634765625","","","","","","","","","","","",""
"531336","","","","","","","","","","573.6739501953125","573.6739501953125","573.6739501953125","","",""
"532360","","","","781.9764404296875","781.9764404296875","781.9764404296875","","","","","","","","",""
"532616","","","","784.4645385742188","784.4645385742188","784.4645385742188","","","","578.33740234375","578.33740234375","578.33740234375","","",""
"532872","914.9113159179688","914.9113159179688","914.9113159179688","","","","688.9447631835938","688.9447631835938","688.9447631835938","","","","","",""
"533128","","","","","","","698.6071166992188","698.6071166992188","698.6071166992188","","","","","",""
"533384","","","","","","","","","","584.165283203125","584.165283203125","584.165283203125","","",""
"533640","","","","","","","","","","589.7987670898438","589.7987670898438","589.7987670898438","","",""
"533896","","","","","","","","","","585.9765625","585.9765625","585.9765625","","",""
"534408","","","","","","","","","","591.167236328125","591.167236328125","591.167236328125","","",""
"535688","918.6908569335938","918.6908569335938","918.6908569335938","","","","","","","","","","","",""
"535944","","","","","","","","","","586.3034057617188","586.3034057617188","586.3034057617188","","",""
"536200","922.986083984375","922.986083984375","922.986083984375","786.9326171875","786.9326171875","786.9326171875","","","","","","","","",""
"536456","","","","790.0282592773438","790.0282592773438","790.0282592773438","","","","","","","","",""
"536968","","","","","","","","","","592.0167846679688","592.0167846679688","592.0167846679688","","",""
"537480","927.4605102539062","927.4605102539062","927.4605102539062","","","","697.5302124023438","697.5302124023438","697.5302124023438","","","","","",""
"537992","931.9785766601562","931.9785766601562","931.9785766601562","","","","","","","588.053955078125","588.053955078125","588.053955078125","","",""
"538248","","","","","","","","","","592.9193115234375","592.9193115234375","592.9193115234375","","",""
"538504","934.425048828125","934.425048828125","934.425048828125","","","","","","","588.0888671875","588.0888671875","588.0888671875","","",""
"539272","","","","","","","","","","593.0862426757812","593.0862426757812","593.0862426757812","","",""
"539528","937.3768310546875","937.3768310546875","937.3768310546875","","","","","","","","","","","",""
"539784","940.65576171875","940.65576171875","940.65576171875","","","","","","","597.2654418945312","597.2654418945312","597.2654418945312","","",""
"540040","944.0703125","944.0703125","944.0703125","","","","","","","","","","","",""
"540296","","","","","","","713.661376953125","713.661376953125","713.661376953125","","","","","",""
"540552","948.1427612304688","948.1427612304688","948.1427612304688","","","","716.760986328125","716.760986328125","716.760986328125","","","","","",""
"540808","","","","","","","","","","602.5157470703125","602.5157470703125","602.5157470703125","","",""
"541064","","","","","","","","","","607.8657836914062","607.8657836914062","607.8657836914062","","",""
"541576","952.75390625","952.75390625","952.75390625","","","","","","","","","","","",""
"541832","","","","","","","715.243896484375","715.243896484375","715.243896484375","606.1205444335938","606.1205444335938","606.1205444335938","","",""
"542088","","","","","","","724.7685546875","724.7685546875","724.7685546875","","","","","",""
"542344","956.1233520507812","956.1233520507812","956.1233520507812","","","","","","","","","","","",""
"543368","959.9584350585938","959.9584350585938","959.9584350585938","","","","","","","","","","","",""
"543624","962.7367553710938","962.7367553710938","962.7367553710938","","","","","","","","","","","",""
"545160","","","","","","","733.6359252929688","733.6359252929688","733.6359252929688","","","","","",""
"545672","966.0888061523438","966.0888061523438","966.0888061523438","","","","","","","602.1192626953125","602.1192626953125","602.1192626953125","","",""
"545928","","","","","","","","","","","","","615.8953247070312","615.8953247070312","615.8953247070312"
"546440","969.5575561523438","969.5575561523438","969.5575561523438","","","","","","","607.0457763671875","607.0457763671875","607.0457763671875","619.0050048828125","619.0050048828125","619.0050048828125"
"546952","","","","","","","","","","602.5084838867188","602.5084838867188","602.5084838867188","","",""
"547208","973.0969848632812","973.0969848632812","973.0969848632812","","","","","","","","","","","",""
"548232","965.1289672851562","965.1289672851562","965.1289672851562","","","","","","","","","","","",""
"548744","967.5621948242188","967.5621948242188","967.5621948242188","","","","748.6028442382812","748.6028442382812","748.6028442382812","","","","","",""
"549256","","","","792.573486328125","792.573486328125","792.573486328125","","","","","","","","",""
"549512","971.1069946289062","971.1069946289062","971.1069946289062","","","","","","","","","","","",""
"549768","","","","","","","","","","608.4217529296875","608.4217529296875","608.4217529296875","","",""
"550024","975.0028076171875","975.0028076171875","975.0028076171875","","","","","","","","","","","",""
"550280","978.6532592773438","978.6532592773438","978.6532592773438","","","","","","","","","","624.970947265625","624.970947265625","624.970947265625"
"550792","","","","","","","","","","618.2273559570312","618.2273559570312","618.2273559570312","","",""
"552072","","","","","","","","","","621.767578125","621.767578125","621.767578125","","",""
"552328","982.2654418945312","982.2654418945312","982.2654418945312","","","","","","","","","","","",""
"552584","976.2902221679688","976.2902221679688","976.2902221679688","","","","","","","","","","","",""
"553352","979.2293701171875","979.2293701171875","979.2293701171875","","","","","","","","","","","",""
"554632","981.5597534179688","981.5597534179688","981.5597534179688","","","","","","","","","","","",""
"555400","","","","","","","","","","617.0524291992188","617.0524291992188","617.0524291992188","","",""
"555656","","","","795.209228515625","795.209228515625","795.209228515625","","","","","","","","",""
"556168","","","","","","","","","","612.9334106445312","612.9334106445312","612.9334106445312","","",""
"556680","985.3150024414062","985.3150024414062","985.3150024414062","","","","","","","","","","","",""
"557448","","","","","","","","","","609.3948974609375","609.3948974609375","609.3948974609375","","",""
"557960","989.3726196289062","989.3726196289062","989.3726196289062","","","","","","","","","","","",""
"558216","992.0296630859375","992.0296630859375","992.0296630859375","","","","","","","","","","624.7962646484375","624.7962646484375","624.7962646484375"
"558472","994.1569213867188","994.1569213867188","994.1569213867188","","","","","","","","","","","",""
"559496","","","","798.4334106445312","798.4334106445312","798.4334106445312","","","","","","","","",""
"559752","997.2927856445312","997.2927856445312","997.2927856445312","","","","","","","","","","","",""
"560008","1001.4580078125","1001.4580078125","1001.4580078125","","","","","","","","","","630.9032592773438","630.9032592773438","630.9032592773438"
"560264","1002.9669799804688","1002.9669799804688","1002.9669799804688","","","","","","","","","","","",""
"561544","1005.826904296875","1005.826904296875","1005.826904296875","","","","","","","","","","","",""
"562056","","","","","","","","","","606.8195190429688","606.8195190429688","606.8195190429688","","",""
"562568","","","","","","","","","","611.7100219726562","611.7100219726562","611.7100219726562","","",""
"563336","","","","","","","757.7523193359375","757.7523193359375","757.7523193359375","","","","","",""
"564360","","","","","","","","","","616.833984375","616.833984375","616.833984375","","",""
"565384","","","","","","","","","","","","","630.7333374023438","630.7333374023438","630.7333374023438"
"566408","","","","","","","","","","621.1544189453125","621.1544189453125","621.1544189453125","","",""
"566664","","","","","","","","","","620.9711303710938","620.9711303710938","620.9711303710938","","",""
"566920","","","","","","","","","","622.3130493164062","622.3130493164062","622.3130493164062","","",""
"567432","","","","","","","","","","627.8569946289062","627.8569946289062","627.8569946289062","","",""
"567688","998.6348266601562","998.6348266601562","998.6348266601562","","","","","","","632.9952392578125","632.9952392578125","632.9952392578125","","",""
"569224","","","","","","","","","","","","","638.9337158203125","638.9337158203125","638.9337158203125"
"569480","991.3325805664062","991.3325805664062","991.3325805664062","","","","","","","","","","","",""
"569992","","","","","","","","","","633.5501098632812","633.5501098632812","633.5501098632812","","",""
"570760","994.8612060546875","994.8612060546875","994.8612060546875","","","","","","","","","","","",""
"571016","","","","","","","","","","","","","644.460205078125","644.460205078125","644.460205078125"
"571272","","","","","","","","","","625.7734375","625.7734375","625.7734375","","",""
"571528","","","","","","","","","","635.1260986328125","635.1260986328125","635.1260986328125","","",""
"571784","","","","","","","","","","631.4901123046875","631.4901123046875","631.4901123046875","","",""
"572296","","","","","","","","","","625.3064575195312","625.3064575195312","625.3064575195312","","",""
"573320","998.84765625","998.84765625","998.84765625","","","","","","","","","","","",""
"573832","","","","","","","","","","629.8094482421875","629.8094482421875","629.8094482421875","650.75390625","650.75390625","650.75390625"
"574088","","","","","","","767.2692260742188","767.2692260742188","767.2692260742188","628.4788818359375","628.4788818359375","628.4788818359375","","",""
"574600","1000.9554443359375","1000.9554443359375","1000.9554443359375","","","","","","","","","","","",""
"574856","1004.7272338867188","1004.7272338867188","1004.7272338867188","","","","","","","638.389892578125","638.389892578125","638.389892578125","","",""
"577160","","","","","","","","","","","","","650.702392578125","650.702392578125","650.702392578125"
"577416","","","","","","","776.77490234375","776.77490234375","776.77490234375","","","","","",""
"577672","","","","","","","","","","640.2816162109375","640.2816162109375","640.2816162109375","","",""
"578184","1008.7409057617188","1008.7409057617188","1008.7409057617188","","","","","","","","","","","",""
"582024","1012.9507446289062","1012.9507446289062","1012.9507446289062","800.1192626953125","800.1192626953125","800.1192626953125","","","","","","","","",""
"582280","","","","","","","","","","643.528564453125","643.528564453125","643.528564453125","","",""
"582536","","","","","","","","","","642.8421630859375","642.8421630859375","642.8421630859375","","",""
"583560","1005.579833984375","1005.579833984375","1005.579833984375","","","","","","","","","","","",""
"583816","","","","","","","","","","640.5105590820312","640.5105590820312","640.5105590820312","","",""
"585096","","","","","","","785.5433349609375","785.5433349609375","785.5433349609375","645.2691040039062","645.2691040039062","645.2691040039062","","",""
"585352","","","","","","","804.0963745117188","804.0963745117188","804.0963745117188","","","","","",""
"585608","1007.5525512695312","1007.5525512695312","1007.5525512695312","","","","","","","649.272705078125","649.272705078125","649.272705078125","","",""
"587656","","","","795.9276123046875","795.9276123046875","795.9276123046875","","","","","","","","",""
"587912","","","","","","","812.9812622070312","812.9812622070312","812.9812622070312","","","","","",""
"588680","","","","","","","","","","649.6622314453125","649.6622314453125","649.6622314453125","","",""
"589192","1010.11279296875","1010.11279296875","1010.11279296875","","","","","","","652.2478637695312","652.2478637695312","652.2478637695312","","",""
"589704","","","","","","","818.0870971679688","818.0870971679688","818.0870971679688","","","","656.9652709960938","656.9652709960938","656.9652709960938"
"590472","","","","","","","826.81201171875","826.81201171875","826.81201171875","","","","","",""
"591240","1012.4915161132812","1012.4915161132812","1012.4915161132812","","","","","","","","","","662.6334228515625","662.6334228515625","662.6334228515625"
"591496","1014.5137939453125","1014.5137939453125","1014.5137939453125","","","","","","","","","","","",""
"591752","","","","","","","","","","652.295166015625","652.295166015625","652.295166015625","","",""
"592520","1017.9459228515625","1017.9459228515625","1017.9459228515625","","","","","","","658.00732421875","658.00732421875","658.00732421875","","",""
"592776","1019.9302368164062","1019.9302368164062","1019.9302368164062","","","","","","","","","","","",""
"593288","","","","","","","","","","","","","668.7955932617188","668.7955932617188","668.7955932617188"
"594056","","","","","","","","","","652.9183349609375","652.9183349609375","652.9183349609375","","",""
"594568","","","","","","","","","","","","","676.1563720703125","676.1563720703125","676.1563720703125"
"595080","1025.855712890625","1025.855712890625","1025.855712890625","","","","","","","","","","","",""
"595592","","","","","","","835.6619262695312","835.6619262695312","835.6619262695312","","","","","",""
"595848","1027.8079833984375","1027.8079833984375","1027.8079833984375","","","","","","","","","","","",""
"596616","","","","","","","","","","","","","682.8016967773438","682.8016967773438","682.8016967773438"
"597128","","","","","","","","","","656.7749633789062","656.7749633789062","656.7749633789062","","",""
"597384","","","","791.5198974609375","791.5198974609375","791.5198974609375","","","","","","","689.5933227539062","689.5933227539062","689.5933227539062"
"597896","","","","","","","","","","659.1624145507812","659.1624145507812","659.1624145507812","696.5923461914062","696.5923461914062","696.5923461914062"
"599176","","","","","","","","","","","","","705.044921875","705.044921875","705.044921875"
"599688","","","","","","","843.7869262695312","843.7869262695312","843.7869262695312","","","","","",""
"600200","1028.0643310546875","1028.0643310546875","1028.0643310546875","","","","","","","","","","711.0068359375","711.0068359375","711.0068359375"
"600712","","","","","","","","","","","","","717.1011352539062","717.1011352539062","717.1011352539062"
"601224","","","","","","","851.835205078125","851.835205078125","851.835205078125","","","","","",""
"601480","","","","786.4221801757812","786.4221801757812","786.4221801757812","","","","","","","","",""
"601992","","","","","","","","","","","","","723.929931640625","723.929931640625","723.929931640625"
"602248","","","","","","","847.8569946289062","847.8569946289062","847.8569946289062","","","","","",""
"603272","1029.1402587890625","1029.1402587890625","1029.1402587890625","","","","","","","","","","","",""
"604296","1029.4693603515625","1029.4693603515625","1029.4693603515625","","","","","","","","","","730.2118530273438","730.2118530273438","730.2118530273438"
"604808","","","","","","","","","","655.51708984375","655.51708984375","655.51708984375","737.8113403320312","737.8113403320312","737.8113403320312"
"605064","1031.4296875","1031.4296875","1031.4296875","","","","","","","","","","","",""
"605320","","","","","","","","","","","","","744.761962890625","744.761962890625","744.761962890625"
"605576","","","","","","","","","","650.8955078125","650.8955078125","650.8955078125","","",""
"605832","","","","","","","","","","","","","751.6414794921875","751.6414794921875","751.6414794921875"
"606088","1025.2667236328125","1025.2667236328125","1025.2667236328125","","","","","","","","","","","",""
"606600","","","","","","","840.4205322265625","840.4205322265625","840.4205322265625","","","","760.82421875","760.82421875","760.82421875"
"606856","","","","","","","","","","654.2828979492188","654.2828979492188","654.2828979492188","","",""
"607880","","","","","","","849.32177734375","849.32177734375","849.32177734375","","","","","",""
"609160","","","","786.6703491210938","786.6703491210938","786.6703491210938","","","","","","","","",""
"609672","1026.402099609375","1026.402099609375","1026.402099609375","","","","","","","","","","","",""
"610184","1030.2532958984375","1030.2532958984375","1030.2532958984375","790.4530029296875","790.4530029296875","790.4530029296875","","","","","","","763.97998046875","763.97998046875","763.97998046875"
"610440","","","","","","","842.2191162109375","842.2191162109375","842.2191162109375","","","","","",""
"610696","","","","","","","846.2822265625","846.2822265625","846.2822265625","","","","","",""
"611464","","","","","","","852.8989868164062","852.8989868164062","852.8989868164062","","","","","",""
"611720","1020.9528198242188","1020.9528198242188","1020.9528198242188","","","","","","","","","","","",""
"611976","1022.4391479492188","1022.4391479492188","1022.4391479492188","","","","","","","","","","","",""
"612488","1019.4893798828125","1019.4893798828125","1019.4893798828125","","","","","","","","","","","",""
"613256","","","","","","","846.0762329101562","846.0762329101562","846.0762329101562","","","","","",""
"614536","","","","","","","","","","653.1792602539062","653.1792602539062","653.1792602539062","","",""
"615560","1020.9149169921875","1020.9149169921875","1020.9149169921875","794.57568359375","794.57568359375","794.57568359375","","","","","","","","",""
"616072","","","","","","","","","","656.5590209960938","656.5590209960938","656.5590209960938","","",""
"616840","","","","","","","","","","","","","770.5857543945312","770.5857543945312","770.5857543945312"
"617096","","","","799.4277954101562","799.4277954101562","799.4277954101562","","","","","","","","",""
"617352","1018.4962158203125","1018.4962158203125","1018.4962158203125","","","","","","","","","","777.31640625","777.31640625","777.31640625"
"617608","","","","","","","845.75927734375","845.75927734375","845.75927734375","","","","","",""
"618632","","","","","","","852.1105346679688","852.1105346679688","852.1105346679688","","","","","",""
"618888","","","","","","","850.5575561523438","850.5575561523438","850.5575561523438","","","","","",""
"622216","","","","","","","","","","","","","783.120361328125","783.120361328125","783.120361328125"
"622472","","","","796.7352294921875","796.7352294921875","796.7352294921875","","","","","","","","",""
"622728","","","","797.5149536132812","797.5149536132812","797.5149536132812","","","","","","","","",""
"623240","","","","791.2748413085938","791.2748413085938","791.2748413085938","","","","","","","","",""
"623496","","","","","","","859.5690307617188","859.5690307617188","859.5690307617188","","","","","",""
"623752","","","","","","","868.4696044921875","868.4696044921875","868.4696044921875","","","","","",""
"624008","","","","","","","875.7589111328125","875.7589111328125","875.7589111328125","","","","","",""
"624776","","","","","","","868.1537475585938","868.1537475585938","868.1537475585938","","","","","",""
"625544","1022.6704711914062","1022.6704711914062","1022.6704711914062","794.984130859375","794.984130859375","794.984130859375","","","","","","","","",""
"626056","","","","792.7338256835938","792.7338256835938","792.7338256835938","","","","","","","","",""
"628360","","","","","","","877.665283203125","877.665283203125","877.665283203125","","","","790.7757568359375","790.7757568359375","790.7757568359375"
"628872","","","","787.1320190429688","787.1320190429688","787.1320190429688","","","","","","","","",""
"629640","","","","","","","872.9521484375","872.9521484375","872.9521484375","","","","","",""
"630152","","","","","","","","","","","","","805.343017578125","805.343017578125","805.343017578125"
"630664","","","","","","","882.0960083007812","882.0960083007812","882.0960083007812","","","","","",""
"630920","","","","","","","891.9775390625","891.9775390625","891.9775390625","","","","","",""
"631432","","","","791.6033935546875","791.6033935546875","791.6033935546875","","","","","","","","",""
"633224","","","","","","","","","","","","","818.6065673828125","818.6065673828125","818.6065673828125"
"633480","","","","","","","","","","","","","825.993896484375","825.993896484375","825.993896484375"
"633992","","","","","","","","","","662.6381225585938","662.6381225585938","662.6381225585938","","",""
"634504","","","","","","","","","","","","","825.4239501953125","825.4239501953125","825.4239501953125"
"635528","","","","","","","","","","667.563720703125","667.563720703125","667.563720703125","830.8402099609375","830.8402099609375","830.8402099609375"
"635784","","","","","","","","","","","","","838.1058349609375","838.1058349609375","838.1058349609375"
"636552","","","","791.044677734375","791.044677734375","791.044677734375","","","","","","","","",""
"637064","","","","793.1785888671875","793.1785888671875","793.1785888671875","","","","","","","","",""
"637320","","","","","","","884.4246826171875","884.4246826171875","884.4246826171875","","","","844.4366455078125","844.4366455078125","844.4366455078125"
"637576","","","","","","","","","","","","","845.7196655273438","845.7196655273438","845.7196655273438"
"637832","","","","797.7083129882812","797.7083129882812","797.7083129882812","","","","","","","","",""
"638344","","","","795.007568359375","795.007568359375","795.007568359375","","","","","","","","",""
"638856","","","","","","","","","","","","","853.0887451171875","853.0887451171875","853.0887451171875"
"639112","","","","788.198486328125","788.198486328125","788.198486328125","","","","","","","","",""
"639624","","","","","","","","","","665.5859375","665.5859375","665.5859375","","",""
"640136","","","","790.6052856445312","790.6052856445312","790.6052856445312","","","","","","","","",""
"640648","","","","","","","","","","","","","860.3352661132812","860.3352661132812","860.3352661132812"
"640904","","","","","","","","","","","","","867.0567626953125","867.0567626953125","867.0567626953125"
"641416","","","","794.4478759765625","794.4478759765625","794.4478759765625","","","","","","","","",""
"642696","","","","","","","","","","671.4824829101562","671.4824829101562","671.4824829101562","","",""
"642952","","","","","","","","","","","","","873.0578002929688","873.0578002929688","873.0578002929688"
"644232","","","","","","","","","","","","","879.8182373046875","879.8182373046875","879.8182373046875"
"644488","","","","","","","","","","","","","892.5396728515625","892.5396728515625","892.5396728515625"
"645000","","","","","","","","","","","","","899.3524169921875","899.3524169921875","899.3524169921875"
"646024","","","","","","","","","","675.8236083984375","675.8236083984375","675.8236083984375","","",""
"647560","","","","","","","","","","","","","905.2308349609375","905.2308349609375","905.2308349609375"
"648072","","","","","","","","","","","","","900.398681640625","900.398681640625","900.398681640625"
"648328","","","","798.1356811523438","798.1356811523438","798.1356811523438","","","","","","","","",""
"648584","","","","801.41015625","801.41015625","801.41015625","","","","","","","","",""
"649864","","","","","","","","","","681.3800659179688","681.3800659179688","681.3800659179688","","",""
"650376","1021.3380737304688","1021.3380737304688","1021.3380737304688","","","","","","","","","","","",""
"651144","","","","","","","895.3184814453125","895.3184814453125","895.3184814453125","681.4263305664062","681.4263305664062","681.4263305664062","","",""
"651400","","","","806.2791137695312","806.2791137695312","806.2791137695312","","","","","","","","",""
"651912","","","","","","","","","","","","","906.288818359375","906.288818359375","906.288818359375"
"652424","","","","807.7774658203125","807.7774658203125","807.7774658203125","","","","","","","","",""
"653448","","","","810.8812255859375","810.8812255859375","810.8812255859375","","","","","","","","",""
"653704","","","","815.5172729492188","815.5172729492188","815.5172729492188","","","","","","","","",""
"653960","","","","","","","","","","","","","910.32373046875","910.32373046875","910.32373046875"
"654984","","","","814.4577026367188","814.4577026367188","814.4577026367188","","","","","","","","",""
"655240","","","","","","","888.4268798828125","888.4268798828125","888.4268798828125","","","","","",""
"656520","","","","817.5932006835938","817.5932006835938","817.5932006835938","","","","","","","","",""
"656776","","","","","","","895.51513671875","895.51513671875","895.51513671875","","","","917.5971069335938","917.5971069335938","917.5971069335938"
"657032","","","","","","","","","","","","","925.1666259765625","925.1666259765625","925.1666259765625"
"657800","1020.6259155273438","1020.6259155273438","1020.6259155273438","812.1941528320312","812.1941528320312","812.1941528320312","","","","","","","932.2684936523438","932.2684936523438","932.2684936523438"
"658312","","","","","","","904.4171142578125","904.4171142578125","904.4171142578125","","","","","",""
"659336","","","","817.0465698242188","817.0465698242188","817.0465698242188","","","","","","","","",""
"659592","","","","824.5126342773438","824.5126342773438","824.5126342773438","","","","","","","936.7785034179688","936.7785034179688","936.7785034179688"
"659848","1017.43359375","1017.43359375","1017.43359375","","","","","","","","","","943.6393432617188","943.6393432617188","943.6393432617188"
"660616","","","","833.0480346679688","833.0480346679688","833.0480346679688","","","","","","","","",""
"662152","","","","837.5198364257812","837.5198364257812","837.5198364257812","","","","","","","","",""
"663688","1016.7501220703125","1016.7501220703125","1016.7501220703125","839.8306884765625","839.8306884765625","839.8306884765625","","","","","","","","",""
"664712","","","","844.0658569335938","844.0658569335938","844.0658569335938","","","","685.9238891601562","685.9238891601562","685.9238891601562","","",""
"664968","","","","","","","","","","","","","946.5715942382812","946.5715942382812","946.5715942382812"
"665224","","","","849.3423461914062","849.3423461914062","849.3423461914062","","","","","","","","",""
"665736","","","","853.4769287109375","853.4769287109375","853.4769287109375","","","","693.7595825195312","693.7595825195312","693.7595825195312","","",""
"666248","","","","857.3413696289062","857.3413696289062","857.3413696289062","","","","","","","","",""
"667528","","","","","","","913.2877807617188","913.2877807617188","913.2877807617188","","","","","",""
"668808","","","","","","","","","","694.5958251953125","694.5958251953125","694.5958251953125","","",""
"669320","1020.6630249023438","1020.6630249023438","1020.6630249023438","","","","","","","","","","","",""
"669832","","","","861.1802368164062","861.1802368164062","861.1802368164062","","","","","","","","",""
"670344","","","","","","","921.726318359375","921.726318359375","921.726318359375","","","","","",""
"670600","","","","866.0139770507812","866.0139770507812","866.0139770507812","","","","","","","","",""
"670856","","","","868.9518432617188","868.9518432617188","868.9518432617188","","","","","","","","",""
"671112","","","","","","","929.538818359375","929.538818359375","929.538818359375","","","","938.5913696289062","938.5913696289062","938.5913696289062"
"671368","","","","","","","","","","","","","939.8935546875","939.8935546875","939.8935546875"
"671880","","","","873.1934204101562","873.1934204101562","873.1934204101562","937.033935546875","937.033935546875","937.033935546875","","","","","",""
"672392","","","","876.7354736328125","876.7354736328125","876.7354736328125","","","","","","","","",""
"673160","","","","881.3836669921875","881.3836669921875","881.3836669921875","944.8349609375","944.8349609375","944.8349609375","","","","","",""
"673672","","","","","","","951.4464111328125","951.4464111328125","951.4464111328125","","","","","",""
"677000","","","","884.70654296875","884.70654296875","884.70654296875","","","","","","","","",""
"677512","","","","888.9496459960938","888.9496459960938","888.9496459960938","","","","694.7349853515625","694.7349853515625","694.7349853515625","","",""
"678024","","","","896.7639770507812","896.7639770507812","896.7639770507812","","","","","","","","",""
"678280","","","","900.884033203125","900.884033203125","900.884033203125","","","","","","","945.2486572265625","945.2486572265625","945.2486572265625"
"678536","","","","905.1618041992188","905.1618041992188","905.1618041992188","","","","","","","","",""
"678792","","","","908.3934326171875","908.3934326171875","908.3934326171875","","","","","","","","",""
"679048","","","","","","","","","","","","","952.8885498046875","952.8885498046875","952.8885498046875"
"679560","1024.7237548828125","1024.7237548828125","1024.7237548828125","","","","","","","695.7683715820312","695.7683715820312","695.7683715820312","","",""
"680584","","","","912.4057006835938","912.4057006835938","912.4057006835938","","","","","","","","",""
"681096","","","","917.7609252929688","917.7609252929688","917.7609252929688","958.3313598632812","958.3313598632812","958.3313598632812","","","","959.0075073242188","959.0075073242188","959.0075073242188"
"681864","","","","921.0109252929688","921.0109252929688","921.0109252929688","","","","","","","966.1801147460938","966.1801147460938","966.1801147460938"
"682376","","","","","","","966.2784423828125","966.2784423828125","966.2784423828125","","","","","",""
"682888","","","","924.4559936523438","924.4559936523438","924.4559936523438","","","","","","","","",""
"683144","1029.2105712890625","1029.2105712890625","1029.2105712890625","","","","","","","","","","959.2682495117188","959.2682495117188","959.2682495117188"
"683656","","","","","","","974.2442016601562","974.2442016601562","974.2442016601562","","","","","",""
"683912","","","","","","","","","","","","","966.7557373046875","966.7557373046875","966.7557373046875"
"684424","","","","928.47216796875","928.47216796875","928.47216796875","","","","","","","973.2384033203125","973.2384033203125","973.2384033203125"
"684936","","","","931.8622436523438","931.8622436523438","931.8622436523438","","","","","","","","",""
"685192","","","","923.8170166015625","923.8170166015625","923.8170166015625","980.5037841796875","980.5037841796875","980.5037841796875","","","","","",""
"685704","","","","930.4995727539062","930.4995727539062","930.4995727539062","","","","","","","","",""
"686216","","","","","","","","","","","","","979.5979614257812","979.5979614257812","979.5979614257812"
"686472","","","","937.390380859375","937.390380859375","937.390380859375","","","","","","","","",""
"686728","","","","","","","988.4531860351562","988.4531860351562","988.4531860351562","","","","","",""
"690568","","","","940.7565307617188","940.7565307617188","940.7565307617188","995.5205078125","995.5205078125","995.5205078125","","","","","",""
"691080","","","","944.8062133789062","944.8062133789062","944.8062133789062","","","","","","","","",""
"691592","","","","948.89990234375","948.89990234375","948.89990234375","","","","","","","","",""
"691848","","","","","","","","","","","","","985.22998046875","985.22998046875","985.22998046875"
"692872","1032.3101806640625","1032.3101806640625","1032.3101806640625","","","","","","","","","","978.1180419921875","978.1180419921875","978.1180419921875"
"693384","","","","","","","","","","","","","980.4500732421875","980.4500732421875","980.4500732421875"
"694408","","","","","","","","","","","","","984.3303833007812","984.3303833007812","984.3303833007812"
"694664","","","","","","","1002.5762329101562","1002.5762329101562","1002.5762329101562","","","","","",""
"695432","","","","","","","","","","","","","987.0451049804688","987.0451049804688","987.0451049804688"
"695688","","","","","","","","","","704.3153076171875","704.3153076171875","704.3153076171875","","",""
"695944","","","","","","","1009.4012451171875","1009.4012451171875","1009.4012451171875","","","","","",""
"696200","","","","","","","","","","","","","988.3067016601562","988.3067016601562","988.3067016601562"
"696712","","","","","","","","","","","","","994.983154296875","994.983154296875","994.983154296875"
"697480","","","","","","","1015.5653076171875","1015.5653076171875","1015.5653076171875","","","","1002.0975341796875","1002.0975341796875","1002.0975341796875"
"698248","","","","951.4012451171875","951.4012451171875","951.4012451171875","","","","","","","","",""
"698760","","","","955.1234741210938","955.1234741210938","955.1234741210938","","","","708.3988647460938","708.3988647460938","708.3988647460938","","",""
"699016","","","","958.2366943359375","958.2366943359375","958.2366943359375","","","","","","","","",""
"699272","","","","961.5548706054688","961.5548706054688","961.5548706054688","","","","","","","1008.2733154296875","1008.2733154296875","1008.2733154296875"
"699528","","","","965.9766845703125","965.9766845703125","965.9766845703125","1022.9085083007812","1022.9085083007812","1022.9085083007812","","","","","",""
"700040","","","","","","","1029.499267578125","1029.499267578125","1029.499267578125","","","","","",""
"700552","","","","","","","","","","707.178955078125","707.178955078125","707.178955078125","1006.7255249023438","1006.7255249023438","1006.7255249023438"
"701064","","","","969.3192749023438","969.3192749023438","969.3192749023438","","","","","","","1013.4171142578125","1013.4171142578125","1013.4171142578125"
"701320","","","","","","","","","","","","","1022.4778442382812","1022.4778442382812","1022.4778442382812"
"702344","","","","971.829345703125","971.829345703125","971.829345703125","","","","","","","","",""
"703368","","","","","","","1023.2823486328125","1023.2823486328125","1023.2823486328125","","","","","",""
"703624","","","","","","","1036.5679931640625","1036.5679931640625","1036.5679931640625","714.8994140625","714.8994140625","714.8994140625","","",""
"703880","","","","","","","1050.4835205078125","1050.4835205078125","1050.4835205078125","","","","","",""
"704392","1036.572998046875","1036.572998046875","1036.572998046875","976.4436645507812","976.4436645507812","976.4436645507812","1056.8621826171875","1056.8621826171875","1056.8621826171875","","","","","",""
"704904","","","","","","","1062.265625","1062.265625","1062.265625","","","","","",""
"705160","","","","979.5449829101562","979.5449829101562","979.5449829101562","","","","","","","","",""
"705672","","","","983.113037109375","983.113037109375","983.113037109375","","","","","","","1028.2291259765625","1028.2291259765625","1028.2291259765625"
"705928","1038.522216796875","1038.522216796875","1038.522216796875","","","","1068.1370849609375","1068.1370849609375","1068.1370849609375","","","","","",""
"706184","","","","987.0224609375","987.0224609375","987.0224609375","","","","","","","","",""
"706696","1042.0247802734375","1042.0247802734375","1042.0247802734375","","","","","","","","","","","",""
"706952","","","","992.6362915039062","992.6362915039062","992.6362915039062","","","","","","","","",""
"707208","","","","","","","1073.4781494140625","1073.4781494140625","1073.4781494140625","","","","","",""
"707720","","","","996.0137329101562","996.0137329101562","996.0137329101562","","","","","","","","",""
"707976","","","","","","","1081.4212646484375","1081.4212646484375","1081.4212646484375","","","","","",""
"708232","","","","998.2734985351562","998.2734985351562","998.2734985351562","","","","","","","","",""
"708488","","","","","","","1087.200927734375","1087.200927734375","1087.200927734375","","","","","",""
"709000","","","","","","","1092.295654296875","1092.295654296875","1092.295654296875","","","","","",""
"709256","","","","1001.8988037109375","1001.8988037109375","1001.8988037109375","","","","","","","","",""
"709512","1051.3568115234375","1051.3568115234375","1051.3568115234375","1011.4747314453125","1011.4747314453125","1011.4747314453125","","","","","","","","",""
"709768","","","","1014.31396484375","1014.31396484375","1014.31396484375","","","","","","","","",""
"710792","","","","","","","1098.31396484375","1098.31396484375","1098.31396484375","","","","","",""
"711048","","","","1016.656982421875","1016.656982421875","1016.656982421875","1103.8673095703125","1103.8673095703125","1103.8673095703125","","","","","",""
"711304","","","","","","","","","","723.090087890625","723.090087890625","723.090087890625","","",""
"711560","","","","","","","1122.1612548828125","1122.1612548828125","1122.1612548828125","719.0277709960938","719.0277709960938","719.0277709960938","","",""
"712072","","","","1021.985107421875","1021.985107421875","1021.985107421875","","","","","","","","",""
"712328","","","","1025.6341552734375","1025.6341552734375","1025.6341552734375","1114.6341552734375","1114.6341552734375","1114.6341552734375","","","","","",""
"712584","","","","","","","1120.019287109375","1120.019287109375","1120.019287109375","","","","","",""
"712840","","","","","","","1125.3226318359375","1125.3226318359375","1125.3226318359375","","","","1034.0408935546875","1034.0408935546875","1034.0408935546875"
"713352","","","","1028.903076171875","1028.903076171875","1028.903076171875","1130.589111328125","1130.589111328125","1130.589111328125","","","","","",""
"713864","","","","","","","1135.9444580078125","1135.9444580078125","1135.9444580078125","","","","","",""
"714120","","","","","","","","","","","","","1040.671142578125","1040.671142578125","1040.671142578125"
"714376","","","","","","","1139.2335205078125","1139.2335205078125","1139.2335205078125","","","","","",""
"714632","","","","1030.7257080078125","1030.7257080078125","1030.7257080078125","","","","","","","1046.1875","1046.1875","1046.1875"
"715144","","","","","","","1143.677001953125","1143.677001953125","1143.677001953125","","","","","",""
"715400","","","","1032.385009765625","1032.385009765625","1032.385009765625","1149.5294189453125","1149.5294189453125","1149.5294189453125","","","","","",""
"715656","","","","1035.78125","1035.78125","1035.78125","1157.2718505859375","1157.2718505859375","1157.2718505859375","","","","1053.7392578125","1053.7392578125","1053.7392578125"
"715912","1053.92236328125","1053.92236328125","1053.92236328125","1039.1241455078125","1039.1241455078125","1039.1241455078125","1165.951171875","1165.951171875","1165.951171875","","","","","",""
"716168","","","","","","","1177.5194091796875","1177.5194091796875","1177.5194091796875","","","","","",""
"716424","","","","","","","1181.760009765625","1181.760009765625","1181.760009765625","","","","1064.6654052734375","1064.6654052734375","1064.6654052734375"
"716680","1056.2706298828125","1056.2706298828125","1056.2706298828125","","","","","","","","","","","",""
"717192","1059.38525390625","1059.38525390625","1059.38525390625","","","","1189.0582275390625","1189.0582275390625","1189.0582275390625","","","","","",""
"717448","1063.297119140625","1063.297119140625","1063.297119140625","","","","","","","","","","","",""
"717704","","","","1042.2691650390625","1042.2691650390625","1042.2691650390625","","","","","","","","",""
"718216","","","","1044.88671875","1044.88671875","1044.88671875","","","","","","","","",""
"718472","","","","","","","1197.99365234375","1197.99365234375","1197.99365234375","","","","","",""
"718728","1066.4920654296875","1066.4920654296875","1066.4920654296875","","","","","","","","","","","",""
"718984","","","","1047.8406982421875","1047.8406982421875","1047.8406982421875","","","","","","","","",""
"719240","1072.9720458984375","1072.9720458984375","1072.9720458984375","1051.142822265625","1051.142822265625","1051.142822265625","1210.26123046875","1210.26123046875","1210.26123046875","","","","","",""
"720008","","","","1052.6590576171875","1052.6590576171875","1052.6590576171875","1215.54345703125","1215.54345703125","1215.54345703125","","","","","",""
"720264","","","","1054.9610595703125","1054.9610595703125","1054.9610595703125","","","","","","","","",""
"720520","","","","","","","1223.09619140625","1223.09619140625","1223.09619140625","","","","","",""
"720776","","","","","","","1227.0919189453125","1227.0919189453125","1227.0919189453125","","","","","",""
"721032","1076.9688720703125","1076.9688720703125","1076.9688720703125","","","","1230.2125244140625","1230.2125244140625","1230.2125244140625","","","","","",""
"721544","","","","1047.9215087890625","1047.9215087890625","1047.9215087890625","","","","","","","","",""
"722056","","","","","","","","","","","","","1070.1058349609375","1070.1058349609375","1070.1058349609375"
"722312","1080.293212890625","1080.293212890625","1080.293212890625","","","","1234.080322265625","1234.080322265625","1234.080322265625","","","","","",""
"722568","","","","","","","","","","721.1121826171875","721.1121826171875","721.1121826171875","","",""
"723080","","","","1050.1995849609375","1050.1995849609375","1050.1995849609375","","","","","","","","",""
"723336","","","","1052.2767333984375","1052.2767333984375","1052.2767333984375","1242.64794921875","1242.64794921875","1242.64794921875","","","","1075.2337646484375","1075.2337646484375","1075.2337646484375"
"723592","","","","","","","","","","","","","1081.1484375","1081.1484375","1081.1484375"
"724104","1083.6697998046875","1083.6697998046875","1083.6697998046875","","","","","","","","","","","",""
"724360","1087.9217529296875","1087.9217529296875","1087.9217529296875","","","","","","","","","","","",""
"724872","","","","","","","","","","","","","1087.298583984375","1087.298583984375","1087.298583984375"
"725128","","","","","","","","","","","","","1092.8563232421875","1092.8563232421875","1092.8563232421875"
"725640","","","","1054.9375","1054.9375","1054.9375","1245.361328125","1245.361328125","1245.361328125","","","","","",""
"725896","","","","","","","1249.60302734375","1249.60302734375","1249.60302734375","","","","","",""
"726408","","","","","","","1253.0714111328125","1253.0714111328125","1253.0714111328125","","","","","",""
"726664","","","","","","","","","","","","","1102.8856201171875","1102.8856201171875","1102.8856201171875"
"726920","1092.726806640625","1092.726806640625","1092.726806640625","","","","1255.9466552734375","1255.9466552734375","1255.9466552734375","","","","","",""
"727176","","","","","","","","","","","","","1109.8729248046875","1109.8729248046875","1109.8729248046875"
"727944","","","","","","","","","","","","","1115.7236328125","1115.7236328125","1115.7236328125"
"728200","","","","","","","","","","721.0263061523438","721.0263061523438","721.0263061523438","1122.59765625","1122.59765625","1122.59765625"
"728712","","","","","","","1265.963134765625","1265.963134765625","1265.963134765625","","","","","",""
"728968","1095.4517822265625","1095.4517822265625","1095.4517822265625","","","","","","","728.7098388671875","728.7098388671875","728.7098388671875","","",""
"729224","1091.142822265625","1091.142822265625","1091.142822265625","","","","","","","","","","","",""
"729480","","","","","","","","","","","","","1128.2781982421875","1128.2781982421875","1128.2781982421875"
"729736","","","","","","","1269.136474609375","1269.136474609375","1269.136474609375","736.7935791015625","736.7935791015625","736.7935791015625","","",""
"729992","1095.09326171875","1095.09326171875","1095.09326171875","","","","","","","","","","","",""
"731272","","","","","","","","","","","","","1134.5257568359375","1134.5257568359375","1134.5257568359375"
"731528","","","","1049.2401123046875","1049.2401123046875","1049.2401123046875","","","","","","","","",""
"732040","","","","","","","","","","745.0574340820312","745.0574340820312","745.0574340820312","","",""
"732296","","","","1052.220458984375","1052.220458984375","1052.220458984375","1273.371337890625","1273.371337890625","1273.371337890625","","","","","",""
"732552","","","","","","","","","","","","","1138.8726806640625","1138.8726806640625","1138.8726806640625"
"732808","1098.696044921875","1098.696044921875","1098.696044921875","","","","","","","","","","","",""
"733064","","","","1055.1275634765625","1055.1275634765625","1055.1275634765625","","","","","","","1145.213623046875","1145.213623046875","1145.213623046875"
"733320","1101.857177734375","1101.857177734375","1101.857177734375","","","","","","","","","","","",""
"733576","","","","","","","","","","752.8309936523438","752.8309936523438","752.8309936523438","","",""
"733832","1106.869140625","1106.869140625","1106.869140625","","","","1278.2235107421875","1278.2235107421875","1278.2235107421875","748.590087890625","748.590087890625","748.590087890625","1149.9017333984375","1149.9017333984375","1149.9017333984375"
"734088","","","","","","","1281.9671630859375","1281.9671630859375","1281.9671630859375","","","","","",""
"734344","","","","1046.116455078125","1046.116455078125","1046.116455078125","","","","","","","","",""
"734600","","","","","","","","","","","","","1161.993896484375","1161.993896484375","1161.993896484375"
"734856","","","","1047.682373046875","1047.682373046875","1047.682373046875","","","","","","","","",""
"735112","","","","","","","","","","","","","1167.7493896484375","1167.7493896484375","1167.7493896484375"
"735368","","","","","","","","","","","","","1174.3182373046875","1174.3182373046875","1174.3182373046875"
"735624","","","","","","","1284.8734130859375","1284.8734130859375","1284.8734130859375","755.8297729492188","755.8297729492188","755.8297729492188","","",""
"736136","1111.1348876953125","1111.1348876953125","1111.1348876953125","","","","","","","","","","","",""
"736392","","","","","","","1286.6595458984375","1286.6595458984375","1286.6595458984375","","","","1184.0711669921875","1184.0711669921875","1184.0711669921875"
"736648","1115.254150390625","1115.254150390625","1115.254150390625","1046.809814453125","1046.809814453125","1046.809814453125","","","","","","","1195.1558837890625","1195.1558837890625","1195.1558837890625"
"739720","1119.9332275390625","1119.9332275390625","1119.9332275390625","1038.1522216796875","1038.1522216796875","1038.1522216796875","","","","762.0745849609375","762.0745849609375","762.0745849609375","","",""
"740232","","","","1040.8118896484375","1040.8118896484375","1040.8118896484375","","","","","","","","",""
"740488","","","","1041.4617919921875","1041.4617919921875","1041.4617919921875","","","","","","","1200.501708984375","1200.501708984375","1200.501708984375"
"740744","","","","","","","1274.9609375","1274.9609375","1274.9609375","","","","","",""
"741256","","","","","","","","","","","","","1206.16259765625","1206.16259765625","1206.16259765625"
"741768","1124.032470703125","1124.032470703125","1124.032470703125","1042.773681640625","1042.773681640625","1042.773681640625","","","","","","","","",""
"742024","1126.976806640625","1126.976806640625","1126.976806640625","1043.6363525390625","1043.6363525390625","1043.6363525390625","","","","","","","","",""
"742280","1130.6912841796875","1130.6912841796875","1130.6912841796875","","","","","","","767.75341796875","767.75341796875","767.75341796875","","",""
"743048","","","","","","","","","","776.1580200195312","776.1580200195312","776.1580200195312","","",""
"743304","","","","","","","","","","780.5184326171875","780.5184326171875","780.5184326171875","","",""
"743560","","","","","","","","","","","","","1212.002197265625","1212.002197265625","1212.002197265625"
"744072","","","","","","","","","","","","","1216.2103271484375","1216.2103271484375","1216.2103271484375"
"744584","1133.711181640625","1133.711181640625","1133.711181640625","","","","","","","","","","","",""
"744840","","","","","","","1278.6090087890625","1278.6090087890625","1278.6090087890625","787.6873168945312","787.6873168945312","787.6873168945312","","",""
"745096","","","","","","","1280.328125","1280.328125","1280.328125","794.5830078125","794.5830078125","794.5830078125","1220.8427734375","1220.8427734375","1220.8427734375"
"745352","","","","1044.8602294921875","1044.8602294921875","1044.8602294921875","","","","","","","","",""
"745864","","","","","","","","","","801.4930419921875","801.4930419921875","801.4930419921875","","",""
"746376","","","","","","","","","","808.7670288085938","808.7670288085938","808.7670288085938","","",""
"746888","","","","1047.4554443359375","1047.4554443359375","1047.4554443359375","","","","816.0953979492188","816.0953979492188","816.0953979492188","","",""
"747400","","","","1050.7808837890625","1050.7808837890625","1050.7808837890625","","","","","","","1226.962890625","1226.962890625","1226.962890625"
"747912","","","","","","","","","","819.993408203125","819.993408203125","819.993408203125","1232.15966796875","1232.15966796875","1232.15966796875"
"748168","1138.6129150390625","1138.6129150390625","1138.6129150390625","","","","","","","","","","","",""
"748424","","","","","","","","","","","","","1237.941650390625","1237.941650390625","1237.941650390625"
"748936","","","","","","","1282.5855712890625","1282.5855712890625","1282.5855712890625","","","","","",""
"749448","1142.9388427734375","1142.9388427734375","1142.9388427734375","","","","","","","","","","","",""
"749704","1147.0931396484375","1147.0931396484375","1147.0931396484375","","","","","","","823.4537963867188","823.4537963867188","823.4537963867188","1243.555419921875","1243.555419921875","1243.555419921875"
"750472","","","","1053.8055419921875","1053.8055419921875","1053.8055419921875","","","","","","","","",""
"752264","","","","1057.349365234375","1057.349365234375","1057.349365234375","","","","","","","","",""
"752520","","","","","","","","","","","","","1248.4390869140625","1248.4390869140625","1248.4390869140625"
"754056","1150.2569580078125","1150.2569580078125","1150.2569580078125","","","","","","","830.7268676757812","830.7268676757812","830.7268676757812","","",""
"754312","1152.6109619140625","1152.6109619140625","1152.6109619140625","","","","","","","","","","","",""
"754568","","","","","","","","","","837.6337890625","837.6337890625","837.6337890625","","",""
"756616","","","","","","","","","","","","","1253.685302734375","1253.685302734375","1253.685302734375"
"757896","1157.279296875","1157.279296875","1157.279296875","","","","1271.4366455078125","1271.4366455078125","1271.4366455078125","","","","","",""
"758152","","","","1058.1693115234375","1058.1693115234375","1058.1693115234375","","","","","","","","",""
"758408","1161.0032958984375","1161.0032958984375","1161.0032958984375","","","","","","","","","","1258.0047607421875","1258.0047607421875","1258.0047607421875"
"758920","","","","","","","","","","844.3923950195312","844.3923950195312","844.3923950195312","","",""
"759944","","","","","","","","","","846.4595336914062","846.4595336914062","846.4595336914062","","",""
"760456","","","","1059.334228515625","1059.334228515625","1059.334228515625","","","","","","","","",""
"762248","","","","","","","","","","852.5721435546875","852.5721435546875","852.5721435546875","","",""
"762504","","","","","","","","","","860.3631591796875","860.3631591796875","860.3631591796875","","",""
"762760","","","","1049.830078125","1049.830078125","1049.830078125","","","","","","","","",""
"763016","","","","","","","","","","867.1964721679688","867.1964721679688","867.1964721679688","","",""
"763272","","","","","","","1273.2138671875","1273.2138671875","1273.2138671875","880.8203125","880.8203125","880.8203125","","",""
"764040","","","","","","","","","","886.9442749023438","886.9442749023438","886.9442749023438","","",""
"764552","","","","","","","","","","891.6680297851562","891.6680297851562","891.6680297851562","","",""
"765064","","","","","","","","","","898.1075439453125","898.1075439453125","898.1075439453125","","",""
"765320","","","","","","","1262.06689453125","1262.06689453125","1262.06689453125","","","","","",""
"765576","","","","","","","","","","904.0443725585938","904.0443725585938","904.0443725585938","","",""
"765832","","","","1052.58203125","1052.58203125","1052.58203125","","","","","","","1262.430419921875","1262.430419921875","1262.430419921875"
"766344","","","","","","","","","","","","","1268.53955078125","1268.53955078125","1268.53955078125"
"766600","1163.7432861328125","1163.7432861328125","1163.7432861328125","","","","","","","914.4839477539062","914.4839477539062","914.4839477539062","","",""
"767112","","","","","","","","","","919.761474609375","919.761474609375","919.761474609375","1273.64453125","1273.64453125","1273.64453125"
"767624","","","","","","","1263.9896240234375","1263.9896240234375","1263.9896240234375","924.4552001953125","924.4552001953125","924.4552001953125","1279.2532958984375","1279.2532958984375","1279.2532958984375"
"767880","1168.1014404296875","1168.1014404296875","1168.1014404296875","","","","","","","","","","","",""
"768136","","","","","","","","","","931.2835083007812","931.2835083007812","931.2835083007812","","",""
"768648","","","","1044.67626953125","1044.67626953125","1044.67626953125","","","","944.27685546875","944.27685546875","944.27685546875","","",""
"768904","","","","1040.346435546875","1040.346435546875","1040.346435546875","1264.603271484375","1264.603271484375","1264.603271484375","949.34912109375","949.34912109375","949.34912109375","","",""
"769416","","","","1030.7847900390625","1030.7847900390625","1030.7847900390625","","","","","","","","",""
"770184","","","","1032.0814208984375","1032.0814208984375","1032.0814208984375","","","","","","","","",""
"770952","","","","1026.8209228515625","1026.8209228515625","1026.8209228515625","","","","","","","","",""
"771208","1172.598388671875","1172.598388671875","1172.598388671875","","","","","","","","","","","",""
"771464","1176.5311279296875","1176.5311279296875","1176.5311279296875","","","","","","","","","","","",""
"771720","","","","","","","","","","953.4191284179688","953.4191284179688","953.4191284179688","1284.7989501953125","1284.7989501953125","1284.7989501953125"
"771976","","","","","","","1244.61279296875","1244.61279296875","1244.61279296875","","","","","",""
"772232","","","","1029.271728515625","1029.271728515625","1029.271728515625","","","","","","","","",""
"772488","","","","","","","","","","957.7715454101562","957.7715454101562","957.7715454101562","","",""
"772744","","","","","","","","","","963.5167846679688","963.5167846679688","963.5167846679688","","",""
"773000","1195.6163330078125","1195.6163330078125","1195.6163330078125","","","","","","","","","","","",""
"773512","1199.41162109375","1199.41162109375","1199.41162109375","","","","","","","","","","","",""
"773768","","","","","","","","","","969.112548828125","969.112548828125","969.112548828125","","",""
"774280","","","","","","","","","","974.0252685546875","974.0252685546875","974.0252685546875","","",""
"774536","","","","","","","","","","978.7763671875","978.7763671875","978.7763671875","","",""
"775816","1203.217529296875","1203.217529296875","1203.217529296875","","","","1246.6612548828125","1246.6612548828125","1246.6612548828125","","","","","",""
"776328","","","","","","","1249.7608642578125","1249.7608642578125","1249.7608642578125","983.904296875","983.904296875","983.904296875","","",""
"776840","","","","","","","","","","989.6032104492188","989.6032104492188","989.6032104492188","","",""
"777096","1206.1217041015625","1206.1217041015625","1206.1217041015625","","","","1250.826171875","1250.826171875","1250.826171875","","","","","",""
"777608","","","","1022.1607055664062","1022.1607055664062","1022.1607055664062","","","","","","","","",""
"778376","","","","","","","1256.5911865234375","1256.5911865234375","1256.5911865234375","","","","","",""
"778632","","","","","","","","","","994.2811279296875","994.2811279296875","994.2811279296875","","",""
"778888","","","","","","","","","","","","","1290.3463134765625","1290.3463134765625","1290.3463134765625"
"779144","1209.4271240234375","1209.4271240234375","1209.4271240234375","","","","","","","","","","","",""
"779656","","","","","","","","","","1005.0589599609375","1005.0589599609375","1005.0589599609375","","",""
"780424","","","","1013.6234130859375","1013.6234130859375","1013.6234130859375","1260.0885009765625","1260.0885009765625","1260.0885009765625","","","","1286.041015625","1286.041015625","1286.041015625"
"780936","","","","1015.6817016601562","1015.6817016601562","1015.6817016601562","1253.9700927734375","1253.9700927734375","1253.9700927734375","","","","","",""
"782472","1212.6148681640625","1212.6148681640625","1212.6148681640625","","","","","","","1021.7489013671875","1021.7489013671875","1021.7489013671875","","",""
"782984","","","","","","","","","","1024.5675048828125","1024.5675048828125","1024.5675048828125","","",""
"784008","1216.40625","1216.40625","1216.40625","","","","","","","","","","","",""
"784264","","","","1006.7545776367188","1006.7545776367188","1006.7545776367188","","","","","","","","",""
"784520","1219.9312744140625","1219.9312744140625","1219.9312744140625","","","","","","","","","","","",""
"785544","1223.6177978515625","1223.6177978515625","1223.6177978515625","","","","1243.044677734375","1243.044677734375","1243.044677734375","","","","","",""
"786312","","","","","","","1243.695068359375","1243.695068359375","1243.695068359375","","","","","",""
"786568","1227.4296875","1227.4296875","1227.4296875","","","","","","","","","","","",""
"786824","","","","","","","","","","1028.647216796875","1028.647216796875","1028.647216796875","","",""
"787080","1230.99853515625","1230.99853515625","1230.99853515625","","","","","","","","","","","",""
"787336","","","","","","","","","","1034.1993408203125","1034.1993408203125","1034.1993408203125","","",""
"788616","","","","1010.6161499023438","1010.6161499023438","1010.6161499023438","","","","1039.553466796875","1039.553466796875","1039.553466796875","","",""
"788872","","","","","","","1244.8155517578125","1244.8155517578125","1244.8155517578125","","","","1275.42138671875","1275.42138671875","1275.42138671875"
"789128","","","","","","","1249.381103515625","1249.381103515625","1249.381103515625","","","","","",""
"789384","","","","","","","","","","1044.4566650390625","1044.4566650390625","1044.4566650390625","","",""
"789640","","","","","","","","","","1048.66162109375","1048.66162109375","1048.66162109375","","",""
"789896","","","","","","","","","","1053.613037109375","1053.613037109375","1053.613037109375","","",""
"790408","","","","","","","","","","1057.5738525390625","1057.5738525390625","1057.5738525390625","","",""
"791688","1233.327880859375","1233.327880859375","1233.327880859375","","","","","","","","","","","",""
"792200","1236.2587890625","1236.2587890625","1236.2587890625","1014.134033203125","1014.134033203125","1014.134033203125","","","","","","","","",""
"792456","","","","1008.9154663085938","1008.9154663085938","1008.9154663085938","1239.9525146484375","1239.9525146484375","1239.9525146484375","","","","","",""
"792968","","","","","","","","","","1063.566650390625","1063.566650390625","1063.566650390625","","",""
"793480","1239.17529296875","1239.17529296875","1239.17529296875","","","","1243.3970947265625","1243.3970947265625","1243.3970947265625","","","","","",""
"793992","1242.2467041015625","1242.2467041015625","1242.2467041015625","","","","","","","1067.9874267578125","1067.9874267578125","1067.9874267578125","","",""
"794248","","","","","","","","","","1073.269775390625","1073.269775390625","1073.269775390625","","",""
"794504","1245.472900390625","1245.472900390625","1245.472900390625","","","","","","","1077.4627685546875","1077.4627685546875","1077.4627685546875","","",""
"795528","1248.497802734375","1248.497802734375","1248.497802734375","","","","","","","","","","","",""
"795784","1251.3804931640625","1251.3804931640625","1251.3804931640625","","","","","","","","","","","",""
"796040","1254.201416015625","1254.201416015625","1254.201416015625","","","","","","","","","","","",""
"796296","","","","","","","1248.7237548828125","1248.7237548828125","1248.7237548828125","","","","","",""
"796552","1256.9039306640625","1256.9039306640625","1256.9039306640625","","","","1247.7735595703125","1247.7735595703125","1247.7735595703125","","","","","",""
"796808","","","","","","","","","","1081.2366943359375","1081.2366943359375","1081.2366943359375","","",""
"797064","","","","","","","","","","1086.0537109375","1086.0537109375","1086.0537109375","","",""
"797576","1259.971435546875","1259.971435546875","1259.971435546875","","","","","","","","","","","",""
"797832","","","","","","","1249.0460205078125","1249.0460205078125","1249.0460205078125","1089.50390625","1089.50390625","1089.50390625","","",""
"798344","1263.0421142578125","1263.0421142578125","1263.0421142578125","","","","","","","","","","","",""
"798856","","","","","","","","","","1079.3153076171875","1079.3153076171875","1079.3153076171875","","",""
"799368","1266.0799560546875","1266.0799560546875","1266.0799560546875","","","","","","","","","","","",""
"799624","1268.31396484375","1268.31396484375","1268.31396484375","","","","","","","","","","","",""
"800904","","","","","","","","","","1072.2515869140625","1072.2515869140625","1072.2515869140625","","",""
"801160","","","","","","","1249.3502197265625","1249.3502197265625","1249.3502197265625","","","","","",""
"801672","1271.277099609375","1271.277099609375","1271.277099609375","","","","","","","1077.7030029296875","1077.7030029296875","1077.7030029296875","","",""
"801928","","","","","","","","","","","","","1282.11474609375","1282.11474609375","1282.11474609375"
"802440","1274.0194091796875","1274.0194091796875","1274.0194091796875","","","","","","","1080.934326171875","1080.934326171875","1080.934326171875","1288.5416259765625","1288.5416259765625","1288.5416259765625"
"802952","","","","","","","","","","1086.3907470703125","1086.3907470703125","1086.3907470703125","","",""
"803208","1276.6136474609375","1276.6136474609375","1276.6136474609375","","","","","","","","","","","",""
"804232","","","","1004.3316040039062","1004.3316040039062","1004.3316040039062","","","","","","","","",""
"804744","1278.8863525390625","1278.8863525390625","1278.8863525390625","","","","1253.191650390625","1253.191650390625","1253.191650390625","","","","","",""
"805512","1281.822509765625","1281.822509765625","1281.822509765625","","","","","","","","","","","",""
"806024","1284.359130859375","1284.359130859375","1284.359130859375","","","","","","","","","","","",""
"806280","1286.83251953125","1286.83251953125","1286.83251953125","","","","","","","","","","1294.9019775390625","1294.9019775390625","1294.9019775390625"
"806792","","","","","","","","","","1095.5875244140625","1095.5875244140625","1095.5875244140625","","",""
"808072","","","","","","","","","","1100.8157958984375","1100.8157958984375","1100.8157958984375","","",""
"808328","1289.3603515625","1289.3603515625","1289.3603515625","","","","","","","","","","","",""
"808584","1292.8856201171875","1292.8856201171875","1292.8856201171875","","","","","","","","","","","",""
"809352","1295.1956787109375","1295.1956787109375","1295.1956787109375","","","","","","","","","","","",""
"810632","1297.7149658203125","1297.7149658203125","1297.7149658203125","","","","","","","","","","","",""
"810888","","","","1001.2417602539062","1001.2417602539062","1001.2417602539062","","","","","","","","",""
"811400","","","","","","","","","","1110.3746337890625","1110.3746337890625","1110.3746337890625","","",""
"812168","","","","","","","","","","1115.329833984375","1115.329833984375","1115.329833984375","","",""
"812680","1299.991943359375","1299.991943359375","1299.991943359375","","","","","","","","","","","",""
"813192","","","","995.8778076171875","995.8778076171875","995.8778076171875","","","","","","","","",""
"813448","","","","","","","","","","1118.3629150390625","1118.3629150390625","1118.3629150390625","","",""
"813960","1302.7398681640625","1302.7398681640625","1302.7398681640625","","","","","","","","","","","",""
"814216","1304.3114013671875","1304.3114013671875","1304.3114013671875","","","","","","","","","","1298.6595458984375","1298.6595458984375","1298.6595458984375"
"814472","1306.66455078125","1306.66455078125","1306.66455078125","","","","","","","","","","","",""
"815752","1309.139892578125","1309.139892578125","1309.139892578125","","","","","","","","","","","",""
"816008","1311.4906005859375","1311.4906005859375","1311.4906005859375","","","","","","","","","","1304.3111572265625","1304.3111572265625","1304.3111572265625"
"816264","1314.626220703125","1314.626220703125","1314.626220703125","","","","","","","","","","","",""
"817544","1317.048828125","1317.048828125","1317.048828125","","","","","","","","","","","",""
"819336","","","","","","","1253.1719970703125","1253.1719970703125","1253.1719970703125","","","","","",""
"820360","","","","","","","","","","1122.6090087890625","1122.6090087890625","1122.6090087890625","","",""
"821384","","","","","","","","","","","","","1309.8671875","1309.8671875","1309.8671875"
"822664","","","","","","","","","","1127.2225341796875","1127.2225341796875","1127.2225341796875","","",""
"822920","","","","","","","","","","1136.8079833984375","1136.8079833984375","1136.8079833984375","","",""
"823688","1318.4888916015625","1318.4888916015625","1318.4888916015625","","","","","","","1140.70947265625","1140.70947265625","1140.70947265625","","",""
"823944","","","","990.7243041992188","990.7243041992188","990.7243041992188","","","","","","","","",""
"825224","","","","","","","","","","","","","1314.7535400390625","1314.7535400390625","1314.7535400390625"
"825480","1321.37841796875","1321.37841796875","1321.37841796875","","","","","","","","","","","",""
"825992","","","","","","","","","","1143.007568359375","1143.007568359375","1143.007568359375","","",""
"826760","1323.1495361328125","1323.1495361328125","1323.1495361328125","","","","","","","","","","","",""
"827016","","","","","","","","","","","","","1320.3360595703125","1320.3360595703125","1320.3360595703125"
"827272","","","","","","","","","","1147.1688232421875","1147.1688232421875","1147.1688232421875","","",""
"827528","","","","","","","","","","1154.9453125","1154.9453125","1154.9453125","","",""
"827784","","","","","","","","","","1159.6595458984375","1159.6595458984375","1159.6595458984375","","",""
"828296","","","","","","","","","","1163.9749755859375","1163.9749755859375","1163.9749755859375","","",""
"829320","1325.6553955078125","1325.6553955078125","1325.6553955078125","","","","","","","","","","","",""
"829832","","","","","","","","","","1167.8360595703125","1167.8360595703125","1167.8360595703125","1326.7718505859375","1326.7718505859375","1326.7718505859375"
"830088","","","","","","","1251.547119140625","1251.547119140625","1251.547119140625","1172.1319580078125","1172.1319580078125","1172.1319580078125","","",""
"830600","1327.980712890625","1327.980712890625","1327.980712890625","","","","","","","","","","","",""
"830856","1329.242431640625","1329.242431640625","1329.242431640625","","","","","","","1177.197998046875","1177.197998046875","1177.197998046875","","",""
"833160","","","","","","","","","","","","","1331.6798095703125","1331.6798095703125","1331.6798095703125"
"833672","","","","","","","","","","1182.20751953125","1182.20751953125","1182.20751953125","","",""
"834184","1331.5147705078125","1331.5147705078125","1331.5147705078125","","","","","","","","","","","",""
"835464","","","","989.6948852539062","989.6948852539062","989.6948852539062","","","","","","","","",""
"837768","","","","986.003662109375","986.003662109375","986.003662109375","","","","","","","","",""
"838024","1333.489990234375","1333.489990234375","1333.489990234375","985.2534790039062","985.2534790039062","985.2534790039062","","","","","","","","",""
"838280","","","","","","","","","","1186.544921875","1186.544921875","1186.544921875","","",""
"838536","","","","","","","","","","1190.3846435546875","1190.3846435546875","1190.3846435546875","","",""
"839560","1334.895751953125","1334.895751953125","1334.895751953125","","","","","","","1182.646240234375","1182.646240234375","1182.646240234375","","",""
"839816","","","","","","","","","","1187.4932861328125","1187.4932861328125","1187.4932861328125","","",""
"841096","","","","","","","1251.45654296875","1251.45654296875","1251.45654296875","","","","","",""
"841352","","","","","","","1253.73974609375","1253.73974609375","1253.73974609375","","","","","",""
"841608","1338.2293701171875","1338.2293701171875","1338.2293701171875","","","","","","","1190.139404296875","1190.139404296875","1190.139404296875","","",""
"843656","","","","984.2599487304688","984.2599487304688","984.2599487304688","","","","","","","","",""
"844680","","","","","","","","","","1192.914794921875","1192.914794921875","1192.914794921875","","",""
"845192","1340.6553955078125","1340.6553955078125","1340.6553955078125","","","","","","","1196.918701171875","1196.918701171875","1196.918701171875","","",""
"845704","","","","","","","","","","","","","1335.1363525390625","1335.1363525390625","1335.1363525390625"
"846472","","","","","","","1249.1923828125","1249.1923828125","1249.1923828125","","","","","",""
"847240","1342.5836181640625","1342.5836181640625","1342.5836181640625","","","","","","","","","","1342.1009521484375","1342.1009521484375","1342.1009521484375"
"847496","1344.1290283203125","1344.1290283203125","1344.1290283203125","","","","","","","","","","","",""
"847752","","","","","","","","","","1200.6240234375","1200.6240234375","1200.6240234375","","",""
"848520","1346.0548095703125","1346.0548095703125","1346.0548095703125","","","","","","","1204.1484375","1204.1484375","1204.1484375","","",""
"848776","1348.28076171875","1348.28076171875","1348.28076171875","","","","","","","","","","","",""
"849288","","","","","","","","","","","","","1347.5379638671875","1347.5379638671875","1347.5379638671875"
"850568","","","","","","","","","","","","","1352.742431640625","1352.742431640625","1352.742431640625"
"851080","1351.2633056640625","1351.2633056640625","1351.2633056640625","","","","","","","","","","","",""
"851592","","","","","","","1250.7506103515625","1250.7506103515625","1250.7506103515625","","","","","",""
"851848","1352.689453125","1352.689453125","1352.689453125","","","","","","","","","","","",""
"852616","","","","","","","","","","","","","1358.7177734375","1358.7177734375","1358.7177734375"
"853128","","","","","","","","","","1208.283203125","1208.283203125","1208.283203125","","",""
"853384","","","","","","","","","","","","","1361.6468505859375","1361.6468505859375","1361.6468505859375"
"853896","","","","","","","","","","1212.2337646484375","1212.2337646484375","1212.2337646484375","1366.7430419921875","1366.7430419921875","1366.7430419921875"
"855176","","","","","","","","","","","","","1372.344482421875","1372.344482421875","1372.344482421875"
"855688","","","","","","","1249.285400390625","1249.285400390625","1249.285400390625","","","","","",""
"856200","1354.242431640625","1354.242431640625","1354.242431640625","","","","","","","","","","1378.0206298828125","1378.0206298828125","1378.0206298828125"
"856712","","","","","","","","","","","","","1383.9344482421875","1383.9344482421875","1383.9344482421875"
"857224","","","","","","","1252.4136962890625","1252.4136962890625","1252.4136962890625","","","","","",""
"857480","","","","984.884033203125","984.884033203125","984.884033203125","","","","","","","","",""
"857992","","","","","","","","","","","","","1389.13134765625","1389.13134765625","1389.13134765625"
"858248","","","","","","","1254.1182861328125","1254.1182861328125","1254.1182861328125","","","","","",""
"859272","1355.3529052734375","1355.3529052734375","1355.3529052734375","","","","","","","","","","","",""
"860296","1357.22705078125","1357.22705078125","1357.22705078125","","","","","","","","","","1394.782958984375","1394.782958984375","1394.782958984375"
"860808","","","","","","","","","","1214.96923828125","1214.96923828125","1214.96923828125","","",""
"861064","1359.44482421875","1359.44482421875","1359.44482421875","","","","","","","","","","","",""
"861320","","","","","","","","","","","","","1399.3951416015625","1399.3951416015625","1399.3951416015625"
"861576","","","","","","","","","","1219.8778076171875","1219.8778076171875","1219.8778076171875","","",""
"861832","","","","","","","","","","","","","1404.21484375","1404.21484375","1404.21484375"
"862088","1361.664794921875","1361.664794921875","1361.664794921875","","","","","","","","","","","",""
"862600","","","","","","","1256.27880859375","1256.27880859375","1256.27880859375","","","","1409.110107421875","1409.110107421875","1409.110107421875"
"862856","","","","","","","","","","1223.230224609375","1223.230224609375","1223.230224609375","","",""
"865160","","","","989.8555297851562","989.8555297851562","989.8555297851562","","","","","","","","",""
"865672","1363.535400390625","1363.535400390625","1363.535400390625","","","","","","","","","","","",""
"866184","1365.7633056640625","1365.7633056640625","1365.7633056640625","989.8209228515625","989.8209228515625","989.8209228515625","","","","","","","1414.02197265625","1414.02197265625","1414.02197265625"
"866440","","","","","","","1256.231689453125","1256.231689453125","1256.231689453125","","","","","",""
"866696","","","","","","","1259.7781982421875","1259.7781982421875","1259.7781982421875","","","","","",""
"867464","","","","","","","1262.60595703125","1262.60595703125","1262.60595703125","","","","","",""
"867720","1367.8165283203125","1367.8165283203125","1367.8165283203125","","","","","","","","","","","",""
"867976","1370.0186767578125","1370.0186767578125","1370.0186767578125","","","","","","","","","","","",""
"868488","1371.0164794921875","1371.0164794921875","1371.0164794921875","","","","","","","1220.848388671875","1220.848388671875","1220.848388671875","","",""
"869256","","","","","","","1266.7943115234375","1266.7943115234375","1266.7943115234375","","","","","",""
"870536","","","","","","","","","","1219.760009765625","1219.760009765625","1219.760009765625","","",""
"871560","1372.024658203125","1372.024658203125","1372.024658203125","990.78515625","990.78515625","990.78515625","","","","","","","","",""
"872072","","","","","","","","","","1224.3758544921875","1224.3758544921875","1224.3758544921875","","",""
"872840","","","","","","","","","","","","","1418.615966796875","1418.615966796875","1418.615966796875"
"873096","1367.086181640625","1367.086181640625","1367.086181640625","","","","","","","","","","","",""
"873352","1368.9085693359375","1368.9085693359375","1368.9085693359375","","","","","","","","","","1424.1697998046875","1424.1697998046875","1424.1697998046875"
"873608","","","","","","","1272.5758056640625","1272.5758056640625","1272.5758056640625","","","","","",""
"874888","","","","","","","1273.45556640625","1273.45556640625","1273.45556640625","","","","","",""
"878216","","","","","","","","","","","","","1428.871337890625","1428.871337890625","1428.871337890625"
"878472","","","","996.4540405273438","996.4540405273438","996.4540405273438","","","","","","","","",""
"879752","","","","","","","1277.5716552734375","1277.5716552734375","1277.5716552734375","","","","","",""
"880008","","","","","","","1281.685302734375","1281.685302734375","1281.685302734375","","","","","",""
"880776","","","","","","","1285.9368896484375","1285.9368896484375","1285.9368896484375","","","","","",""
"881544","","","","1002.1986694335938","1002.1986694335938","1002.1986694335938","","","","","","","","",""
"884360","","","","","","","","","","","","","1434.7391357421875","1434.7391357421875","1434.7391357421875"
"884872","1367.20947265625","1367.20947265625","1367.20947265625","","","","","","","","","","","",""
"885640","","","","","","","1289.49072265625","1289.49072265625","1289.49072265625","","","","","",""
"886152","","","","","","","","","","","","","1444.593505859375","1444.593505859375","1444.593505859375"
"886664","","","","","","","1288.556396484375","1288.556396484375","1288.556396484375","","","","","",""
"886920","","","","","","","1290.704345703125","1290.704345703125","1290.704345703125","","","","","",""
"887432","","","","1006.692626953125","1006.692626953125","1006.692626953125","","","","","","","","",""
"889224","","","","","","","","","","","","","1455.7921142578125","1455.7921142578125","1455.7921142578125"
"889480","","","","","","","","","","","","","1460.538818359375","1460.538818359375","1460.538818359375"
"889992","","","","","","","","","","1228.5947265625","1228.5947265625","1228.5947265625","","",""
"890504","","","","","","","","","","","","","1469.8211669921875","1469.8211669921875","1469.8211669921875"
"891528","","","","","","","","","","1232.1558837890625","1232.1558837890625","1232.1558837890625","","",""
"891784","","","","","","","","","","","","","1474.7388916015625","1474.7388916015625","1474.7388916015625"
"892552","","","","1009.891357421875","1009.891357421875","1009.891357421875","","","","","","","","",""
"893064","","","","1013.7088012695312","1013.7088012695312","1013.7088012695312","","","","","","","","",""
"893320","","","","","","","1291.759521484375","1291.759521484375","1291.759521484375","","","","1478.23291015625","1478.23291015625","1478.23291015625"
"893576","","","","","","","","","","","","","1481.2745361328125","1481.2745361328125","1481.2745361328125"
"893832","","","","1018.7741088867188","1018.7741088867188","1018.7741088867188","","","","","","","","",""
"894344","","","","1024.70166015625","1024.70166015625","1024.70166015625","","","","","","","","",""
"894856","","","","","","","","","","","","","1486.685302734375","1486.685302734375","1486.685302734375"
"895112","","","","1029.84619140625","1029.84619140625","1029.84619140625","","","","","","","","",""
"895624","1363.894287109375","1363.894287109375","1363.894287109375","","","","","","","1235.9705810546875","1235.9705810546875","1235.9705810546875","","",""
"896136","","","","1032.7255859375","1032.7255859375","1032.7255859375","","","","","","","","",""
"896648","","","","","","","","","","","","","1491.619140625","1491.619140625","1491.619140625"
"896904","","","","","","","","","","","","","1496.8797607421875","1496.8797607421875","1496.8797607421875"
"897416","","","","1037.9720458984375","1037.9720458984375","1037.9720458984375","","","","","","","","",""
"897672","","","","1031.6461181640625","1031.6461181640625","1031.6461181640625","","","","","","","","",""
"898696","","","","","","","","","","1244.7569580078125","1244.7569580078125","1244.7569580078125","","",""
"898952","","","","","","","","","","","","","1502.22314453125","1502.22314453125","1502.22314453125"
"900232","","","","","","","","","","","","","1507.0576171875","1507.0576171875","1507.0576171875"
"900488","","","","","","","","","","1240.2496337890625","1240.2496337890625","1240.2496337890625","1511.87109375","1511.87109375","1511.87109375"
"900744","1360.817626953125","1360.817626953125","1360.817626953125","","","","","","","","","","","",""
"901000","","","","","","","","","","","","","1517.353759765625","1517.353759765625","1517.353759765625"
"902024","1358.8057861328125","1358.8057861328125","1358.8057861328125","","","","","","","1241.6439208984375","1241.6439208984375","1241.6439208984375","","",""
"903048","1355.685546875","1355.685546875","1355.685546875","","","","","","","","","","","",""
"903560","","","","","","","","","","","","","1520.60400390625","1520.60400390625","1520.60400390625"
"904072","1351.5335693359375","1351.5335693359375","1351.5335693359375","","","","","","","","","","","",""
"904328","","","","1037.1939697265625","1037.1939697265625","1037.1939697265625","","","","","","","","",""
"904584","","","","1040.982666015625","1040.982666015625","1040.982666015625","","","","","","","","",""
"905864","","","","","","","","","","1245.3924560546875","1245.3924560546875","1245.3924560546875","","",""
"906376","1354.353271484375","1354.353271484375","1354.353271484375","","","","","","","","","","","",""
"907144","","","","","","","1295.640869140625","1295.640869140625","1295.640869140625","1249.0882568359375","1249.0882568359375","1249.0882568359375","","",""
"907912","","","","","","","","","","","","","1526.0325927734375","1526.0325927734375","1526.0325927734375"
"908424","","","","1046.3297119140625","1046.3297119140625","1046.3297119140625","","","","","","","","",""
"909704","","","","1052.19384765625","1052.19384765625","1052.19384765625","","","","","","","","",""
"909960","","","","","","","","","","","","","1531.8802490234375","1531.8802490234375","1531.8802490234375"
"910984","","","","1057.1048583984375","1057.1048583984375","1057.1048583984375","","","","","","","","",""
"911240","","","","","","","1298.0599365234375","1298.0599365234375","1298.0599365234375","","","","","",""
"912520","","","","1063.09619140625","1063.09619140625","1063.09619140625","","","","","","","","",""
"912776","","","","","","","","","","","","","1537.2142333984375","1537.2142333984375","1537.2142333984375"
"913032","","","","","","","","","","","","","1541.7017822265625","1541.7017822265625","1541.7017822265625"
"913800","1356.7552490234375","1356.7552490234375","1356.7552490234375","","","","","","","","","","1546.973876953125","1546.973876953125","1546.973876953125"
"914312","","","","","","","1297.0142822265625","1297.0142822265625","1297.0142822265625","","","","","",""
"915336","","","","1069.391357421875","1069.391357421875","1069.391357421875","","","","","","","","",""
"915592","","","","1074.573486328125","1074.573486328125","1074.573486328125","","","","","","","1551.5264892578125","1551.5264892578125","1551.5264892578125"
"915848","1359.527587890625","1359.527587890625","1359.527587890625","","","","","","","","","","1556.572021484375","1556.572021484375","1556.572021484375"
"916360","1356.981689453125","1356.981689453125","1356.981689453125","","","","","","","","","","1555.47998046875","1555.47998046875","1555.47998046875"
"916616","","","","1082.5406494140625","1082.5406494140625","1082.5406494140625","","","","","","","","",""
"919432","","","","1077.5743408203125","1077.5743408203125","1077.5743408203125","","","","","","","","",""
"919688","","","","1080.4232177734375","1080.4232177734375","1080.4232177734375","","","","","","","","",""
"920712","","","","1084.9815673828125","1084.9815673828125","1084.9815673828125","","","","1252.5716552734375","1252.5716552734375","1252.5716552734375","","",""
"920968","","","","","","","","","","","","","1559.6468505859375","1559.6468505859375","1559.6468505859375"
"921224","","","","1088.862060546875","1088.862060546875","1088.862060546875","","","","","","","","",""
"921736","","","","1093.9505615234375","1093.9505615234375","1093.9505615234375","","","","1255.394775390625","1255.394775390625","1255.394775390625","","",""
"922248","","","","1099.26416015625","1099.26416015625","1099.26416015625","","","","","","","","",""
"923272","","","","1094.4384765625","1094.4384765625","1094.4384765625","","","","","","","","",""
"923528","","","","","","","1300.396240234375","1300.396240234375","1300.396240234375","","","","","",""
"925320","1359.7904052734375","1359.7904052734375","1359.7904052734375","","","","","","","","","","","",""
"925832","","","","1091.1866455078125","1091.1866455078125","1091.1866455078125","1299.71142578125","1299.71142578125","1299.71142578125","","","","","",""
"926344","","","","","","","1302.5887451171875","1302.5887451171875","1302.5887451171875","","","","","",""
"926600","","","","1096.630615234375","1096.630615234375","1096.630615234375","","","","","","","","",""
"927112","","","","","","","1305.4698486328125","1305.4698486328125","1305.4698486328125","","","","1564.2266845703125","1564.2266845703125","1564.2266845703125"
"927368","","","","","","","","","","","","","1568.35009765625","1568.35009765625","1568.35009765625"
"927880","","","","1102.2755126953125","1102.2755126953125","1102.2755126953125","1308.4129638671875","1308.4129638671875","1308.4129638671875","","","","","",""
"928392","","","","1109.9273681640625","1109.9273681640625","1109.9273681640625","","","","","","","","",""
"929160","1348.056396484375","1348.056396484375","1348.056396484375","1114.6246337890625","1114.6246337890625","1114.6246337890625","1310.968505859375","1310.968505859375","1310.968505859375","","","","","",""
"929672","","","","","","","1313.7276611328125","1313.7276611328125","1313.7276611328125","","","","","",""
"931720","1348.401123046875","1348.401123046875","1348.401123046875","","","","","","","","","","","",""
"933000","","","","1118.2109375","1118.2109375","1118.2109375","","","","","","","","",""
"933512","","","","1122.22509765625","1122.22509765625","1122.22509765625","","","","1258.0936279296875","1258.0936279296875","1258.0936279296875","","",""
"933768","","","","1114.3919677734375","1114.3919677734375","1114.3919677734375","","","","","","","","",""
"934024","","","","1124.6617431640625","1124.6617431640625","1124.6617431640625","","","","","","","","",""
"934280","","","","1129.33349609375","1129.33349609375","1129.33349609375","","","","","","","1560.08984375","1560.08984375","1560.08984375"
"934536","","","","1134.4327392578125","1134.4327392578125","1134.4327392578125","","","","","","","","",""
"934792","","","","1139.0555419921875","1139.0555419921875","1139.0555419921875","","","","","","","","",""
"935560","1350.8607177734375","1350.8607177734375","1350.8607177734375","","","","","","","1260.504638671875","1260.504638671875","1260.504638671875","","",""
"937096","","","","1145.4716796875","1145.4716796875","1145.4716796875","1312.711181640625","1312.711181640625","1312.711181640625","","","","1565.5950927734375","1565.5950927734375","1565.5950927734375"
"937864","","","","1151.1309814453125","1151.1309814453125","1151.1309814453125","","","","","","","1570.986328125","1570.986328125","1570.986328125"
"938376","","","","","","","1315.30712890625","1315.30712890625","1315.30712890625","","","","","",""
"938888","","","","1151.994384765625","1151.994384765625","1151.994384765625","","","","","","","","",""
"939144","1353.8231201171875","1353.8231201171875","1353.8231201171875","","","","","","","","","","1576.2515869140625","1576.2515869140625","1576.2515869140625"
"939656","","","","","","","1316.137939453125","1316.137939453125","1316.137939453125","","","","","",""
"939912","","","","","","","","","","","","","1580.5609130859375","1580.5609130859375","1580.5609130859375"
"940424","","","","1155.9388427734375","1155.9388427734375","1155.9388427734375","","","","","","","1584.6929931640625","1584.6929931640625","1584.6929931640625"
"940936","","","","1160.159423828125","1160.159423828125","1160.159423828125","","","","","","","","",""
"941192","","","","1164.578857421875","1164.578857421875","1164.578857421875","1320.205322265625","1320.205322265625","1320.205322265625","","","","","",""
"941448","","","","1166.0543212890625","1166.0543212890625","1166.0543212890625","","","","","","","","",""
"941704","","","","1174.418701171875","1174.418701171875","1174.418701171875","","","","","","","","",""
"942216","","","","","","","","","","","","","1589.8409423828125","1589.8409423828125","1589.8409423828125"
"942472","","","","1182.686767578125","1182.686767578125","1182.686767578125","","","","","","","","",""
"942728","","","","","","","1322.87060546875","1322.87060546875","1322.87060546875","","","","","",""
"945544","","","","","","","1314.411376953125","1314.411376953125","1314.411376953125","","","","","",""
"946568","","","","1182.4605712890625","1182.4605712890625","1182.4605712890625","","","","","","","","",""
"947080","","","","1187.1875","1187.1875","1187.1875","","","","","","","","",""
"947848","","","","","","","","","","","","","1595.283447265625","1595.283447265625","1595.283447265625"
"948360","","","","","","","","","","","","","1583.39111328125","1583.39111328125","1583.39111328125"
"948872","","","","","","","","","","","","","1588.4097900390625","1588.4097900390625","1588.4097900390625"
"949384","","","","","","","","","","","","","1593.6187744140625","1593.6187744140625","1593.6187744140625"
"950408","","","","","","","","","","","","","1599.6500244140625","1599.6500244140625","1599.6500244140625"
"950664","1354.65966796875","1354.65966796875","1354.65966796875","","","","1316.1346435546875","1316.1346435546875","1316.1346435546875","","","","","",""
"951432","","","","","","","","","","","","","1603.6473388671875","1603.6473388671875","1603.6473388671875"
"951688","","","","","","","","","","1264.315185546875","1264.315185546875","1264.315185546875","","",""
"951944","","","","","","","1318.241943359375","1318.241943359375","1318.241943359375","","","","","",""
"952200","","","","","","","","","","","","","1608.1441650390625","1608.1441650390625","1608.1441650390625"
"952712","","","","","","","","","","","","","1613.055908203125","1613.055908203125","1613.055908203125"
"953480","","","","","","","1319.7535400390625","1319.7535400390625","1319.7535400390625","","","","1617.2020263671875","1617.2020263671875","1617.2020263671875"
"954248","","","","1191.990234375","1191.990234375","1191.990234375","","","","","","","","",""
"954760","","","","1196.033447265625","1196.033447265625","1196.033447265625","","","","","","","","",""
"955016","","","","1198.244140625","1198.244140625","1198.244140625","","","","","","","","",""
"955272","","","","1202.753662109375","1202.753662109375","1202.753662109375","","","","","","","1622.21435546875","1622.21435546875","1622.21435546875"
"955528","","","","1205.08447265625","1205.08447265625","1205.08447265625","1322.316650390625","1322.316650390625","1322.316650390625","","","","","",""
"956040","","","","","","","1326.2791748046875","1326.2791748046875","1326.2791748046875","","","","","",""
"956296","","","","","","","","","","","","","1609.2142333984375","1609.2142333984375","1609.2142333984375"
"956552","","","","","","","","","","","","","1614.649169921875","1614.649169921875","1614.649169921875"
"957064","","","","1203.7235107421875","1203.7235107421875","1203.7235107421875","","","","","","","1618.1898193359375","1618.1898193359375","1618.1898193359375"
"957320","","","","","","","","","","","","","1628.54345703125","1628.54345703125","1628.54345703125"
"958344","","","","1206.362548828125","1206.362548828125","1206.362548828125","","","","","","","","",""
"959112","","","","1195.0428466796875","1195.0428466796875","1195.0428466796875","","","","","","","","",""
"959368","","","","","","","1328.6927490234375","1328.6927490234375","1328.6927490234375","","","","","",""
"959624","","","","","","","1332.93359375","1332.93359375","1332.93359375","1265.0919189453125","1265.0919189453125","1265.0919189453125","","",""
"959880","","","","","","","1337.12841796875","1337.12841796875","1337.12841796875","","","","","",""
"960392","1358.747802734375","1358.747802734375","1358.747802734375","1198.76953125","1198.76953125","1198.76953125","1338.5811767578125","1338.5811767578125","1338.5811767578125","","","","","",""
"960904","","","","","","","1340.6785888671875","1340.6785888671875","1340.6785888671875","","","","","",""
"961160","","","","1191.8525390625","1191.8525390625","1191.8525390625","","","","","","","","",""
"961672","","","","","","","","","","","","","1633.1876220703125","1633.1876220703125","1633.1876220703125"
"961928","1362.177001953125","1362.177001953125","1362.177001953125","","","","1348.556884765625","1348.556884765625","1348.556884765625","","","","","",""
"962184","","","","1194.382080078125","1194.382080078125","1194.382080078125","","","","","","","","",""
"962440","","","","","","","","","","","","","1632.6922607421875","1632.6922607421875","1632.6922607421875"
"962696","1365.0694580078125","1365.0694580078125","1365.0694580078125","","","","","","","","","","","",""
"962952","","","","1196.0479736328125","1196.0479736328125","1196.0479736328125","","","","","","","","",""
"963208","","","","","","","1352.26904296875","1352.26904296875","1352.26904296875","","","","","",""
"963720","","","","1199.435302734375","1199.435302734375","1199.435302734375","","","","","","","","",""
"963976","","","","","","","1355.6998291015625","1355.6998291015625","1355.6998291015625","","","","","",""
"964488","","","","","","","1356.079833984375","1356.079833984375","1356.079833984375","","","","","",""
"965000","","","","","","","1358.68603515625","1358.68603515625","1358.68603515625","","","","","",""
"965256","","","","1203.2879638671875","1203.2879638671875","1203.2879638671875","","","","","","","","",""
"965512","1367.5771484375","1367.5771484375","1367.5771484375","1210.0625","1210.0625","1210.0625","","","","","","","","",""
"965768","","","","1202.921630859375","1202.921630859375","1202.921630859375","","","","","","","","",""
"966792","","","","","","","1358.8726806640625","1358.8726806640625","1358.8726806640625","","","","","",""
"967048","","","","1208.167724609375","1208.167724609375","1208.167724609375","1365.114013671875","1365.114013671875","1365.114013671875","","","","","",""
"967304","","","","","","","","","","1266.6458740234375","1266.6458740234375","1266.6458740234375","","",""
"967560","","","","","","","1370.2921142578125","1370.2921142578125","1370.2921142578125","1266.3372802734375","1266.3372802734375","1266.3372802734375","","",""
"967816","1361.22314453125","1361.22314453125","1361.22314453125","","","","","","","","","","","",""
"968072","","","","1211.65625","1211.65625","1211.65625","","","","","","","","",""
"968328","","","","1215.7403564453125","1215.7403564453125","1215.7403564453125","","","","","","","","",""
"968584","","","","","","","1376.736572265625","1376.736572265625","1376.736572265625","","","","","",""
"968840","","","","1204.3929443359375","1204.3929443359375","1204.3929443359375","1379.6630859375","1379.6630859375","1379.6630859375","","","","1637.883056640625","1637.883056640625","1637.883056640625"
"969352","","","","1209.425048828125","1209.425048828125","1209.425048828125","1382.7625732421875","1382.7625732421875","1382.7625732421875","","","","","",""
"969864","","","","","","","1387.5086669921875","1387.5086669921875","1387.5086669921875","","","","","",""
"970120","","","","","","","","","","","","","1642.634765625","1642.634765625","1642.634765625"
"970376","","","","","","","1390.0435791015625","1390.0435791015625","1390.0435791015625","","","","","",""
"970632","","","","1213.24072265625","1213.24072265625","1213.24072265625","","","","","","","1648.0653076171875","1648.0653076171875","1648.0653076171875"
"971144","","","","1202.646240234375","1202.646240234375","1202.646240234375","1391.4873046875","1391.4873046875","1391.4873046875","","","","","",""
"971400","","","","1195.6068115234375","1195.6068115234375","1195.6068115234375","1391.6865234375","1391.6865234375","1391.6865234375","","","","","",""
"971656","","","","1199.172607421875","1199.172607421875","1199.172607421875","1396.353759765625","1396.353759765625","1396.353759765625","","","","1653.2259521484375","1653.2259521484375","1653.2259521484375"
"971912","1364.742919921875","1364.742919921875","1364.742919921875","1202.6402587890625","1202.6402587890625","1202.6402587890625","1401.60986328125","1401.60986328125","1401.60986328125","","","","","",""
"972168","","","","","","","1403.9208984375","1403.9208984375","1403.9208984375","","","","","",""
"972424","","","","","","","1408.7596435546875","1408.7596435546875","1408.7596435546875","","","","1662.6905517578125","1662.6905517578125","1662.6905517578125"
"972680","1368.704345703125","1368.704345703125","1368.704345703125","","","","","","","","","","","",""
"973192","","","","","","","1411.1998291015625","1411.1998291015625","1411.1998291015625","","","","","",""
"973448","1372.6156005859375","1372.6156005859375","1372.6156005859375","","","","","","","","","","","",""
"974472","","","","","","","1418.760009765625","1418.760009765625","1418.760009765625","","","","","",""
"974728","1379.2440185546875","1379.2440185546875","1379.2440185546875","","","","","","","","","","","",""
"974984","","","","1205.628662109375","1205.628662109375","1205.628662109375","","","","","","","","",""
"975240","1386.46533203125","1386.46533203125","1386.46533203125","1207.6278076171875","1207.6278076171875","1207.6278076171875","1420.501953125","1420.501953125","1420.501953125","","","","","",""
"976008","","","","","","","1422.122802734375","1422.122802734375","1422.122802734375","","","","","",""
"976264","","","","1209.779296875","1209.779296875","1209.779296875","","","","","","","","",""
"976520","","","","","","","1419.562744140625","1419.562744140625","1419.562744140625","","","","","",""
"976776","","","","1198.7012939453125","1198.7012939453125","1198.7012939453125","1426.085693359375","1426.085693359375","1426.085693359375","","","","","",""
"977032","","","","","","","1423.8873291015625","1423.8873291015625","1423.8873291015625","","","","","",""
"978312","1389.9364013671875","1389.9364013671875","1389.9364013671875","","","","1426.306884765625","1426.306884765625","1426.306884765625","","","","","",""
"979080","","","","1186.709716796875","1186.709716796875","1186.709716796875","","","","","","","","",""
"979336","","","","","","","1428.191650390625","1428.191650390625","1428.191650390625","","","","1667.25048828125","1667.25048828125","1667.25048828125"
"979592","","","","","","","","","","","","","1671.129150390625","1671.129150390625","1671.129150390625"
"980104","1393.53125","1393.53125","1393.53125","","","","","","","","","","","",""
"980360","","","","1175.924560546875","1175.924560546875","1175.924560546875","","","","","","","","",""
"980872","","","","","","","","","","","","","1674.6724853515625","1674.6724853515625","1674.6724853515625"
"981128","","","","1166.404296875","1166.404296875","1166.404296875","","","","","","","1679.5078125","1679.5078125","1679.5078125"
"981640","","","","1170.7586669921875","1170.7586669921875","1170.7586669921875","1432.352783203125","1432.352783203125","1432.352783203125","","","","","",""
"982408","1386.0380859375","1386.0380859375","1386.0380859375","","","","1435.0234375","1435.0234375","1435.0234375","","","","","",""
"982664","","","","","","","","","","","","","1684.2005615234375","1684.2005615234375","1684.2005615234375"
"982920","1389.8077392578125","1389.8077392578125","1389.8077392578125","","","","","","","","","","","",""
"983176","","","","","","","","","","","","","1688.726806640625","1688.726806640625","1688.726806640625"
"983944","","","","","","","","","","","","","1691.1317138671875","1691.1317138671875","1691.1317138671875"
"984200","","","","","","","","","","","","","1695.3717041015625","1695.3717041015625","1695.3717041015625"
"984712","","","","","","","1436.7640380859375","1436.7640380859375","1436.7640380859375","","","","","",""
"984968","","","","","","","","","","1268.266845703125","1268.266845703125","1268.266845703125","","",""
"985224","1392.9615478515625","1392.9615478515625","1392.9615478515625","","","","","","","","","","","",""
"985480","","","","","","","","","","","","","1699.5670166015625","1699.5670166015625","1699.5670166015625"
"985736","","","","1170.5491943359375","1170.5491943359375","1170.5491943359375","","","","1268.2628173828125","1268.2628173828125","1268.2628173828125","","",""
"985992","1396.0108642578125","1396.0108642578125","1396.0108642578125","","","","","","","","","","","",""
"986248","","","","1170.6185302734375","1170.6185302734375","1170.6185302734375","","","","","","","","",""
"987272","","","","","","","","","","","","","1703.15087890625","1703.15087890625","1703.15087890625"
"987528","","","","1173.345947265625","1173.345947265625","1173.345947265625","","","","","","","","",""
"988040","","","","","","","","","","1271.0211181640625","1271.0211181640625","1271.0211181640625","1687.369140625","1687.369140625","1687.369140625"
"988296","1397.6949462890625","1397.6949462890625","1397.6949462890625","1179.0765380859375","1179.0765380859375","1179.0765380859375","1438.6475830078125","1438.6475830078125","1438.6475830078125","","","","","",""
"988552","","","","","","","","","","","","","1692.033447265625","1692.033447265625","1692.033447265625"
"989064","","","","1182.48486328125","1182.48486328125","1182.48486328125","","","","","","","1696.3433837890625","1696.3433837890625","1696.3433837890625"
"989576","","","","","","","","","","1274.339111328125","1274.339111328125","1274.339111328125","","",""
"989832","1401.3094482421875","1401.3094482421875","1401.3094482421875","","","","1445.330322265625","1445.330322265625","1445.330322265625","1277.3297119140625","1277.3297119140625","1277.3297119140625","1700.916015625","1700.916015625","1700.916015625"
"990088","","","","","","","1449.86767578125","1449.86767578125","1449.86767578125","","","","","",""
"990344","","","","1186.677001953125","1186.677001953125","1186.677001953125","","","","","","","","",""
"990600","","","","","","","","","","","","","1708.51904296875","1708.51904296875","1708.51904296875"
"990856","","","","1190.481689453125","1190.481689453125","1190.481689453125","","","","","","","","",""
"991112","","","","","","","","","","","","","1712.8712158203125","1712.8712158203125","1712.8712158203125"
"991368","","","","","","","","","","","","","1716.9510498046875","1716.9510498046875","1716.9510498046875"
"991624","","","","","","","1451.438232421875","1451.438232421875","1451.438232421875","1281.800537109375","1281.800537109375","1281.800537109375","","",""
"992392","1398.404052734375","1398.404052734375","1398.404052734375","","","","1456.433837890625","1456.433837890625","1456.433837890625","","","","1722.69677734375","1722.69677734375","1722.69677734375"
"992648","1400.99853515625","1400.99853515625","1400.99853515625","1194.3720703125","1194.3720703125","1194.3720703125","","","","","","","1731.1866455078125","1731.1866455078125","1731.1866455078125"
"994696","","","","1187.0601806640625","1187.0601806640625","1187.0601806640625","","","","","","","","",""
"995720","","","","1189.832763671875","1189.832763671875","1189.832763671875","","","","1284.04541015625","1284.04541015625","1284.04541015625","","",""
"996232","","","","1194.1328125","1194.1328125","1194.1328125","","","","","","","","",""
"996488","1397.086669921875","1397.086669921875","1397.086669921875","1196.60986328125","1196.60986328125","1196.60986328125","","","","","","","1734.817626953125","1734.817626953125","1734.817626953125"
"996744","","","","","","","1457.779541015625","1457.779541015625","1457.779541015625","","","","","",""
"997256","","","","","","","","","","","","","1738.59619140625","1738.59619140625","1738.59619140625"
"997768","1401.1390380859375","1401.1390380859375","1401.1390380859375","1199.8804931640625","1199.8804931640625","1199.8804931640625","","","","","","","","",""
"998024","1404.6824951171875","1404.6824951171875","1404.6824951171875","1204.5450439453125","1204.5450439453125","1204.5450439453125","","","","","","","","",""
"998280","1408.2568359375","1408.2568359375","1408.2568359375","","","","","","","1286.473876953125","1286.473876953125","1286.473876953125","","",""
"999048","","","","","","","","","","1286.6973876953125","1286.6973876953125","1286.6973876953125","","",""
"999304","","","","","","","","","","1286.9617919921875","1286.9617919921875","1286.9617919921875","","",""
"999560","","","","","","","","","","","","","1742.6407470703125","1742.6407470703125","1742.6407470703125"
"1000072","","","","","","","","","","","","","1745.8541259765625","1745.8541259765625","1745.8541259765625"
"1000584","1411.4654541015625","1411.4654541015625","1411.4654541015625","","","","","","","","","","","",""
"1000840","","","","","","","1460.402099609375","1460.402099609375","1460.402099609375","1289.811767578125","1289.811767578125","1289.811767578125","","",""
"1001096","","","","","","","1462.74169921875","1462.74169921875","1462.74169921875","1292.181640625","1292.181640625","1292.181640625","1750.20751953125","1750.20751953125","1750.20751953125"
"1001352","","","","1207.43994140625","1207.43994140625","1207.43994140625","","","","","","","","",""
"1001864","","","","","","","","","","1294.2880859375","1294.2880859375","1294.2880859375","","",""
"1002376","","","","","","","","","","1292.937255859375","1292.937255859375","1292.937255859375","","",""
"1002888","","","","","","","","","","1295.5567626953125","1295.5567626953125","1295.5567626953125","","",""
"1003400","","","","","","","","","","","","","1753.8580322265625","1753.8580322265625","1753.8580322265625"
"1003912","","","","","","","","","","1297.7979736328125","1297.7979736328125","1297.7979736328125","","",""
"1004168","1415.9822998046875","1415.9822998046875","1415.9822998046875","","","","","","","","","","","",""
"1004424","","","","","","","","","","","","","1758.6295166015625","1758.6295166015625","1758.6295166015625"
"1004936","1417.1324462890625","1417.1324462890625","1417.1324462890625","","","","1468.760009765625","1468.760009765625","1468.760009765625","","","","","",""
"1005448","1421.3851318359375","1421.3851318359375","1421.3851318359375","","","","","","","","","","","",""
"1005704","1425.6004638671875","1425.6004638671875","1425.6004638671875","","","","","","","1301.7066650390625","1301.7066650390625","1301.7066650390625","","",""
"1006472","","","","1211.525634765625","1211.525634765625","1211.525634765625","","","","","","","","",""
"1008264","","","","1214.010986328125","1214.010986328125","1214.010986328125","","","","","","","","",""
"1008520","","","","","","","","","","","","","1762.7249755859375","1762.7249755859375","1762.7249755859375"
"1010056","1429.0916748046875","1429.0916748046875","1429.0916748046875","","","","","","","1304.0252685546875","1304.0252685546875","1304.0252685546875","","",""
"1010312","1433.4716796875","1433.4716796875","1433.4716796875","","","","","","","","","","","",""
"1010568","","","","","","","","","","1306.8665771484375","1306.8665771484375","1306.8665771484375","","",""
"1011592","1434.62353515625","1434.62353515625","1434.62353515625","","","","","","","","","","","",""
"1012616","1429.65478515625","1429.65478515625","1429.65478515625","","","","","","","","","","1767.4921875","1767.4921875","1767.4921875"
"1013896","1434.0849609375","1434.0849609375","1434.0849609375","","","","1474.279541015625","1474.279541015625","1474.279541015625","","","","","",""
"1014152","","","","1209.7371826171875","1209.7371826171875","1209.7371826171875","","","","","","","","",""
"1014408","1437.8165283203125","1437.8165283203125","1437.8165283203125","","","","","","","","","","1772.02587890625","1772.02587890625","1772.02587890625"
"1014920","","","","","","","","","","1310.960693359375","1310.960693359375","1310.960693359375","","",""
"1015944","","","","","","","","","","1313.848388671875","1313.848388671875","1313.848388671875","","",""
"1016456","","","","1212.6217041015625","1212.6217041015625","1212.6217041015625","","","","","","","","",""
"1018248","","","","","","","","","","1318.630859375","1318.630859375","1318.630859375","","",""
"1018504","","","","","","","","","","1326.626953125","1326.626953125","1326.626953125","","",""
"1019016","","","","","","","","","","1328.204345703125","1328.204345703125","1328.204345703125","","",""
"1019272","","","","","","","1479.945556640625","1479.945556640625","1479.945556640625","1330.7371826171875","1330.7371826171875","1330.7371826171875","","",""
"1020040","","","","","","","","","","1330.36328125","1330.36328125","1330.36328125","","",""
"1020552","","","","","","","","","","1334.2960205078125","1334.2960205078125","1334.2960205078125","","",""
"1021064","","","","","","","","","","1335.85009765625","1335.85009765625","1335.85009765625","","",""
"1021576","1425.611328125","1425.611328125","1425.611328125","","","","","","","1337.3978271484375","1337.3978271484375","1337.3978271484375","","",""
"1021832","","","","1214.5179443359375","1214.5179443359375","1214.5179443359375","","","","","","","1776.0604248046875","1776.0604248046875","1776.0604248046875"
"1022344","","","","","","","","","","","","","1780.204345703125","1780.204345703125","1780.204345703125"
"1022600","1429.4578857421875","1429.4578857421875","1429.4578857421875","","","","","","","1338.404296875","1338.404296875","1338.404296875","","",""
"1023112","","","","","","","","","","1340.7060546875","1340.7060546875","1340.7060546875","1784.65576171875","1784.65576171875","1784.65576171875"
"1023624","","","","","","","1473.13134765625","1473.13134765625","1473.13134765625","1343.73291015625","1343.73291015625","1343.73291015625","1787.1612548828125","1787.1612548828125","1787.1612548828125"
"1023880","1434.033447265625","1434.033447265625","1434.033447265625","","","","","","","","","","","",""
"1024136","","","","","","","","","","1346.6497802734375","1346.6497802734375","1346.6497802734375","","",""
"1024648","","","","1217.7906494140625","1217.7906494140625","1217.7906494140625","","","","1349.7840576171875","1349.7840576171875","1349.7840576171875","","",""
"1024904","","","","1222.553466796875","1222.553466796875","1222.553466796875","1479.30029296875","1479.30029296875","1479.30029296875","1352.8238525390625","1352.8238525390625","1352.8238525390625","","",""
"1025416","","","","1225.0025634765625","1225.0025634765625","1225.0025634765625","","","","","","","","",""
"1025672","1421.115234375","1421.115234375","1421.115234375","","","","","","","","","","","",""
"1026952","","","","1229.306396484375","1229.306396484375","1229.306396484375","","","","","","","","",""
"1027208","1425.5977783203125","1425.5977783203125","1425.5977783203125","","","","","","","","","","","",""
"1027464","1430.22705078125","1430.22705078125","1430.22705078125","","","","","","","","","","","",""
"1027720","","","","","","","","","","1355.33837890625","1355.33837890625","1355.33837890625","1791.7640380859375","1791.7640380859375","1791.7640380859375"
"1027976","","","","","","","1485.2156982421875","1485.2156982421875","1485.2156982421875","","","","","",""
"1028232","","","","1232.65234375","1232.65234375","1232.65234375","","","","","","","","",""
"1028744","","","","","","","","","","1355.5870361328125","1355.5870361328125","1355.5870361328125","","",""
"1029000","1448.188232421875","1448.188232421875","1448.188232421875","","","","","","","","","","","",""
"1029512","1451.809814453125","1451.809814453125","1451.809814453125","","","","","","","","","","","",""
"1029768","","","","","","","","","","1356.5303955078125","1356.5303955078125","1356.5303955078125","","",""
"1030280","","","","","","","","","","1358.82763671875","1358.82763671875","1358.82763671875","","",""
"1030536","","","","","","","","","","1361.793701171875","1361.793701171875","1361.793701171875","","",""
"1031816","1456.2181396484375","1456.2181396484375","1456.2181396484375","","","","1487.320068359375","1487.320068359375","1487.320068359375","","","","","",""
"1032328","","","","","","","1492.03369140625","1492.03369140625","1492.03369140625","1364.3779296875","1364.3779296875","1364.3779296875","","",""
"1032840","","","","","","","","","","1368.59326171875","1368.59326171875","1368.59326171875","","",""
"1033096","1460.8175048828125","1460.8175048828125","1460.8175048828125","","","","1493.4952392578125","1493.4952392578125","1493.4952392578125","","","","","",""
"1033608","","","","1237.4879150390625","1237.4879150390625","1237.4879150390625","","","","","","","","",""
"1034376","","","","","","","1495.5635986328125","1495.5635986328125","1495.5635986328125","","","","","",""
"1034632","","","","","","","","","","1368.127685546875","1368.127685546875","1368.127685546875","","",""
"1034888","","","","","","","","","","","","","1796.7467041015625","1796.7467041015625","1796.7467041015625"
"1035144","1464.857177734375","1464.857177734375","1464.857177734375","","","","","","","","","","","",""
"1035656","","","","","","","","","","1371.28125","1371.28125","1371.28125","","",""
"1036424","","","","1241.8463134765625","1241.8463134765625","1241.8463134765625","1502.1920166015625","1502.1920166015625","1502.1920166015625","","","","1805.0364990234375","1805.0364990234375","1805.0364990234375"
"1036936","","","","1245.854736328125","1245.854736328125","1245.854736328125","1507.5601806640625","1507.5601806640625","1507.5601806640625","","","","","",""
"1037448","1451.458740234375","1451.458740234375","1451.458740234375","","","","","","","","","","","",""
"1038472","1456.0106201171875","1456.0106201171875","1456.0106201171875","","","","","","","1377.046630859375","1377.046630859375","1377.046630859375","","",""
"1038984","","","","","","","","","","1378.4620361328125","1378.4620361328125","1378.4620361328125","","",""
"1040008","1460.4525146484375","1460.4525146484375","1460.4525146484375","","","","","","","","","","","",""
"1040520","1464.3109130859375","1464.3109130859375","1464.3109130859375","","","","","","","","","","","",""
"1041544","1468.8629150390625","1468.8629150390625","1468.8629150390625","","","","1512.2603759765625","1512.2603759765625","1512.2603759765625","","","","","",""
"1042312","","","","1245.131591796875","1245.131591796875","1245.131591796875","1516.853515625","1516.853515625","1516.853515625","","","","","",""
"1042824","","","","","","","","","","1381.1578369140625","1381.1578369140625","1381.1578369140625","","",""
"1043080","1473.417724609375","1473.417724609375","1473.417724609375","","","","","","","","","","","",""
"1043336","","","","","","","","","","1383.724365234375","1383.724365234375","1383.724365234375","","",""
"1044872","","","","","","","1517.283203125","1517.283203125","1517.283203125","","","","1809.739013671875","1809.739013671875","1809.739013671875"
"1045128","","","","","","","1523.0308837890625","1523.0308837890625","1523.0308837890625","","","","","",""
"1045384","","","","","","","","","","1386.306884765625","1386.306884765625","1386.306884765625","","",""
"1045640","","","","","","","","","","1390.836181640625","1390.836181640625","1390.836181640625","","",""
"1045896","","","","","","","","","","1392.727294921875","1392.727294921875","1392.727294921875","","",""
"1046408","","","","","","","","","","1392.3057861328125","1392.3057861328125","1392.3057861328125","","",""
"1047688","1477.8485107421875","1477.8485107421875","1477.8485107421875","","","","","","","","","","","",""
"1048200","1481.92138671875","1481.92138671875","1481.92138671875","1248.96435546875","1248.96435546875","1248.96435546875","","","","","","","","",""
"1048456","","","","1253.240234375","1253.240234375","1253.240234375","1524.6925048828125","1524.6925048828125","1524.6925048828125","","","","","",""
"1048968","1469.35498046875","1469.35498046875","1469.35498046875","","","","","","","1395.2396240234375","1395.2396240234375","1395.2396240234375","","",""
"1049480","1473.5804443359375","1473.5804443359375","1473.5804443359375","","","","1530.5548095703125","1530.5548095703125","1530.5548095703125","","","","","",""
"1049992","1477.542724609375","1477.542724609375","1477.542724609375","","","","","","","1397.4625244140625","1397.4625244140625","1397.4625244140625","","",""
"1050248","","","","","","","","","","1399.9659423828125","1399.9659423828125","1399.9659423828125","","",""
"1050504","1481.5665283203125","1481.5665283203125","1481.5665283203125","","","","","","","1403.28955078125","1403.28955078125","1403.28955078125","","",""
"1051528","1485.6907958984375","1485.6907958984375","1485.6907958984375","","","","1522.3453369140625","1522.3453369140625","1522.3453369140625","","","","","",""
"1051784","1489.99853515625","1489.99853515625","1489.99853515625","","","","","","","","","","","",""
"1052040","1493.9251708984375","1493.9251708984375","1493.9251708984375","","","","","","","","","","","",""
"1052296","","","","","","","1530.91796875","1530.91796875","1530.91796875","","","","","",""
"1052552","1497.9549560546875","1497.9549560546875","1497.9549560546875","","","","1535.5948486328125","1535.5948486328125","1535.5948486328125","","","","","",""
"1052808","","","","","","","","","","1406.73681640625","1406.73681640625","1406.73681640625","","",""
"1053064","","","","","","","","","","1410.958740234375","1410.958740234375","1410.958740234375","","",""
"1053320","1484.9813232421875","1484.9813232421875","1484.9813232421875","","","","","","","","","","","",""
"1053576","1489.228271484375","1489.228271484375","1489.228271484375","","","","","","","","","","","",""
"1053832","","","","","","","1540.9967041015625","1540.9967041015625","1540.9967041015625","1413.3109130859375","1413.3109130859375","1413.3109130859375","","",""
"1054344","1493.619384765625","1493.619384765625","1493.619384765625","","","","","","","","","","","",""
"1054856","","","","","","","","","","1414.8885498046875","1414.8885498046875","1414.8885498046875","","",""
"1055368","1497.40625","1497.40625","1497.40625","","","","","","","","","","","",""
"1055624","1501.5345458984375","1501.5345458984375","1501.5345458984375","","","","","","","","","","","",""
"1056392","1488.756103515625","1488.756103515625","1488.756103515625","","","","","","","","","","","",""
"1056904","","","","","","","","","","1416.9813232421875","1416.9813232421875","1416.9813232421875","","",""
"1057160","","","","","","","1546.3033447265625","1546.3033447265625","1546.3033447265625","","","","","",""
"1057672","1492.87060546875","1492.87060546875","1492.87060546875","","","","","","","1420.9320068359375","1420.9320068359375","1420.9320068359375","","",""
"1057928","","","","","","","","","","","","","1814.239501953125","1814.239501953125","1814.239501953125"
"1058440","1496.6151123046875","1496.6151123046875","1496.6151123046875","","","","","","","1423.0845947265625","1423.0845947265625","1423.0845947265625","1818.555908203125","1818.555908203125","1818.555908203125"
"1058952","","","","","","","","","","1425.39306640625","1425.39306640625","1425.39306640625","","",""
"1059208","1501.062255859375","1501.062255859375","1501.062255859375","","","","","","","","","","","",""
"1060232","","","","1258.0513916015625","1258.0513916015625","1258.0513916015625","","","","","","","","",""
"1060744","1505.4312744140625","1505.4312744140625","1505.4312744140625","","","","1558.2244873046875","1558.2244873046875","1558.2244873046875","","","","","",""
"1061512","1509.521728515625","1509.521728515625","1509.521728515625","","","","","","","","","","","",""
"1062024","1513.1866455078125","1513.1866455078125","1513.1866455078125","","","","","","","","","","","",""
"1062280","1517.4207763671875","1517.4207763671875","1517.4207763671875","","","","","","","","","","1822.531005859375","1822.531005859375","1822.531005859375"
"1062792","","","","","","","","","","1429.476318359375","1429.476318359375","1429.476318359375","","",""
"1064072","","","","","","","","","","1430.6414794921875","1430.6414794921875","1430.6414794921875","","",""
"1064328","1521.368408203125","1521.368408203125","1521.368408203125","","","","","","","","","","","",""
"1064584","1510.9482421875","1510.9482421875","1510.9482421875","","","","","","","","","","","",""
"1065352","1514.8406982421875","1514.8406982421875","1514.8406982421875","","","","","","","","","","","",""
"1066120","1505.9024658203125","1505.9024658203125","1505.9024658203125","","","","","","","","","","","",""
"1066376","1493.2103271484375","1493.2103271484375","1493.2103271484375","","","","","","","","","","","",""
"1066632","1497.6783447265625","1497.6783447265625","1497.6783447265625","","","","","","","","","","","",""
"1066888","","","","1260.100830078125","1260.100830078125","1260.100830078125","","","","","","","","",""
"1067400","","","","","","","","","","1434.0423583984375","1434.0423583984375","1434.0423583984375","","",""
"1068168","","","","","","","","","","1436.26904296875","1436.26904296875","1436.26904296875","","",""
"1068680","1485.513916015625","1485.513916015625","1485.513916015625","","","","","","","","","","","",""
"1068936","1471.8570556640625","1471.8570556640625","1471.8570556640625","","","","","","","","","","","",""
"1069448","","","","","","","","","","1438.32373046875","1438.32373046875","1438.32373046875","","",""
"1069960","1476.3260498046875","1476.3260498046875","1476.3260498046875","","","","","","","","","","","",""
"1070216","1481.0447998046875","1481.0447998046875","1481.0447998046875","","","","1559.9879150390625","1559.9879150390625","1559.9879150390625","","","","1826.8482666015625","1826.8482666015625","1826.8482666015625"
"1070472","1485.5142822265625","1485.5142822265625","1485.5142822265625","","","","","","","","","","","",""
"1071752","1490.19873046875","1490.19873046875","1490.19873046875","","","","","","","","","","","",""
"1072008","1494.094970703125","1494.094970703125","1494.094970703125","","","","","","","","","","1831.23193359375","1831.23193359375","1831.23193359375"
"1072264","1498.1357421875","1498.1357421875","1498.1357421875","","","","","","","","","","","",""
"1073544","1502.24609375","1502.24609375","1502.24609375","","","","","","","","","","","",""
"1074312","1504.6893310546875","1504.6893310546875","1504.6893310546875","","","","","","","","","","","",""
"1075336","","","","","","","1566.486083984375","1566.486083984375","1566.486083984375","","","","","",""
"1076360","","","","","","","","","","1439.883544921875","1439.883544921875","1439.883544921875","","",""
"1077128","1508.4129638671875","1508.4129638671875","1508.4129638671875","","","","","","","","","","","",""
"1077384","","","","","","","","","","","","","1836.2840576171875","1836.2840576171875","1836.2840576171875"
"1078664","","","","","","","","","","1443.0352783203125","1443.0352783203125","1443.0352783203125","","",""
"1078920","","","","","","","","","","1448.90087890625","1448.90087890625","1448.90087890625","","",""
"1079688","1512.53759765625","1512.53759765625","1512.53759765625","","","","","","","1450.5086669921875","1450.5086669921875","1450.5086669921875","","",""
"1079944","","","","1262.1201171875","1262.1201171875","1262.1201171875","","","","","","","","",""
"1080712","","","","","","","","","","1439.1865234375","1439.1865234375","1439.1865234375","","",""
"1081224","","","","","","","","","","","","","1840.4268798828125","1840.4268798828125","1840.4268798828125"
"1081480","1516.450927734375","1516.450927734375","1516.450927734375","1256.562744140625","1256.562744140625","1256.562744140625","","","","","","","","",""
"1081992","","","","1248.0706787109375","1248.0706787109375","1248.0706787109375","","","","1442.092041015625","1442.092041015625","1442.092041015625","","",""
"1082760","1521.1204833984375","1521.1204833984375","1521.1204833984375","1244.460693359375","1244.460693359375","1244.460693359375","","","","","","","","",""
"1083016","","","","","","","","","","","","","1844.154296875","1844.154296875","1844.154296875"
"1083272","","","","","","","","","","1442.8577880859375","1442.8577880859375","1442.8577880859375","","",""
"1083528","","","","","","","","","","1448.1392822265625","1448.1392822265625","1448.1392822265625","","",""
"1083784","","","","","","","","","","1451.149169921875","1451.149169921875","1451.149169921875","","",""
"1084296","","","","","","","","","","1451.96826171875","1451.96826171875","1451.96826171875","","",""
"1085320","1524.9957275390625","1524.9957275390625","1524.9957275390625","","","","","","","","","","","",""
"1085832","1513.794677734375","1513.794677734375","1513.794677734375","","","","","","","1452.853515625","1452.853515625","1452.853515625","1848.9766845703125","1848.9766845703125","1848.9766845703125"
"1086088","","","","","","","1573.302734375","1573.302734375","1573.302734375","1456.349365234375","1456.349365234375","1456.349365234375","","",""
"1086600","1518.1861572265625","1518.1861572265625","1518.1861572265625","","","","","","","","","","","",""
"1086856","","","","","","","","","","1458.974609375","1458.974609375","1458.974609375","","",""
"1089160","","","","","","","","","","","","","1853.420166015625","1853.420166015625","1853.420166015625"
"1089672","","","","","","","","","","1459.948974609375","1459.948974609375","1459.948974609375","","",""
"1090184","1522.6748046875","1522.6748046875","1522.6748046875","","","","","","","","","","","",""
"1091464","","","","1250.0186767578125","1250.0186767578125","1250.0186767578125","","","","","","","","",""
"1093768","","","","1253.2890625","1253.2890625","1253.2890625","","","","","","","","",""
"1094024","1526.748291015625","1526.748291015625","1526.748291015625","1257.0850830078125","1257.0850830078125","1257.0850830078125","","","","","","","","",""
"1094280","","","","","","","","","","1463.6727294921875","1463.6727294921875","1463.6727294921875","","",""
"1094536","","","","","","","","","","1464.09619140625","1464.09619140625","1464.09619140625","","",""
"1095048","","","","1250.4197998046875","1250.4197998046875","1250.4197998046875","","","","","","","","",""
"1095560","1531.1654052734375","1531.1654052734375","1531.1654052734375","","","","","","","1466.6087646484375","1466.6087646484375","1466.6087646484375","","",""
"1095816","","","","","","","","","","1467.8052978515625","1467.8052978515625","1467.8052978515625","","",""
"1097096","","","","","","","1578.88232421875","1578.88232421875","1578.88232421875","","","","","",""
"1097352","","","","","","","1584.8719482421875","1584.8719482421875","1584.8719482421875","","","","","",""
"1097608","","","","","","","","","","1471.8892822265625","1471.8892822265625","1471.8892822265625","","",""
"1098632","","","","","","","","","","1458.97216796875","1458.97216796875","1458.97216796875","","",""
"1099656","","","","1253.879150390625","1253.879150390625","1253.879150390625","","","","","","","","",""
"1100680","","","","","","","","","","1462.5","1462.5","1462.5","","",""
"1101192","1535.4068603515625","1535.4068603515625","1535.4068603515625","","","","","","","1463.96337890625","1463.96337890625","1463.96337890625","","",""
"1101704","","","","","","","","","","","","","1858.662353515625","1858.662353515625","1858.662353515625"
"1103240","1539.6939697265625","1539.6939697265625","1539.6939697265625","","","","","","","","","","1862.523681640625","1862.523681640625","1862.523681640625"
"1103496","1544.5185546875","1544.5185546875","1544.5185546875","","","","","","","","","","","",""
"1103752","","","","","","","","","","1466.916259765625","1466.916259765625","1466.916259765625","","",""
"1104520","1548.63134765625","1548.63134765625","1548.63134765625","","","","","","","1469.7022705078125","1469.7022705078125","1469.7022705078125","","",""
"1104776","1552.6510009765625","1552.6510009765625","1552.6510009765625","","","","","","","","","","","",""
"1105288","","","","","","","","","","","","","1867.035400390625","1867.035400390625","1867.035400390625"
"1106568","","","","","","","","","","","","","1870.3372802734375","1870.3372802734375","1870.3372802734375"
"1107080","1561.0113525390625","1561.0113525390625","1561.0113525390625","","","","","","","","","","","",""
"1107592","","","","","","","1591.7039794921875","1591.7039794921875","1591.7039794921875","","","","","",""
"1107848","1563.99169921875","1563.99169921875","1563.99169921875","","","","","","","","","","","",""
"1108616","","","","","","","","","","","","","1874.4285888671875","1874.4285888671875","1874.4285888671875"
"1109128","","","","","","","","","","1471.93798828125","1471.93798828125","1471.93798828125","","",""
"1109384","","","","","","","","","","","","","1878.9908447265625","1878.9908447265625","1878.9908447265625"
"1109896","","","","","","","","","","1473.2899169921875","1473.2899169921875","1473.2899169921875","1882.4168701171875","1882.4168701171875","1882.4168701171875"
"1110152","","","","1252.401123046875","1252.401123046875","1252.401123046875","","","","","","","","",""
"1111176","","","","","","","","","","","","","1885.938720703125","1885.938720703125","1885.938720703125"
"1111688","","","","","","","1597.247314453125","1597.247314453125","1597.247314453125","","","","","",""
"1112200","1567.880859375","1567.880859375","1567.880859375","","","","","","","","","","1890.657470703125","1890.657470703125","1890.657470703125"
"1112712","","","","","","","","","","","","","1895.4190673828125","1895.4190673828125","1895.4190673828125"
"1113224","","","","","","","1602.7728271484375","1602.7728271484375","1602.7728271484375","","","","","",""
"1113480","","","","1256.2950439453125","1256.2950439453125","1256.2950439453125","","","","","","","","",""
"1113992","","","","","","","","","","","","","1899.97265625","1899.97265625","1899.97265625"
"1114248","","","","","","","1609.719970703125","1609.719970703125","1609.719970703125","","","","","",""
"1115272","1570.7813720703125","1570.7813720703125","1570.7813720703125","","","","","","","","","","","",""
"1116040","","","","","","","1601.48291015625","1601.48291015625","1601.48291015625","","","","","",""
"1116296","","","","","","","","","","","","","1903.7259521484375","1903.7259521484375","1903.7259521484375"
"1116808","","","","","","","","","","1474.37060546875","1474.37060546875","1474.37060546875","","",""
"1117320","","","","","","","","","","","","","1907.7781982421875","1907.7781982421875","1907.7781982421875"
"1117576","","","","","","","","","","1477.5670166015625","1477.5670166015625","1477.5670166015625","","",""
"1117832","","","","","","","","","","","","","1912.3814697265625","1912.3814697265625","1912.3814697265625"
"1118088","1574.8629150390625","1574.8629150390625","1574.8629150390625","","","","","","","","","","","",""
"1118600","","","","","","","1607.914306640625","1607.914306640625","1607.914306640625","","","","1917.0067138671875","1917.0067138671875","1917.0067138671875"
"1118856","","","","","","","","","","1479.24267578125","1479.24267578125","1479.24267578125","","",""
"1121672","1578.8851318359375","1578.8851318359375","1578.8851318359375","","","","","","","","","","","",""
"1122184","1582.0186767578125","1582.0186767578125","1582.0186767578125","1259.3856201171875","1259.3856201171875","1259.3856201171875","","","","","","","1921.5184326171875","1921.5184326171875","1921.5184326171875"
"1122440","","","","","","","1614.683837890625","1614.683837890625","1614.683837890625","","","","","",""
"1122696","","","","","","","1620.797607421875","1620.797607421875","1620.797607421875","","","","","",""
"1123464","","","","","","","1626.6937255859375","1626.6937255859375","1626.6937255859375","","","","","",""
"1123720","1585.8018798828125","1585.8018798828125","1585.8018798828125","","","","","","","","","","","",""
"1123976","1589.5284423828125","1589.5284423828125","1589.5284423828125","","","","","","","","","","","",""
"1124488","1593.349853515625","1593.349853515625","1593.349853515625","","","","","","","1483.617431640625","1483.617431640625","1483.617431640625","","",""
"1125256","","","","","","","1633.21142578125","1633.21142578125","1633.21142578125","","","","","",""
"1126536","","","","","","","","","","1487.0955810546875","1487.0955810546875","1487.0955810546875","","",""
"1127560","1596.9093017578125","1596.9093017578125","1596.9093017578125","1264.458740234375","1264.458740234375","1264.458740234375","","","","","","","","",""
"1128072","","","","","","","","","","1491.543701171875","1491.543701171875","1491.543701171875","","",""
"1128840","","","","","","","","","","","","","1925.899169921875","1925.899169921875","1925.899169921875"
"1129096","1600.4215087890625","1600.4215087890625","1600.4215087890625","","","","","","","","","","","",""
"1129352","1604.94482421875","1604.94482421875","1604.94482421875","","","","","","","","","","1929.8985595703125","1929.8985595703125","1929.8985595703125"
"1129608","","","","","","","1639.160400390625","1639.160400390625","1639.160400390625","","","","","",""
"1130888","","","","","","","1643.8712158203125","1643.8712158203125","1643.8712158203125","","","","","",""
"1134216","","","","","","","","","","","","","1934.8092041015625","1934.8092041015625","1934.8092041015625"
"1135752","","","","","","","1649.3433837890625","1649.3433837890625","1649.3433837890625","","","","","",""
"1136008","","","","","","","1654.0950927734375","1654.0950927734375","1654.0950927734375","","","","","",""
"1136776","","","","","","","1660.4244384765625","1660.4244384765625","1660.4244384765625","","","","","",""
"1137544","","","","1267.364013671875","1267.364013671875","1267.364013671875","","","","","","","","",""
"1139592","","","","","","","","","","1484.492431640625","1484.492431640625","1484.492431640625","","",""
"1140360","","","","","","","","","","","","","1938.7354736328125","1938.7354736328125","1938.7354736328125"
"1141640","","","","","","","1665.130126953125","1665.130126953125","1665.130126953125","","","","","",""
"1142152","","","","","","","","","","","","","1946.135009765625","1946.135009765625","1946.135009765625"
"1142664","","","","","","","1666.3812255859375","1666.3812255859375","1666.3812255859375","","","","","",""
"1142920","","","","","","","1671.860107421875","1671.860107421875","1671.860107421875","","","","","",""
"1143432","","","","1270.6065673828125","1270.6065673828125","1270.6065673828125","","","","","","","","",""
"1144200","","","","","","","1664.2572021484375","1664.2572021484375","1664.2572021484375","","","","","",""
"1144456","","","","","","","1656.1593017578125","1656.1593017578125","1656.1593017578125","","","","","",""
"1145224","","","","","","","","","","","","","1954.31494140625","1954.31494140625","1954.31494140625"
"1145480","","","","","","","","","","","","","1957.7830810546875","1957.7830810546875","1957.7830810546875"
"1145992","","","","","","","","","","1491.029541015625","1491.029541015625","1491.029541015625","","",""
"1146504","","","","","","","","","","","","","1965.8929443359375","1965.8929443359375","1965.8929443359375"
"1147528","","","","","","","1645.5335693359375","1645.5335693359375","1645.5335693359375","1497.153564453125","1497.153564453125","1497.153564453125","","",""
"1147784","","","","","","","","","","","","","1969.1077880859375","1969.1077880859375","1969.1077880859375"
"1148552","","","","1273.4610595703125","1273.4610595703125","1273.4610595703125","","","","","","","","",""
"1149064","","","","1278.7318115234375","1278.7318115234375","1278.7318115234375","","","","","","","","",""
"1149320","","","","","","","1651.9375","1651.9375","1651.9375","","","","","",""
"1149832","","","","1283.1912841796875","1283.1912841796875","1283.1912841796875","","","","","","","","",""
"1150344","","","","1287.5804443359375","1287.5804443359375","1287.5804443359375","","","","","","","","",""
"1150856","","","","","","","","","","","","","1972.8533935546875","1972.8533935546875","1972.8533935546875"
"1151112","","","","1291.545654296875","1291.545654296875","1291.545654296875","","","","","","","","",""
"1151624","1609.535888671875","1609.535888671875","1609.535888671875","","","","","","","1501.3157958984375","1501.3157958984375","1501.3157958984375","","",""
"1152136","","","","1294.0126953125","1294.0126953125","1294.0126953125","","","","","","","","",""
"1152648","","","","","","","","","","","","","1977.17431640625","1977.17431640625","1977.17431640625"
"1152904","","","","","","","","","","","","","1980.8193359375","1980.8193359375","1980.8193359375"
"1153416","","","","1297.904052734375","1297.904052734375","1297.904052734375","","","","","","","","",""
"1153672","","","","1303.0341796875","1303.0341796875","1303.0341796875","","","","","","","","",""
"1154696","","","","","","","","","","1511.6607666015625","1511.6607666015625","1511.6607666015625","","",""
"1154952","","","","","","","","","","","","","1984.195556640625","1984.195556640625","1984.195556640625"
"1156232","","","","","","","","","","","","","1981.872314453125","1981.872314453125","1981.872314453125"
"1156488","","","","","","","","","","1515.54638671875","1515.54638671875","1515.54638671875","1986.0274658203125","1986.0274658203125","1986.0274658203125"
"1156744","1613.8612060546875","1613.8612060546875","1613.8612060546875","","","","","","","","","","","",""
"1157000","","","","","","","","","","","","","1990.1273193359375","1990.1273193359375","1990.1273193359375"
"1158024","1617.661865234375","1617.661865234375","1617.661865234375","","","","","","","1520.067138671875","1520.067138671875","1520.067138671875","","",""
"1158280","","","","","","","","","","","","","1989.1971435546875","1989.1971435546875","1989.1971435546875"
"1159048","1621.9052734375","1621.9052734375","1621.9052734375","","","","","","","","","","","",""
"1159560","","","","","","","","","","","","","1993.1134033203125","1993.1134033203125","1993.1134033203125"
"1160328","","","","1306.6221923828125","1306.6221923828125","1306.6221923828125","","","","","","","","",""
"1160584","","","","1310.310546875","1310.310546875","1310.310546875","","","","","","","","",""
"1161864","","","","","","","","","","1525.090576171875","1525.090576171875","1525.090576171875","","",""
"1162376","1625.6290283203125","1625.6290283203125","1625.6290283203125","","","","","","","","","","","",""
"1163144","","","","","","","1662.540283203125","1662.540283203125","1662.540283203125","1529.524169921875","1529.524169921875","1529.524169921875","","",""
"1163912","","","","","","","","","","","","","1996.693359375","1996.693359375","1996.693359375"
"1164424","","","","1314.4793701171875","1314.4793701171875","1314.4793701171875","","","","","","","","",""
"1165704","","","","1317.1490478515625","1317.1490478515625","1317.1490478515625","","","","","","","","",""
"1165960","","","","","","","","","","","","","1999.9783935546875","1999.9783935546875","1999.9783935546875"
"1166984","","","","1322.9034423828125","1322.9034423828125","1322.9034423828125","","","","","","","","",""
"1167240","","","","","","","1668.5447998046875","1668.5447998046875","1668.5447998046875","","","","","",""
"1168520","","","","1325.616943359375","1325.616943359375","1325.616943359375","","","","","","","","",""
"1168776","","","","","","","","","","","","","2003.1065673828125","2003.1065673828125","2003.1065673828125"
"1169032","","","","","","","","","","","","","2006.7423095703125","2006.7423095703125","2006.7423095703125"
"1169800","1629.9476318359375","1629.9476318359375","1629.9476318359375","","","","","","","","","","2010.4271240234375","2010.4271240234375","2010.4271240234375"
"1170312","","","","","","","1678.751953125","1678.751953125","1678.751953125","","","","","",""
"1171336","","","","1330.22314453125","1330.22314453125","1330.22314453125","","","","","","","","",""
"1171592","","","","1335.47509765625","1335.47509765625","1335.47509765625","","","","","","","2013.2784423828125","2013.2784423828125","2013.2784423828125"
"1171848","1634.2947998046875","1634.2947998046875","1634.2947998046875","","","","","","","","","","2016.85693359375","2016.85693359375","2016.85693359375"
"1172360","1638.92578125","1638.92578125","1638.92578125","","","","","","","","","","2019.8851318359375","2019.8851318359375","2019.8851318359375"
"1172616","","","","1340.476806640625","1340.476806640625","1340.476806640625","","","","","","","","",""
"1175176","","","","","","","1679.61669921875","1679.61669921875","1679.61669921875","","","","","",""
"1175688","","","","1344.117919921875","1344.117919921875","1344.117919921875","","","","","","","","",""
"1176712","","","","1348.6241455078125","1348.6241455078125","1348.6241455078125","","","","1533.88330078125","1533.88330078125","1533.88330078125","","",""
"1176968","","","","","","","","","","","","","2023.5509033203125","2023.5509033203125","2023.5509033203125"
"1177224","","","","1352.670166015625","1352.670166015625","1352.670166015625","","","","","","","","",""
"1177736","","","","1356.9776611328125","1356.9776611328125","1356.9776611328125","","","","1540.1641845703125","1540.1641845703125","1540.1641845703125","","",""
"1178248","","","","1360.5235595703125","1360.5235595703125","1360.5235595703125","","","","","","","","",""
"1179272","","","","1365.9705810546875","1365.9705810546875","1365.9705810546875","","","","","","","","",""
"1179528","","","","","","","1685.03515625","1685.03515625","1685.03515625","","","","","",""
"1181320","1642.7813720703125","1642.7813720703125","1642.7813720703125","","","","","","","","","","","",""
"1181832","","","","1373.66455078125","1373.66455078125","1373.66455078125","1689.5604248046875","1689.5604248046875","1689.5604248046875","","","","","",""
"1182344","","","","","","","1694.599365234375","1694.599365234375","1694.599365234375","","","","","",""
"1182600","","","","1377.1690673828125","1377.1690673828125","1377.1690673828125","","","","","","","","",""
"1183112","","","","","","","1698.25830078125","1698.25830078125","1698.25830078125","","","","2027.086181640625","2027.086181640625","2027.086181640625"
"1183368","","","","","","","","","","","","","2030.019287109375","2030.019287109375","2030.019287109375"
"1183880","","","","1382.3309326171875","1382.3309326171875","1382.3309326171875","","","","","","","","",""
"1184392","","","","1387.208984375","1387.208984375","1387.208984375","","","","","","","","",""
"1185160","1646.70166015625","1646.70166015625","1646.70166015625","1392.4688720703125","1392.4688720703125","1392.4688720703125","1703.8658447265625","1703.8658447265625","1703.8658447265625","","","","","",""
"1185672","","","","","","","1708.8294677734375","1708.8294677734375","1708.8294677734375","","","","","",""
"1187720","1650.4649658203125","1650.4649658203125","1650.4649658203125","","","","","","","","","","","",""
"1189000","","","","1396.1102294921875","1396.1102294921875","1396.1102294921875","","","","","","","","",""
"1189512","","","","1400.043212890625","1400.043212890625","1400.043212890625","","","","1544.031494140625","1544.031494140625","1544.031494140625","","",""
"1189768","","","","1404.570556640625","1404.570556640625","1404.570556640625","","","","","","","","",""
"1190024","","","","1413.3797607421875","1413.3797607421875","1413.3797607421875","","","","","","","","",""
"1190280","","","","1417.4503173828125","1417.4503173828125","1417.4503173828125","","","","","","","2036.5928955078125","2036.5928955078125","2036.5928955078125"
"1190536","","","","1422.4195556640625","1422.4195556640625","1422.4195556640625","","","","","","","","",""
"1190792","","","","1426.5718994140625","1426.5718994140625","1426.5718994140625","","","","","","","","",""
"1191560","1654.7025146484375","1654.7025146484375","1654.7025146484375","","","","","","","1548.2373046875","1548.2373046875","1548.2373046875","","",""
"1193096","","","","1435.0447998046875","1435.0447998046875","1435.0447998046875","1713.3079833984375","1713.3079833984375","1713.3079833984375","","","","2038.82568359375","2038.82568359375","2038.82568359375"
"1193864","","","","","","","","","","","","","2041.60302734375","2041.60302734375","2041.60302734375"
"1194376","","","","","","","1716.57861328125","1716.57861328125","1716.57861328125","","","","","",""
"1194888","","","","1438.10595703125","1438.10595703125","1438.10595703125","","","","","","","","",""
"1195144","1658.7037353515625","1658.7037353515625","1658.7037353515625","","","","","","","","","","2044.442138671875","2044.442138671875","2044.442138671875"
"1195656","","","","","","","1723.0885009765625","1723.0885009765625","1723.0885009765625","","","","","",""
"1195912","","","","","","","","","","","","","2046.76171875","2046.76171875","2046.76171875"
"1196424","","","","1442.3624267578125","1442.3624267578125","1442.3624267578125","","","","","","","2048.562744140625","2048.562744140625","2048.562744140625"
"1196936","","","","1445.828857421875","1445.828857421875","1445.828857421875","","","","","","","","",""
"1197192","","","","1449.5352783203125","1449.5352783203125","1449.5352783203125","1728.4901123046875","1728.4901123046875","1728.4901123046875","","","","","",""
"1197448","","","","1451.3623046875","1451.3623046875","1451.3623046875","","","","","","","","",""
"1198216","","","","","","","","","","","","","2051.889404296875","2051.889404296875","2051.889404296875"
"1198472","","","","1453.96142578125","1453.96142578125","1453.96142578125","","","","","","","","",""
"1198728","","","","","","","1732.81201171875","1732.81201171875","1732.81201171875","","","","","",""
"1199240","","","","1449.1551513671875","1449.1551513671875","1449.1551513671875","","","","","","","","",""
"1201544","","","","","","","1737.76171875","1737.76171875","1737.76171875","","","","","",""
"1202568","","","","1453.07666015625","1453.07666015625","1453.07666015625","","","","","","","","",""
"1203848","","","","","","","","","","","","","2054.139404296875","2054.139404296875","2054.139404296875"
"1204360","","","","","","","","","","","","","2057.10400390625","2057.10400390625","2057.10400390625"
"1204872","","","","","","","","","","","","","2060.347412109375","2060.347412109375","2060.347412109375"
"1205384","","","","","","","","","","","","","2063.124267578125","2063.124267578125","2063.124267578125"
"1206408","","","","","","","","","","","","","2065.54052734375","2065.54052734375","2065.54052734375"
"1206664","1662.926513671875","1662.926513671875","1662.926513671875","","","","1742.9912109375","1742.9912109375","1742.9912109375","","","","","",""
"1207432","","","","","","","","","","","","","2066.34375","2066.34375","2066.34375"
"1207688","","","","","","","","","","1553.775146484375","1553.775146484375","1553.775146484375","","",""
"1207944","","","","","","","1747.92919921875","1747.92919921875","1747.92919921875","","","","","",""
"1208200","","","","","","","","","","","","","2068.957763671875","2068.957763671875","2068.957763671875"
"1208712","","","","","","","","","","","","","2071.626953125","2071.626953125","2071.626953125"
"1209480","","","","","","","1752.2734375","1752.2734375","1752.2734375","","","","","",""
"1210248","","","","1457.11181640625","1457.11181640625","1457.11181640625","","","","","","","","",""
"1210760","","","","1461.0797119140625","1461.0797119140625","1461.0797119140625","","","","","","","","",""
"1211016","","","","1464.3599853515625","1464.3599853515625","1464.3599853515625","","","","","","","","",""
"1211272","","","","1468.9478759765625","1468.9478759765625","1468.9478759765625","","","","","","","2074.270751953125","2074.270751953125","2074.270751953125"
"1211528","","","","","","","1754.685302734375","1754.685302734375","1754.685302734375","","","","","",""
"1212296","","","","","","","","","","","","","2076.46875","2076.46875","2076.46875"
"1212552","","","","","","","","","","","","","2079.357177734375","2079.357177734375","2079.357177734375"
"1213064","","","","","","","","","","","","","2082.5859375","2082.5859375","2082.5859375"
"1213320","","","","","","","","","","","","","2087.308349609375","2087.308349609375","2087.308349609375"
"1215368","","","","","","","1758.650634765625","1758.650634765625","1758.650634765625","","","","","",""
"1215624","","","","","","","1766.74169921875","1766.74169921875","1766.74169921875","1558.5107421875","1558.5107421875","1558.5107421875","","",""
"1215880","","","","","","","1773.5369873046875","1773.5369873046875","1773.5369873046875","","","","","",""
"1216392","1666.3406982421875","1666.3406982421875","1666.3406982421875","","","","1777.85107421875","1777.85107421875","1777.85107421875","","","","","",""
"1216904","","","","","","","1782.5968017578125","1782.5968017578125","1782.5968017578125","","","","","",""
"1217160","","","","1476.17919921875","1476.17919921875","1476.17919921875","","","","","","","","",""
"1217416","1653.2630615234375","1653.2630615234375","1653.2630615234375","","","","","","","","","","","",""
"1217672","","","","","","","","","","","","","2089.94580078125","2089.94580078125","2089.94580078125"
"1217928","1657.10888671875","1657.10888671875","1657.10888671875","","","","1786.73486328125","1786.73486328125","1786.73486328125","","","","","",""
"1218184","1646.73046875","1646.73046875","1646.73046875","1479.8487548828125","1479.8487548828125","1479.8487548828125","","","","","","","","",""
"1218440","","","","","","","","","","","","","2092.783447265625","2092.783447265625","2092.783447265625"
"1218696","1650.6346435546875","1650.6346435546875","1650.6346435546875","","","","","","","","","","","",""
"1218952","","","","1483.9234619140625","1483.9234619140625","1483.9234619140625","","","","","","","","",""
"1219208","","","","","","","1791.7171630859375","1791.7171630859375","1791.7171630859375","","","","","",""
"1219720","","","","1487.72509765625","1487.72509765625","1487.72509765625","","","","","","","","",""
"1219976","","","","","","","1795.8160400390625","1795.8160400390625","1795.8160400390625","","","","","",""
"1220488","","","","","","","1800.9798583984375","1800.9798583984375","1800.9798583984375","","","","","",""
"1221000","","","","","","","1804.6453857421875","1804.6453857421875","1804.6453857421875","","","","","",""
"1221256","","","","1491.5191650390625","1491.5191650390625","1491.5191650390625","","","","","","","","",""
"1221512","1654.6363525390625","1654.6363525390625","1654.6363525390625","1500.199951171875","1500.199951171875","1500.199951171875","","","","","","","","",""
"1221768","","","","1504.7095947265625","1504.7095947265625","1504.7095947265625","","","","","","","","",""
"1222792","","","","","","","1808.332763671875","1808.332763671875","1808.332763671875","","","","","",""
"1223048","","","","1509.8695068359375","1509.8695068359375","1509.8695068359375","1813.160888671875","1813.160888671875","1813.160888671875","","","","","",""
"1223304","","","","","","","","","","1562.8231201171875","1562.8231201171875","1562.8231201171875","","",""
"1223560","","","","","","","1821.1099853515625","1821.1099853515625","1821.1099853515625","1567.6822509765625","1567.6822509765625","1567.6822509765625","","",""
"1223816","1657.601806640625","1657.601806640625","1657.601806640625","","","","","","","","","","","",""
"1224072","","","","1513.6595458984375","1513.6595458984375","1513.6595458984375","","","","","","","","",""
"1224328","","","","1518.03857421875","1518.03857421875","1518.03857421875","","","","","","","","",""
"1224840","","","","1519.0909423828125","1519.0909423828125","1519.0909423828125","1825.6810302734375","1825.6810302734375","1825.6810302734375","","","","2095.550537109375","2095.550537109375","2095.550537109375"
"1225352","","","","1521.861328125","1521.861328125","1521.861328125","1828.8076171875","1828.8076171875","1828.8076171875","","","","","",""
"1225864","","","","","","","1832.3958740234375","1832.3958740234375","1832.3958740234375","","","","","",""
"1226120","","","","","","","","","","","","","2098.44775390625","2098.44775390625","2098.44775390625"
"1226376","","","","","","","1836.2916259765625","1836.2916259765625","1836.2916259765625","","","","","",""
"1226632","","","","1526.106201171875","1526.106201171875","1526.106201171875","","","","","","","","",""
"1227144","","","","1528.662109375","1528.662109375","1528.662109375","1839.6575927734375","1839.6575927734375","1839.6575927734375","","","","","",""
"1227400","","","","1535.2349853515625","1535.2349853515625","1535.2349853515625","1843.8533935546875","1843.8533935546875","1843.8533935546875","","","","","",""
"1227656","","","","1539.137939453125","1539.137939453125","1539.137939453125","1850.4833984375","1850.4833984375","1850.4833984375","","","","2100.953125","2100.953125","2100.953125"
"1227912","1661.3131103515625","1661.3131103515625","1661.3131103515625","1541.0557861328125","1541.0557861328125","1541.0557861328125","1858.223876953125","1858.223876953125","1858.223876953125","","","","","",""
"1228168","","","","","","","1863.6044921875","1863.6044921875","1863.6044921875","","","","","",""
"1228424","","","","","","","1868.45703125","1868.45703125","1868.45703125","","","","2107.14111328125","2107.14111328125","2107.14111328125"
"1228680","1665.031005859375","1665.031005859375","1665.031005859375","","","","","","","","","","","",""
"1229192","","","","","","","1875.7015380859375","1875.7015380859375","1875.7015380859375","","","","","",""
"1229448","1668.7176513671875","1668.7176513671875","1668.7176513671875","","","","","","","","","","","",""
"1230472","","","","","","","1883.212158203125","1883.212158203125","1883.212158203125","","","","","",""
"1230728","1676.543701171875","1676.543701171875","1676.543701171875","","","","","","","","","","","",""
"1230984","","","","1543.818359375","1543.818359375","1543.818359375","","","","","","","","",""
"1231240","1683.0206298828125","1683.0206298828125","1683.0206298828125","1547.1385498046875","1547.1385498046875","1547.1385498046875","1888.4910888671875","1888.4910888671875","1888.4910888671875","","","","","",""
"1232008","","","","","","","1890.94140625","1890.94140625","1890.94140625","","","","","",""
"1232264","","","","1549.10791015625","1549.10791015625","1549.10791015625","","","","","","","","",""
"1232520","","","","","","","1895.3284912109375","1895.3284912109375","1895.3284912109375","","","","","",""
"1232776","","","","1552.18017578125","1552.18017578125","1552.18017578125","1898.17919921875","1898.17919921875","1898.17919921875","","","","","",""
"1233032","","","","","","","1900.9698486328125","1900.9698486328125","1900.9698486328125","","","","","",""
"1234312","1686.41015625","1686.41015625","1686.41015625","","","","1904.1063232421875","1904.1063232421875","1904.1063232421875","","","","","",""
"1235080","","","","1562.9678955078125","1562.9678955078125","1562.9678955078125","","","","","","","","",""
"1235336","","","","","","","1906.396728515625","1906.396728515625","1906.396728515625","","","","2109.824951171875","2109.824951171875","2109.824951171875"
"1235592","","","","","","","","","","","","","2112.508544921875","2112.508544921875","2112.508544921875"
"1236104","1690.080322265625","1690.080322265625","1690.080322265625","","","","","","","","","","","",""
"1236360","","","","1565.052734375","1565.052734375","1565.052734375","","","","","","","","",""
"1236872","","","","","","","","","","","","","2116.047607421875","2116.047607421875","2116.047607421875"
"1237128","","","","","","","","","","","","","2118.454833984375","2118.454833984375","2118.454833984375"
"1237640","","","","1566.69140625","1566.69140625","1566.69140625","1909.0396728515625","1909.0396728515625","1909.0396728515625","","","","","",""
"1238408","1693.5814208984375","1693.5814208984375","1693.5814208984375","","","","1912.87109375","1912.87109375","1912.87109375","","","","","",""
"1238664","","","","","","","","","","","","","2120.014404296875","2120.014404296875","2120.014404296875"
"1238920","1696.442626953125","1696.442626953125","1696.442626953125","","","","","","","","","","","",""
"1239176","","","","","","","","","","","","","2122.030517578125","2122.030517578125","2122.030517578125"
"1239944","","","","","","","","","","","","","2124.295654296875","2124.295654296875","2124.295654296875"
"1240200","","","","","","","","","","","","","2126.17236328125","2126.17236328125","2126.17236328125"
"1240712","","","","","","","1919.4532470703125","1919.4532470703125","1919.4532470703125","","","","","",""
"1240968","","","","","","","","","","1571.685546875","1571.685546875","1571.685546875","","",""
"1241224","1699.8155517578125","1699.8155517578125","1699.8155517578125","","","","","","","","","","","",""
"1241480","","","","","","","","","","","","","2127.33251953125","2127.33251953125","2127.33251953125"
"1241736","","","","1565.3619384765625","1565.3619384765625","1565.3619384765625","","","","1576.2388916015625","1576.2388916015625","1576.2388916015625","","",""
"1241992","1703.08251953125","1703.08251953125","1703.08251953125","","","","","","","","","","","",""
"1242248","","","","1568.2205810546875","1568.2205810546875","1568.2205810546875","","","","","","","","",""
"1243272","","","","","","","","","","","","","2130.025390625","2130.025390625","2130.025390625"
"1243528","","","","1571.8775634765625","1571.8775634765625","1571.8775634765625","","","","","","","","",""
"1244040","","","","","","","","","","1581.9818115234375","1581.9818115234375","1581.9818115234375","2133.5390625","2133.5390625","2133.5390625"
"1244296","","","","1574.590576171875","1574.590576171875","1574.590576171875","1923.8277587890625","1923.8277587890625","1923.8277587890625","","","","","",""
"1244552","","","","","","","","","","","","","2134.043701171875","2134.043701171875","2134.043701171875"
"1245064","","","","1577.3741455078125","1577.3741455078125","1577.3741455078125","","","","","","","2136.691650390625","2136.691650390625","2136.691650390625"
"1245576","","","","","","","","","","1588.14404296875","1588.14404296875","1588.14404296875","","",""
"1245832","1706.03955078125","1706.03955078125","1706.03955078125","","","","1926.920166015625","1926.920166015625","1926.920166015625","1593.497314453125","1593.497314453125","1593.497314453125","2139.63427734375","2139.63427734375","2139.63427734375"
"1246088","","","","","","","1930.3260498046875","1930.3260498046875","1930.3260498046875","","","","","",""
"1246344","","","","1579.8004150390625","1579.8004150390625","1579.8004150390625","","","","","","","","",""
"1246600","","","","","","","","","","","","","2142.867919921875","2142.867919921875","2142.867919921875"
"1246856","","","","1582.2427978515625","1582.2427978515625","1582.2427978515625","","","","","","","","",""
"1247112","","","","","","","","","","","","","2145.16650390625","2145.16650390625","2145.16650390625"
"1247368","","","","","","","","","","","","","2148.2119140625","2148.2119140625","2148.2119140625"
"1247624","","","","","","","1932.6297607421875","1932.6297607421875","1932.6297607421875","1598.5479736328125","1598.5479736328125","1598.5479736328125","","",""
"1248392","1708.756103515625","1708.756103515625","1708.756103515625","","","","1936.361083984375","1936.361083984375","1936.361083984375","","","","2151.042236328125","2151.042236328125","2151.042236328125"
"1248648","","","","1584.5263671875","1584.5263671875","1584.5263671875","","","","","","","2156.1416015625","2156.1416015625","2156.1416015625"
"1250696","","","","1587.87060546875","1587.87060546875","1587.87060546875","","","","","","","","",""
"1251720","","","","1589.781005859375","1589.781005859375","1589.781005859375","","","","1603.2603759765625","1603.2603759765625","1603.2603759765625","","",""
"1252232","","","","1592.2235107421875","1592.2235107421875","1592.2235107421875","","","","","","","","",""
"1252488","1712.185546875","1712.185546875","1712.185546875","1595.211181640625","1595.211181640625","1595.211181640625","","","","","","","2159.091796875","2159.091796875","2159.091796875"
"1252744","","","","","","","1937.972900390625","1937.972900390625","1937.972900390625","","","","","",""
"1253256","","","","","","","","","","","","","2160.38427734375","2160.38427734375","2160.38427734375"
"1253768","1715.2601318359375","1715.2601318359375","1715.2601318359375","","","","","","","","","","","",""
"1254024","1717.6107177734375","1717.6107177734375","1717.6107177734375","1598.083251953125","1598.083251953125","1598.083251953125","","","","","","","","",""
"1254280","1720.947021484375","1720.947021484375","1720.947021484375","","","","","","","1608.363037109375","1608.363037109375","1608.363037109375","","",""
"1255048","","","","","","","","","","1612.89111328125","1612.89111328125","1612.89111328125","","",""
"1255304","","","","","","","","","","1617.848388671875","1617.848388671875","1617.848388671875","","",""
"1255560","","","","","","","","","","","","","2162.67626953125","2162.67626953125","2162.67626953125"
"1256072","1718.84814453125","1718.84814453125","1718.84814453125","","","","","","","","","","2163.975341796875","2163.975341796875","2163.975341796875"
"1256584","1722.148681640625","1722.148681640625","1722.148681640625","","","","","","","","","","","",""
"1256840","","","","","","","1940.5921630859375","1940.5921630859375","1940.5921630859375","1622.1563720703125","1622.1563720703125","1622.1563720703125","","",""
"1257096","1715.933837890625","1715.933837890625","1715.933837890625","","","","1943.8800048828125","1943.8800048828125","1943.8800048828125","1626.3115234375","1626.3115234375","1626.3115234375","2165.68408203125","2165.68408203125","2165.68408203125"
"1257352","","","","1600.7750244140625","1600.7750244140625","1600.7750244140625","","","","","","","","",""
"1257864","","","","","","","","","","1631.7060546875","1631.7060546875","1631.7060546875","","",""
"1258376","1709.907958984375","1709.907958984375","1709.907958984375","","","","","","","1635.43408203125","1635.43408203125","1635.43408203125","","",""
"1258888","","","","","","","","","","1640.9705810546875","1640.9705810546875","1640.9705810546875","","",""
"1259400","","","","","","","","","","","","","2168.090087890625","2168.090087890625","2168.090087890625"
"1259912","","","","","","","","","","1645.37353515625","1645.37353515625","1645.37353515625","","",""
"1260168","1712.427490234375","1712.427490234375","1712.427490234375","","","","","","","","","","","",""
"1260424","","","","","","","","","","","","","2170.36962890625","2170.36962890625","2170.36962890625"
"1260936","1715.70654296875","1715.70654296875","1715.70654296875","","","","1948.3055419921875","1948.3055419921875","1948.3055419921875","","","","","",""
"1261448","1718.575927734375","1718.575927734375","1718.575927734375","","","","","","","","","","","",""
"1261704","","","","","","","","","","1651.1112060546875","1651.1112060546875","1651.1112060546875","","",""
"1262472","","","","1602.71044921875","1602.71044921875","1602.71044921875","","","","","","","","",""
"1264264","","","","1605.442626953125","1605.442626953125","1605.442626953125","","","","","","","","",""
"1264520","","","","","","","","","","","","","2173.557373046875","2173.557373046875","2173.557373046875"
"1265800","","","","","","","1931.9400634765625","1931.9400634765625","1931.9400634765625","","","","","",""
"1266056","1721.3204345703125","1721.3204345703125","1721.3204345703125","","","","","","","1653.783203125","1653.783203125","1653.783203125","","",""
"1266312","1724.19091796875","1724.19091796875","1724.19091796875","","","","","","","","","","","",""
"1266568","","","","","","","","","","1658.662109375","1658.662109375","1658.662109375","","",""
"1267080","1707.91455078125","1707.91455078125","1707.91455078125","","","","","","","","","","","",""
"1267592","1711.2393798828125","1711.2393798828125","1711.2393798828125","","","","","","","","","","","",""
"1268616","1714.6649169921875","1714.6649169921875","1714.6649169921875","","","","","","","","","","2174.897216796875","2174.897216796875","2174.897216796875"
"1270152","","","","1608.5068359375","1608.5068359375","1608.5068359375","","","","","","","","",""
"1270408","1717.62646484375","1717.62646484375","1717.62646484375","","","","","","","","","","2178.195068359375","2178.195068359375","2178.195068359375"
"1270920","","","","","","","","","","1662.66357421875","1662.66357421875","1662.66357421875","","",""
"1271688","1711.7969970703125","1711.7969970703125","1711.7969970703125","","","","","","","","","","","",""
"1271944","","","","","","","","","","1667.07373046875","1667.07373046875","1667.07373046875","","",""
"1272200","1702.1492919921875","1702.1492919921875","1702.1492919921875","","","","","","","","","","","",""
"1272456","","","","1612.4136962890625","1612.4136962890625","1612.4136962890625","","","","","","","","",""
"1274248","","","","","","","1925.7283935546875","1925.7283935546875","1925.7283935546875","","","","","",""
"1274504","1701.291259765625","1701.291259765625","1701.291259765625","","","","","","","1677.31396484375","1677.31396484375","1677.31396484375","","",""
"1275016","","","","","","","","","","1681.17529296875","1681.17529296875","1681.17529296875","","",""
"1275272","1703.344482421875","1703.344482421875","1703.344482421875","","","","1931.2763671875","1931.2763671875","1931.2763671875","1688.5487060546875","1688.5487060546875","1688.5487060546875","","",""
"1276040","","","","","","","","","","1691.579833984375","1691.579833984375","1691.579833984375","","",""
"1276552","","","","","","","","","","1696.381103515625","1696.381103515625","1696.381103515625","","",""
"1277064","","","","","","","","","","1700.0767822265625","1700.0767822265625","1700.0767822265625","","",""
"1277576","","","","","","","","","","1704.0150146484375","1704.0150146484375","1704.0150146484375","","",""
"1277832","","","","1616.2071533203125","1616.2071533203125","1616.2071533203125","","","","","","","2180.544921875","2180.544921875","2180.544921875"
"1278344","","","","","","","","","","","","","2182.9453125","2182.9453125","2182.9453125"
"1278600","1706.7923583984375","1706.7923583984375","1706.7923583984375","","","","","","","1711.3818359375","1711.3818359375","1711.3818359375","","",""
"1279112","","","","","","","","","","1715.2388916015625","1715.2388916015625","1715.2388916015625","2185.568115234375","2185.568115234375","2185.568115234375"
"1279624","1701.2122802734375","1701.2122802734375","1701.2122802734375","","","","1935.4232177734375","1935.4232177734375","1935.4232177734375","1719.6251220703125","1719.6251220703125","1719.6251220703125","2187.763427734375","2187.763427734375","2187.763427734375"
"1279880","1704.380859375","1704.380859375","1704.380859375","","","","","","","","","","","",""
"1280136","","","","","","","","","","1722.622314453125","1722.622314453125","1722.622314453125","","",""
"1280648","","","","1619.9273681640625","1619.9273681640625","1619.9273681640625","","","","1731.3582763671875","1731.3582763671875","1731.3582763671875","","",""
"1280904","","","","1623.7574462890625","1623.7574462890625","1623.7574462890625","1936.693603515625","1936.693603515625","1936.693603515625","1735.6510009765625","1735.6510009765625","1735.6510009765625","","",""
"1281416","","","","1627.299072265625","1627.299072265625","1627.299072265625","","","","","","","","",""
"1281672","1707.3074951171875","1707.3074951171875","1707.3074951171875","","","","","","","","","","","",""
"1282952","","","","1630.7332763671875","1630.7332763671875","1630.7332763671875","","","","","","","","",""
"1283208","1709.6446533203125","1709.6446533203125","1709.6446533203125","","","","","","","","","","","",""
"1283720","","","","","","","","","","1739.5201416015625","1739.5201416015625","1739.5201416015625","2189.924560546875","2189.924560546875","2189.924560546875"
"1283976","1707.3466796875","1707.3466796875","1707.3466796875","","","","1931.423828125","1931.423828125","1931.423828125","","","","","",""
"1284232","","","","1635.1239013671875","1635.1239013671875","1635.1239013671875","","","","","","","","",""
"1284744","","","","","","","","","","1743.5362548828125","1743.5362548828125","1743.5362548828125","","",""
"1285000","1715.6312255859375","1715.6312255859375","1715.6312255859375","","","","","","","","","","","",""
"1307272","1699.83837890625","1699.83837890625","1699.83837890625","","","","1913.8443603515625","1913.8443603515625","1913.8443603515625","","","","","",""
"1308040","","","","","","","1896.645263671875","1896.645263671875","1896.645263671875","","","","","",""
"1312136","1685.15771484375","1685.15771484375","1685.15771484375","","","","","","","","","","","",""
"1318280","1670.7523193359375","1670.7523193359375","1670.7523193359375","","","","","","","","","","","",""
"1327496","","","","","","","","","","1727.778564453125","1727.778564453125","1727.778564453125","","",""
"1378440","","","","","","","","","","","","","2172.749755859375","2172.749755859375","2172.749755859375"
"1439112","1667.015869140625","1667.015869140625","1667.015869140625","","","","","","","","","","","",""
"1446024","1663.1068115234375","1663.1068115234375","1663.1068115234375","","","","","","","","","","","",""
"1448072","1659.8431396484375","1659.8431396484375","1659.8431396484375","","","","","","","","","","","",""
"1465480","1657.03076171875","1657.03076171875","1657.03076171875","","","","","","","","","","","",""
"1502088","1659.2454833984375","1659.2454833984375","1659.2454833984375","","","","","","","","","","","",""
"1508744","","","","","","","","","","","","","2173.931884765625","2173.931884765625","2173.931884765625"
"1519752","","","","","","","1899.0045166015625","1899.0045166015625","1899.0045166015625","","","","","",""
"1526920","","","","","","","","","","","","","2177.019287109375","2177.019287109375","2177.019287109375"
"1541000","2294.1513671875","2294.1513671875","2294.1513671875","2149.84765625","2149.84765625","2149.84765625","2443.751708984375","2443.751708984375","2443.751708984375","2243.89013671875","2243.89013671875","2243.89013671875","2590.324462890625","2590.324462890625","2590.324462890625"
"1554312","","","","","","","","","","2222.6455078125","2222.6455078125","2222.6455078125","","",""
"1555592","","","","","","","","","","2201.568115234375","2201.568115234375","2201.568115234375","","",""
"1563272","2294.594482421875","2294.594482421875","2294.594482421875","","","","2420.831298828125","2420.831298828125","2420.831298828125","","","","","",""
"1563784","2273.516357421875","2273.516357421875","2273.516357421875","","","","","","","","","","","",""
"1564040","","","","","","","2420.518310546875","2420.518310546875","2420.518310546875","","","","","",""
"1568136","2274.702392578125","2274.702392578125","2274.702392578125","","","","","","","","","","","",""
"1569928","2253.315185546875","2253.315185546875","2253.315185546875","","","","","","","","","","","",""
"1574280","2255.7890625","2255.7890625","2255.7890625","","","","","","","","","","","",""
"1581704","2234.6484375","2234.6484375","2234.6484375","","","","","","","","","","","",""
"1583240","2213.890380859375","2213.890380859375","2213.890380859375","","","","","","","","","","","",""
"1583496","","","","","","","","","","2202.30322265625","2202.30322265625","2202.30322265625","","",""
"1584264","","","","","","","2398.283203125","2398.283203125","2398.283203125","","","","","",""
"1586056","2193.388427734375","2193.388427734375","2193.388427734375","","","","","","","","","","","",""
"1589640","2173.6318359375","2173.6318359375","2173.6318359375","","","","","","","","","","","",""
"1589896","","","","","","","2379.550537109375","2379.550537109375","2379.550537109375","","","","","",""
"1590664","","","","","","","2361.18359375","2361.18359375","2361.18359375","","","","","",""
"1594504","","","","","","","2342.416748046875","2342.416748046875","2342.416748046875","","","","","",""
"1595528","","","","","","","2324.438720703125","2324.438720703125","2324.438720703125","","","","","",""
"1595784","","","","","","","2306.443115234375","2306.443115234375","2306.443115234375","","","","","",""
"1601160","","","","","","","2289.47705078125","2289.47705078125","2289.47705078125","","","","","",""
"1601928","","","","","","","2272.743896484375","2272.743896484375","2272.743896484375","","","","","",""
"1602696","","","","","","","2255.452392578125","2255.452392578125","2255.452392578125","","","","","",""
"1605000","","","","","","","2238.810302734375","2238.810302734375","2238.810302734375","","","","","",""
"1612680","","","","","","","2221.97705078125","2221.97705078125","2221.97705078125","","","","","",""
"1613192","2165.421875","2165.421875","2165.421875","","","","","","","","","","","",""
"1627016","2145.929443359375","2145.929443359375","2145.929443359375","","","","","","","","","","","",""
"1630344","2132.906005859375","2132.906005859375","2132.906005859375","","","","","","","","","","","",""
"1634440","","","","","","","","","","","","","2591.71533203125","2591.71533203125","2591.71533203125"
"1658248","2122.147705078125","2122.147705078125","2122.147705078125","","","","","","","","","","","",""
"1659528","2120.374755859375","2120.374755859375","2120.374755859375","","","","","","","","","","","",""
"1673352","2107.5048828125","2107.5048828125","2107.5048828125","","","","","","","","","","","",""
"1677960","2099.751708984375","2099.751708984375","2099.751708984375","","","","","","","","","","","",""
"1683336","2092.5087890625","2092.5087890625","2092.5087890625","","","","","","","","","","","",""
"1688712","2082.421142578125","2082.421142578125","2082.421142578125","","","","","","","","","","","",""
"1695112","2088.098876953125","2088.098876953125","2088.098876953125","","","","","","","","","","","",""
"1701256","2073.885498046875","2073.885498046875","2073.885498046875","","","","","","","","","","","",""
"1702024","2076.045654296875","2076.045654296875","2076.045654296875","","","","","","","","","","","",""
"1708680","2064.03076171875","2064.03076171875","2064.03076171875","","","","","","","","","","","",""
"1709192","2059.33935546875","2059.33935546875","2059.33935546875","","","","","","","","","","","",""
"1733000","2056.7060546875","2056.7060546875","2056.7060546875","","","","","","","","","","","",""
"1735560","2055.673828125","2055.673828125","2055.673828125","","","","","","","","","","","",""
"1739656","2040.140380859375","2040.140380859375","2040.140380859375","","","","","","","","","","","",""
"1747592","2041.285400390625","2041.285400390625","2041.285400390625","","","","","","","","","","","",""
"1749896","2041.8802490234375","2041.8802490234375","2041.8802490234375","","","","","","","","","","","",""
"1751176","2043.767333984375","2043.767333984375","2043.767333984375","","","","","","","","","","","",""
"1752456","2045.5050048828125","2045.5050048828125","2045.5050048828125","","","","","","","","","","","",""
"1753224","2047.3284912109375","2047.3284912109375","2047.3284912109375","","","","","","","","","","","",""
"1753480","2049.146728515625","2049.146728515625","2049.146728515625","","","","","","","","","","","",""
"1753992","2050.0732421875","2050.0732421875","2050.0732421875","","","","","","","","","","","",""
"1755272","2049.41796875","2049.41796875","2049.41796875","","","","","","","","","","","",""
"1755784","2038.9559326171875","2038.9559326171875","2038.9559326171875","","","","","","","","","","","",""
"1756552","2040.8426513671875","2040.8426513671875","2040.8426513671875","","","","","","","","","","","",""
"1757320","2042.495849609375","2042.495849609375","2042.495849609375","","","","","","","","","","","",""
"1757832","2043.822509765625","2043.822509765625","2043.822509765625","","","","","","","","","","","",""
"1758088","2049.77734375","2049.77734375","2049.77734375","","","","","","","","","","","",""
"1758600","2052.177978515625","2052.177978515625","2052.177978515625","","","","","","","","","","","",""
"1758856","2053.542724609375","2053.542724609375","2053.542724609375","","","","","","","","","","","",""
"1759368","2054.513427734375","2054.513427734375","2054.513427734375","","","","","","","","","","","",""
"1759624","2059.213623046875","2059.213623046875","2059.213623046875","","","","","","","","","","","",""
"1764744","","","","","","","","","","","","","2594.569580078125","2594.569580078125","2594.569580078125"
"1766024","2060.63916015625","2060.63916015625","2060.63916015625","","","","","","","","","","","",""
"1767048","2062.96484375","2062.96484375","2062.96484375","","","","","","","","","","","",""
"1773448","2053.14501953125","2053.14501953125","2053.14501953125","","","","","","","","","","","",""
"1775752","","","","","","","2225.842529296875","2225.842529296875","2225.842529296875","","","","","",""
"1778312","2057.585205078125","2057.585205078125","2057.585205078125","","","","","","","","","","","",""
"1782920","","","","","","","","","","","","","2597.934326171875","2597.934326171875","2597.934326171875"
"1790856","2066.990234375","2066.990234375","2066.990234375","","","","","","","","","","","",""
"1797000","2567.91943359375","2567.91943359375","2567.91943359375","2371.895263671875","2371.895263671875","2371.895263671875","2747.214111328125","2747.214111328125","2747.214111328125","2393.039306640625","2393.039306640625","2393.039306640625","2940.64111328125","2940.64111328125","2940.64111328125"
"1799560","2547.05615234375","2547.05615234375","2547.05615234375","","","","","","","","","","","",""
"1810312","","","","","","","","","","2392.825439453125","2392.825439453125","2392.825439453125","","",""
"1811592","","","","","","","","","","2393.39404296875","2393.39404296875","2393.39404296875","","",""
"1812872","","","","","","","2721.10107421875","2721.10107421875","2721.10107421875","","","","","",""
"1814664","2522.714111328125","2522.714111328125","2522.714111328125","","","","","","","","","","","",""
"1815944","","","","","","","2695.105224609375","2695.105224609375","2695.105224609375","","","","","",""
"1816712","2510.440185546875","2510.440185546875","2510.440185546875","","","","","","","","","","","",""
"1819272","2511.479736328125","2511.479736328125","2511.479736328125","","","","2695.834716796875","2695.834716796875","2695.834716796875","","","","","",""
"1819784","2511.23583984375","2511.23583984375","2511.23583984375","","","","","","","","","","","",""
"1820040","","","","","","","2696.552978515625","2696.552978515625","2696.552978515625","","","","","",""
"1821832","","","","","","","2670.65087890625","2670.65087890625","2670.65087890625","","","","","",""
"1824136","2512.21044921875","2512.21044921875","2512.21044921875","","","","","","","","","","","",""
"1824392","","","","","","","2645.810791015625","2645.810791015625","2645.810791015625","","","","","",""
"1825928","2514.269775390625","2514.269775390625","2514.269775390625","","","","","","","","","","","",""
"1826440","","","","","","","2621.3271484375","2621.3271484375","2621.3271484375","","","","","",""
"1827208","2491.1220703125","2491.1220703125","2491.1220703125","","","","","","","","","","","",""
"1830280","2492.83935546875","2492.83935546875","2492.83935546875","","","","","","","","","","","",""
"1839496","","","","","","","","","","2394.17919921875","2394.17919921875","2394.17919921875","","",""
"1840264","","","","","","","2622.424560546875","2622.424560546875","2622.424560546875","","","","","",""
"1841288","","","","","","","2597.9580078125","2597.9580078125","2597.9580078125","","","","","",""
"1844104","2471.466796875","2471.466796875","2471.466796875","","","","","","","","","","","",""
"1845640","2473.549560546875","2473.549560546875","2473.549560546875","","","","","","","","","","","",""
"1845896","","","","","","","2599.6806640625","2599.6806640625","2599.6806640625","","","","","",""
"1846664","","","","","","","2601.42724609375","2601.42724609375","2601.42724609375","","","","","",""
"1850504","","","","","","","2602.615966796875","2602.615966796875","2602.615966796875","","","","","",""
"1851528","","","","","","","2603.885009765625","2603.885009765625","2603.885009765625","","","","","",""
"1851784","","","","","","","2605.532958984375","2605.532958984375","2605.532958984375","","","","","",""
"1857160","","","","","","","2606.635009765625","2606.635009765625","2606.635009765625","","","","","",""
"1857928","","","","","","","2608.277099609375","2608.277099609375","2608.277099609375","","","","","",""
"1858696","","","","","","","2609.23388671875","2609.23388671875","2609.23388671875","","","","","",""
"1861000","","","","","","","2610.69970703125","2610.69970703125","2610.69970703125","","","","","",""
"1864840","","","","2354.589599609375","2354.589599609375","2354.589599609375","","","","","","","","",""
"1868680","","","","","","","2612.21533203125","2612.21533203125","2612.21533203125","","","","","",""
"1883016","2476.670654296875","2476.670654296875","2476.670654296875","","","","","","","","","","","",""
"1884808","","","","","","","2588.241943359375","2588.241943359375","2588.241943359375","","","","","",""
"1890440","","","","","","","","","","","","","2940.149658203125","2940.149658203125","2940.149658203125"
"1909128","2467.4658203125","2467.4658203125","2467.4658203125","","","","","","","","","","","",""
"1915528","2471.309326171875","2471.309326171875","2471.309326171875","","","","","","","","","","","",""
"1933960","2474.75341796875","2474.75341796875","2474.75341796875","","","","","","","","","","","",""
"1941896","","","","","","","","","","","","","2926.50390625","2926.50390625","2926.50390625"
"1951112","2477.816650390625","2477.816650390625","2477.816650390625","","","","","","","","","","","",""
"1954440","","","","","","","","","","","","","2912.3583984375","2912.3583984375","2912.3583984375"
"1958024","2482.10986328125","2482.10986328125","2482.10986328125","","","","","","","","","","","",""
"1964680","2485.387451171875","2485.387451171875","2485.387451171875","","","","","","","","","","","",""
"1965192","2489.439453125","2489.439453125","2489.439453125","","","","","","","","","","","",""
"1983880","2486.325439453125","2486.325439453125","2486.325439453125","","","","","","","","","","","",""
"1989000","2491.29931640625","2491.29931640625","2491.29931640625","","","","","","","","","","","",""
"1991560","2495.812255859375","2495.812255859375","2495.812255859375","","","","","","","","","","","",""
"1991816","2493.970947265625","2493.970947265625","2493.970947265625","","","","","","","","","","","",""
"1995656","2500.049560546875","2500.049560546875","2500.049560546875","","","","","","","","","","","",""
"1999496","2499.076904296875","2499.076904296875","2499.076904296875","","","","","","","","","","","",""
"2003592","2503.320068359375","2503.320068359375","2503.320068359375","","","","","","","","","","","",""
"2005896","2508.81787109375","2508.81787109375","2508.81787109375","","","","","","","","","","","",""
"2007176","2513.734619140625","2513.734619140625","2513.734619140625","","","","","","","","","","","",""
"2008456","2519.2275390625","2519.2275390625","2519.2275390625","","","","","","","","","","","",""
"2009480","2521.19970703125","2521.19970703125","2521.19970703125","","","","","","","","","","","",""
"2009992","2524.95263671875","2524.95263671875","2524.95263671875","","","","","","","","","","","",""
"2011272","2530.857421875","2530.857421875","2530.857421875","","","","","","","","","","","",""
"2011784","2541.85302734375","2541.85302734375","2541.85302734375","","","","","","","","","","","",""
"2012552","2547.003662109375","2547.003662109375","2547.003662109375","","","","","","","","","","","",""
"2013320","2552.400146484375","2552.400146484375","2552.400146484375","","","","","","","","","","","",""
"2013832","2558.2216796875","2558.2216796875","2558.2216796875","","","","","","","","","","","",""
"2014088","2562.896728515625","2562.896728515625","2562.896728515625","","","","","","","","","","","",""
"2014600","2566.9091796875","2566.9091796875","2566.9091796875","","","","","","","","","","","",""
"2014856","2572.011474609375","2572.011474609375","2572.011474609375","","","","","","","","","","","",""
"2015368","2576.983642578125","2576.983642578125","2576.983642578125","","","","","","","","","","","",""
"2015624","2587.201904296875","2587.201904296875","2587.201904296875","","","","","","","","","","","",""
"2020744","","","","","","","","","","","","","2911.486572265625","2911.486572265625","2911.486572265625"
"2022024","2591.890869140625","2591.890869140625","2591.890869140625","","","","","","","","","","","",""
"2023048","2602.198974609375","2602.198974609375","2602.198974609375","","","","","","","","","","","",""
"2029448","2607.446533203125","2607.446533203125","2607.446533203125","","","","","","","","","","","",""
"2031752","","","","","","","2590.447998046875","2590.447998046875","2590.447998046875","","","","","",""
"2034312","2611.75634765625","2611.75634765625","2611.75634765625","","","","","","","","","","","",""
"2038920","","","","","","","","","","","","","2910.9384765625","2910.9384765625","2910.9384765625"
"2042504","2612.752685546875","2612.752685546875","2612.752685546875","","","","","","","","","","","",""
"2043272","","","","","","","","","","2395.92578125","2395.92578125","2395.92578125","","",""
"2046856","2621.8369140625","2621.8369140625","2621.8369140625","","","","","","","","","","","",""
"2053000","2987.673095703125","2987.673095703125","2987.673095703125","2473.0478515625","2473.0478515625","2473.0478515625","2971.06298828125","2971.06298828125","2971.06298828125","2816.0439453125","2816.0439453125","2816.0439453125","2832.771240234375","2832.771240234375","2832.771240234375"
"2055560","2989.60986328125","2989.60986328125","2989.60986328125","","","","","","","","","","","",""
"2066312","","","","","","","","","","2816.354248046875","2816.354248046875","2816.354248046875","","",""
"2067592","","","","","","","","","","2816.123291015625","2816.123291015625","2816.123291015625","","",""
"2068872","","","","","","","2971.068359375","2971.068359375","2971.068359375","","","","","",""
"2070664","2991.032958984375","2991.032958984375","2991.032958984375","","","","","","","","","","","",""
"2071944","","","","","","","2970.180908203125","2970.180908203125","2970.180908203125","","","","","",""
"2072712","2992.731689453125","2992.731689453125","2992.731689453125","","","","","","","","","","","",""
"2075272","2993.964111328125","2993.964111328125","2993.964111328125","","","","2969.803955078125","2969.803955078125","2969.803955078125","","","","","",""
"2075784","2995.920654296875","2995.920654296875","2995.920654296875","","","","","","","","","","","",""
"2076040","","","","","","","2968.993896484375","2968.993896484375","2968.993896484375","","","","","",""
"2077832","","","","","","","2969.322509765625","2969.322509765625","2969.322509765625","","","","","",""
"2080136","2997.3115234375","2997.3115234375","2997.3115234375","","","","","","","","","","","",""
"2080392","","","","","","","2969.059326171875","2969.059326171875","2969.059326171875","","","","","",""
"2081928","2997.954833984375","2997.954833984375","2997.954833984375","","","","","","","","","","","",""
"2082440","","","","","","","2968.405029296875","2968.405029296875","2968.405029296875","","","","","",""
"2083208","2999.31640625","2999.31640625","2999.31640625","","","","","","","","","","","",""
"2095496","","","","","","","","","","2816.294677734375","2816.294677734375","2816.294677734375","","",""
"2096264","","","","","","","2968.102783203125","2968.102783203125","2968.102783203125","","","","","",""
"2097288","","","","","","","2966.701171875","2966.701171875","2966.701171875","","","","","",""
"2100104","3001.001220703125","3001.001220703125","3001.001220703125","","","","","","","","","","","",""
"2101640","3002.880615234375","3002.880615234375","3002.880615234375","","","","","","","","","","","",""
"2101896","","","","","","","2966.123046875","2966.123046875","2966.123046875","","","","","",""
"2102664","","","","","","","2965.3349609375","2965.3349609375","2965.3349609375","","","","","",""
"2106504","","","","","","","2964.39794921875","2964.39794921875","2964.39794921875","","","","","",""
"2107528","","","","","","","2963.115234375","2963.115234375","2963.115234375","","","","","",""
"2107784","","","","","","","2962.1572265625","2962.1572265625","2962.1572265625","","","","","",""
"2113928","","","","","","","2961.565185546875","2961.565185546875","2961.565185546875","","","","","",""
"2114696","","","","","","","2961.61669921875","2961.61669921875","2961.61669921875","","","","","",""
"2117000","","","","","","","2960.92138671875","2960.92138671875","2960.92138671875","","","","","",""
"2120840","","","","2474.94384765625","2474.94384765625","2474.94384765625","","","","","","","","",""
"2124680","","","","","","","2959.568603515625","2959.568603515625","2959.568603515625","","","","","",""
"2139016","3004.61865234375","3004.61865234375","3004.61865234375","","","","","","","","","","","",""
"2140808","","","","","","","2959.0947265625","2959.0947265625","2959.0947265625","","","","","",""
"2146440","","","","","","","","","","","","","2834.1181640625","2834.1181640625","2834.1181640625"
"2165128","3005.6298828125","3005.6298828125","3005.6298828125","","","","","","","","","","","",""
"2171528","3007.142822265625","3007.142822265625","3007.142822265625","","","","","","","","","","","",""
"2189960","3008.146484375","3008.146484375","3008.146484375","","","","","","","","","","","",""
"2197896","","","","","","","","","","","","","2835.40234375","2835.40234375","2835.40234375"
"2207112","3009.1083984375","3009.1083984375","3009.1083984375","","","","","","","","","","","",""
"2210440","","","","","","","","","","","","","2837.172119140625","2837.172119140625","2837.172119140625"
"2214024","3010.003662109375","3010.003662109375","3010.003662109375","","","","","","","","","","","",""
"2220680","3010.619384765625","3010.619384765625","3010.619384765625","","","","","","","","","","","",""
"2221192","3011.90087890625","3011.90087890625","3011.90087890625","","","","","","","","","","","",""
"2239880","3012.634521484375","3012.634521484375","3012.634521484375","","","","","","","","","","","",""
"2245000","3013.09716796875","3013.09716796875","3013.09716796875","","","","","","","","","","","",""
"2247560","3013.36376953125","3013.36376953125","3013.36376953125","","","","","","","","","","","",""
"2247816","3013.286865234375","3013.286865234375","3013.286865234375","","","","","","","","","","","",""
"2251656","3013.50830078125","3013.50830078125","3013.50830078125","","","","","","","","","","","",""
"2255496","3013.84716796875","3013.84716796875","3013.84716796875","","","","","","","","","","","",""
"2259592","3014.251708984375","3014.251708984375","3014.251708984375","","","","","","","","","","","",""
"2261896","3014.3017578125","3014.3017578125","3014.3017578125","","","","","","","","","","","",""
"2263176","3014.3369140625","3014.3369140625","3014.3369140625","","","","","","","","","","","",""
"2264456","3014.6845703125","3014.6845703125","3014.6845703125","","","","","","","","","","","",""
"2265480","3015.248779296875","3015.248779296875","3015.248779296875","","","","","","","","","","","",""
"2265992","3015.30517578125","3015.30517578125","3015.30517578125","","","","","","","","","","","",""
"2267272","3015.54248046875","3015.54248046875","3015.54248046875","","","","","","","","","","","",""
"2267784","3015.853759765625","3015.853759765625","3015.853759765625","","","","","","","","","","","",""
"2268552","3016.049560546875","3016.049560546875","3016.049560546875","","","","","","","","","","","",""
"2269320","3015.9443359375","3015.9443359375","3015.9443359375","","","","","","","","","","","",""
"2269832","3016.05810546875","3016.05810546875","3016.05810546875","","","","","","","","","","","",""
"2270088","3016.12451171875","3016.12451171875","3016.12451171875","","","","","","","","","","","",""
"2270600","3016.125244140625","3016.125244140625","3016.125244140625","","","","","","","","","","","",""
"2270856","3016.425537109375","3016.425537109375","3016.425537109375","","","","","","","","","","","",""
"2271368","3015.906494140625","3015.906494140625","3015.906494140625","","","","","","","","","","","",""
"2271624","3015.764892578125","3015.764892578125","3015.764892578125","","","","","","","","","","","",""
"2276744","","","","","","","","","","","","","2840.48828125","2840.48828125","2840.48828125"
"2278024","3015.3564453125","3015.3564453125","3015.3564453125","","","","","","","","","","","",""
"2279048","3015.470947265625","3015.470947265625","3015.470947265625","","","","","","","","","","","",""
"2285448","3015.773681640625","3015.773681640625","3015.773681640625","","","","","","","","","","","",""
"2287752","","","","","","","2959.88671875","2959.88671875","2959.88671875","","","","","",""
"2290312","3015.317138671875","3015.317138671875","3015.317138671875","","","","","","","","","","","",""
"2294920","","","","","","","","","","","","","2844.1396484375","2844.1396484375","2844.1396484375"
"2298504","3015.443115234375","3015.443115234375","3015.443115234375","","","","","","","","","","","",""
"2299272","","","","","","","","","","2817.25146484375","2817.25146484375","2817.25146484375","","",""
"2302856","3016.237060546875","3016.237060546875","3016.237060546875","","","","","","","","","","","",""
"2309000","3036.787353515625","3036.787353515625","3036.787353515625","2731.546142578125","2731.546142578125","2731.546142578125","3096.79150390625","3096.79150390625","3096.79150390625","2918.135986328125","2918.135986328125","2918.135986328125","3228.77783203125","3228.77783203125","3228.77783203125"
"2311560","3037.26171875","3037.26171875","3037.26171875","","","","","","","","","","","",""
"2322312","","","","","","","","","","2918.286376953125","2918.286376953125","2918.286376953125","","",""
"2323592","","","","","","","","","","2918.946533203125","2918.946533203125","2918.946533203125","","",""
"2324872","","","","","","","3097.51708984375","3097.51708984375","3097.51708984375","","","","","",""
"2326664","3037.87744140625","3037.87744140625","3037.87744140625","","","","","","","","","","","",""
"2327944","","","","","","","3098.030517578125","3098.030517578125","3098.030517578125","","","","","",""
"2328712","3038.2431640625","3038.2431640625","3038.2431640625","","","","","","","","","","","",""
"2331272","3038.951904296875","3038.951904296875","3038.951904296875","","","","3098.86865234375","3098.86865234375","3098.86865234375","","","","","",""
"2331784","3039.4443359375","3039.4443359375","3039.4443359375","","","","","","","","","","","",""
"2332040","","","","","","","3099.06982421875","3099.06982421875","3099.06982421875","","","","","",""
"2333832","","","","","","","3099.71533203125","3099.71533203125","3099.71533203125","","","","","",""
"2336136","3039.8173828125","3039.8173828125","3039.8173828125","","","","","","","","","","","",""
"2336392","","","","","","","3100.489501953125","3100.489501953125","3100.489501953125","","","","","",""
"2337928","3040.06982421875","3040.06982421875","3040.06982421875","","","","","","","","","","","",""
"2338440","","","","","","","3101.474609375","3101.474609375","3101.474609375","","","","","",""
"2339208","3039.97802734375","3039.97802734375","3039.97802734375","","","","","","","","","","","",""
"2351496","","","","","","","","","","2919.339599609375","2919.339599609375","2919.339599609375","","",""
"2352264","","","","","","","3103.0146484375","3103.0146484375","3103.0146484375","","","","","",""
"2353288","","","","","","","3104.33251953125","3104.33251953125","3104.33251953125","","","","","",""
"2356104","3040.43896484375","3040.43896484375","3040.43896484375","","","","","","","","","","","",""
"2357640","3040.3896484375","3040.3896484375","3040.3896484375","","","","","","","","","","","",""
"2357896","","","","","","","3105.70458984375","3105.70458984375","3105.70458984375","","","","","",""
"2358664","","","","","","","3106.942138671875","3106.942138671875","3106.942138671875","","","","","",""
"2362504","","","","","","","3108.518310546875","3108.518310546875","3108.518310546875","","","","","",""
"2363528","","","","","","","3110.3251953125","3110.3251953125","3110.3251953125","","","","","",""
"2363784","","","","","","","3111.97314453125","3111.97314453125","3111.97314453125","","","","","",""
"2369928","","","","","","","3113.724853515625","3113.724853515625","3113.724853515625","","","","","",""
"2370696","","","","","","","3114.39892578125","3114.39892578125","3114.39892578125","","","","","",""
"2373000","","","","","","","3116.166748046875","3116.166748046875","3116.166748046875","","","","","",""
"2376840","","","","2730.823486328125","2730.823486328125","2730.823486328125","","","","","","","","",""
"2380680","","","","","","","3118.42919921875","3118.42919921875","3118.42919921875","","","","","",""
"2395016","3041.096923828125","3041.096923828125","3041.096923828125","","","","","","","","","","","",""
"2396808","","","","","","","3120.6015625","3120.6015625","3120.6015625","","","","","",""
"2402440","","","","","","","","","","","","","3229.4501953125","3229.4501953125","3229.4501953125"
"2421128","3042.76611328125","3042.76611328125","3042.76611328125","","","","","","","","","","","",""
"2427528","3045.244384765625","3045.244384765625","3045.244384765625","","","","","","","","","","","",""
"2445960","3047.466064453125","3047.466064453125","3047.466064453125","","","","","","","","","","","",""
"2453896","","","","","","","","","","","","","3229.498779296875","3229.498779296875","3229.498779296875"
"2463112","3049.54248046875","3049.54248046875","3049.54248046875","","","","","","","","","","","",""
"2466440","","","","","","","","","","","","","3229.12646484375","3229.12646484375","3229.12646484375"
"2470024","3051.85107421875","3051.85107421875","3051.85107421875","","","","","","","","","","","",""
"2476680","3053.651611328125","3053.651611328125","3053.651611328125","","","","","","","","","","","",""
"2477192","3056.376220703125","3056.376220703125","3056.376220703125","","","","","","","","","","","",""
"2495880","3059.389404296875","3059.389404296875","3059.389404296875","","","","","","","","","","","",""
"2501000","3061.7314453125","3061.7314453125","3061.7314453125","","","","","","","","","","","",""
"2503560","3063.4892578125","3063.4892578125","3063.4892578125","","","","","","","","","","","",""
"2503816","3065.84423828125","3065.84423828125","3065.84423828125","","","","","","","","","","","",""
"2507656","3068.142333984375","3068.142333984375","3068.142333984375","","","","","","","","","","","",""
"2511496","3069.87744140625","3069.87744140625","3069.87744140625","","","","","","","","","","","",""
"2515592","3072.326171875","3072.326171875","3072.326171875","","","","","","","","","","","",""
"2517896","3074.01611328125","3074.01611328125","3074.01611328125","","","","","","","","","","","",""
"2519176","3076.51611328125","3076.51611328125","3076.51611328125","","","","","","","","","","","",""
"2520456","3078.5869140625","3078.5869140625","3078.5869140625","","","","","","","","","","","",""
"2521480","3083.737548828125","3083.737548828125","3083.737548828125","","","","","","","","","","","",""
"2521992","3085.60498046875","3085.60498046875","3085.60498046875","","","","","","","","","","","",""
"2523272","3086.96337890625","3086.96337890625","3086.96337890625","","","","","","","","","","","",""
"2523784","3090.2783203125","3090.2783203125","3090.2783203125","","","","","","","","","","","",""
"2524552","3092.190673828125","3092.190673828125","3092.190673828125","","","","","","","","","","","",""
"2525320","3093.2431640625","3093.2431640625","3093.2431640625","","","","","","","","","","","",""
"2525832","3094.87841796875","3094.87841796875","3094.87841796875","","","","","","","","","","","",""
"2526088","3097.089111328125","3097.089111328125","3097.089111328125","","","","","","","","","","","",""
"2526600","3099.525634765625","3099.525634765625","3099.525634765625","","","","","","","","","","","",""
"2526856","3101.6640625","3101.6640625","3101.6640625","","","","","","","","","","","",""
"2527368","3103.345458984375","3103.345458984375","3103.345458984375","","","","","","","","","","","",""
"2527624","3107.115234375","3107.115234375","3107.115234375","","","","","","","","","","","",""
"2528904","","","","","","","3109.450439453125","3109.450439453125","3109.450439453125","","","","","",""
"2529928","","","","","","","3105.9033203125","3105.9033203125","3105.9033203125","","","","","",""
"2530952","","","","","","","3103.174560546875","3103.174560546875","3103.174560546875","","","","","",""
"2532744","","","","","","","3100.987060546875","3100.987060546875","3100.987060546875","","","","3228.467529296875","3228.467529296875","3228.467529296875"
"2533000","","","","","","","3094.39794921875","3094.39794921875","3094.39794921875","","","","","",""
"2533512","","","","","","","3087.965576171875","3087.965576171875","3087.965576171875","","","","","",""
"2534024","3108.837646484375","3108.837646484375","3108.837646484375","","","","","","","","","","","",""
"2535048","3112.988037109375","3112.988037109375","3112.988037109375","","","","","","","","","","","",""
"2537608","","","","","","","3079.716796875","3079.716796875","3079.716796875","","","","","",""
"2537864","","","","","","","3077.7626953125","3077.7626953125","3077.7626953125","","","","","",""
"2539400","","","","","","","3071.865478515625","3071.865478515625","3071.865478515625","","","","","",""
"2540936","","","","","","","3063.145751953125","3063.145751953125","3063.145751953125","","","","","",""
"2541448","3115.217041015625","3115.217041015625","3115.217041015625","","","","","","","","","","","",""
"2543752","","","","","","","3064.77783203125","3064.77783203125","3064.77783203125","","","","","",""
"2544264","","","","","","","3063.20654296875","3063.20654296875","3063.20654296875","","","","","",""
"2546312","3116.820556640625","3116.820556640625","3116.820556640625","","","","3061.048583984375","3061.048583984375","3061.048583984375","","","","","",""
"2549128","","","","","","","3058.2880859375","3058.2880859375","3058.2880859375","","","","","",""
"2550920","","","","","","","","","","","","","3227.34033203125","3227.34033203125","3227.34033203125"
"2553480","","","","","","","3060.39111328125","3060.39111328125","3060.39111328125","","","","","",""
"2554504","3118.12158203125","3118.12158203125","3118.12158203125","","","","","","","","","","","",""
"2555272","","","","","","","","","","2923.29638671875","2923.29638671875","2923.29638671875","","",""
"2555528","","","","","","","3061.013916015625","3061.013916015625","3061.013916015625","","","","","",""
"2557064","","","","","","","3054.760009765625","3054.760009765625","3054.760009765625","","","","","",""
"2558856","3120.8837890625","3120.8837890625","3120.8837890625","","","","","","","","","","","",""
"2560136","","","","","","","3057.919677734375","3057.919677734375","3057.919677734375","","","","","",""
"2560392","","","","","","","3060.319580078125","3060.319580078125","3060.319580078125","","","","","",""
"2562184","","","","","","","3062.774658203125","3062.774658203125","3062.774658203125","","","","","",""
"2565000","3235.435791015625","3235.435791015625","3235.435791015625","2819.6455078125","2819.6455078125","2819.6455078125","3309.563720703125","3309.563720703125","3309.563720703125","3292.388671875","3292.388671875","3292.388671875","3099.42919921875","3099.42919921875","3099.42919921875"
"2601096","","","","2794.84765625","2794.84765625","2794.84765625","","","","","","","","",""
"2607752","","","","2771.87109375","2771.87109375","2771.87109375","","","","","","","","",""
"2616456","","","","2749.381591796875","2749.381591796875","2749.381591796875","","","","","","","","",""
"2821000","3376.021728515625","3376.021728515625","3376.021728515625","2957.05419921875","2957.05419921875","2957.05419921875","3557.997802734375","3557.997802734375","3557.997802734375","3206.5908203125","3206.5908203125","3206.5908203125","3340.176513671875","3340.176513671875","3340.176513671875"
"2828424","3342.852783203125","3342.852783203125","3342.852783203125","","","","","","","","","","","",""
"2829448","3310.2158203125","3310.2158203125","3310.2158203125","","","","","","","","","","","",""
"2829960","3277.88427734375","3277.88427734375","3277.88427734375","","","","","","","","","","","",""
"2830728","3245.953369140625","3245.953369140625","3245.953369140625","","","","","","","","","","","",""
"2831240","3182.801513671875","3182.801513671875","3182.801513671875","","","","","","","","","","","",""
"2831752","3151.952392578125","3151.952392578125","3151.952392578125","","","","","","","","","","","",""
"2832008","3121.44775390625","3121.44775390625","3121.44775390625","","","","","","","","","","","",""
"2832520","3091.18701171875","3091.18701171875","3091.18701171875","","","","","","","","","","","",""
"2832776","3061.3505859375","3061.3505859375","3061.3505859375","","","","","","","","","","","",""
"2833032","3031.62548828125","3031.62548828125","3031.62548828125","","","","","","","","","","","",""
"2834824","3002.385986328125","3002.385986328125","3002.385986328125","","","","","","","","","","","",""
"2835336","2973.3642578125","2973.3642578125","2973.3642578125","","","","","","","","","","","",""
"2835592","2944.794189453125","2944.794189453125","2944.794189453125","","","","","","","","","","","",""
"2842504","2916.693359375","2916.693359375","2916.693359375","","","","","","","","","","","",""
"2857096","","","","2958.12109375","2958.12109375","2958.12109375","","","","","","","","",""
"2863752","","","","2958.015625","2958.015625","2958.015625","","","","","","","","",""
"2872456","","","","2958.9755859375","2958.9755859375","2958.9755859375","","","","","","","","",""
"3024008","2916.748291015625","2916.748291015625","2916.748291015625","","","","","","","","","","","",""
"3026568","2916.93408203125","2916.93408203125","2916.93408203125","","","","","","","","","","","",""
"3028872","","","","","","","","","","","","","3334.869873046875","3334.869873046875","3334.869873046875"
"3029896","","","","","","","","","","","","","3329.7578125","3329.7578125","3329.7578125"
"3043720","2917.430908203125","2917.430908203125","2917.430908203125","","","","","","","","","","","",""
"3048328","2919.70458984375","2919.70458984375","2919.70458984375","","","","","","","","","","","",""
"3050376","2892.5908203125","2892.5908203125","2892.5908203125","","","","","","","","","","","",""
"3067784","","","","","","","","","","3206.368896484375","3206.368896484375","3206.368896484375","","",""
"3072136","2899.26806640625","2899.26806640625","2899.26806640625","","","","","","","","","","","",""
"3077000","3670.828369140625","3670.828369140625","3670.828369140625","2985.612060546875","2985.612060546875","2985.612060546875","3593.05810546875","3593.05810546875","3593.05810546875","3632.894287109375","3632.894287109375","3632.894287109375","3711.363037109375","3711.363037109375","3711.363037109375"
"3084424","3670.2041015625","3670.2041015625","3670.2041015625","","","","","","","","","","","",""
"3085448","3670.80712890625","3670.80712890625","3670.80712890625","","","","","","","","","","","",""
"3085960","3670.7021484375","3670.7021484375","3670.7021484375","","","","","","","","","","","",""
"3086728","3671.05517578125","3671.05517578125","3671.05517578125","","","","","","","","","","","",""
"3087240","3671.4345703125","3671.4345703125","3671.4345703125","","","","","","","","","","","",""
"3087752","3671.067138671875","3671.067138671875","3671.067138671875","","","","","","","","","","","",""
"3088008","3671.981201171875","3671.981201171875","3671.981201171875","","","","","","","","","","","",""
"3088520","3672.265869140625","3672.265869140625","3672.265869140625","","","","","","","","","","","",""
"3088776","3672.7060546875","3672.7060546875","3672.7060546875","","","","","","","","","","","",""
"3089032","3673.050537109375","3673.050537109375","3673.050537109375","","","","","","","","","","","",""
"3091336","3673.815185546875","3673.815185546875","3673.815185546875","","","","","","","","","","","",""
"3091592","3673.64111328125","3673.64111328125","3673.64111328125","","","","","","","","","","","",""
"3098504","3673.753662109375","3673.753662109375","3673.753662109375","","","","","","","","","","","",""
"3113096","","","","2986.099365234375","2986.099365234375","2986.099365234375","","","","","","","","",""
"3119752","","","","2986.20556640625","2986.20556640625","2986.20556640625","","","","","","","","",""
"3125128","","","","","","","","","","","","","3680.060791015625","3680.060791015625","3680.060791015625"
"3128456","","","","2986.1376953125","2986.1376953125","2986.1376953125","","","","","","","","",""
"3131784","","","","","","","","","","","","","3650.8583984375","3650.8583984375","3650.8583984375"
"3135368","","","","","","","","","","","","","3621.2119140625","3621.2119140625","3621.2119140625"
"3140232","","","","","","","","","","","","","3592.519287109375","3592.519287109375","3592.519287109375"
"3149704","","","","","","","","","","","","","3565.038330078125","3565.038330078125","3565.038330078125"
"3156360","3647.15673828125","3647.15673828125","3647.15673828125","","","","","","","","","","","",""
"3196552","3627.123779296875","3627.123779296875","3627.123779296875","","","","","","","","","","","",""
"3254664","3612.282470703125","3612.282470703125","3612.282470703125","","","","","","","","","","","",""
"3282568","3612.41357421875","3612.41357421875","3612.41357421875","","","","","","","","","","","",""
"3284872","","","","","","","","","","","","","3564.011474609375","3564.011474609375","3564.011474609375"
"3285896","","","","","","","","","","","","","3563.2880859375","3563.2880859375","3563.2880859375"
"3299720","3612.256591796875","3612.256591796875","3612.256591796875","","","","","","","","","","","",""
"3304328","3611.61767578125","3611.61767578125","3611.61767578125","","","","","","","","","","","",""
"3306376","3609.006591796875","3609.006591796875","3609.006591796875","","","","","","","","","","","",""
"3312520","3604.099853515625","3604.099853515625","3604.099853515625","","","","","","","","","","","",""
"3323784","","","","","","","","","","3632.951416015625","3632.951416015625","3632.951416015625","","",""
"3328136","3603.2275390625","3603.2275390625","3603.2275390625","","","","","","","","","","","",""
"3333000","3604.46533203125","3604.46533203125","3604.46533203125","3110.103271484375","3110.103271484375","3110.103271484375","3590.77685546875","3590.77685546875","3590.77685546875","3569.2734375","3569.2734375","3569.2734375","3453.150146484375","3453.150146484375","3453.150146484375"
"3340424","3604.027099609375","3604.027099609375","3604.027099609375","","","","","","","","","","","",""
"3341448","3604.395263671875","3604.395263671875","3604.395263671875","","","","","","","","","","","",""
"3341960","3604.60107421875","3604.60107421875","3604.60107421875","","","","","","","","","","","",""
"3342728","3604.618896484375","3604.618896484375","3604.618896484375","","","","","","","","","","","",""
"3343240","3604.3642578125","3604.3642578125","3604.3642578125","","","","","","","","","","","",""
"3343752","3605.001708984375","3605.001708984375","3605.001708984375","","","","","","","","","","","",""
"3344008","3604.181396484375","3604.181396484375","3604.181396484375","","","","","","","","","","","",""
"3344520","3604.458740234375","3604.458740234375","3604.458740234375","","","","","","","","","","","",""
"3344776","3604.45556640625","3604.45556640625","3604.45556640625","","","","","","","","","","","",""
"3347336","3604.961181640625","3604.961181640625","3604.961181640625","","","","","","","","","","","",""
"3347592","3604.310302734375","3604.310302734375","3604.310302734375","","","","","","","","","","","",""
"3354504","3602.853759765625","3602.853759765625","3602.853759765625","","","","","","","","","","","",""
"3358344","3569.091552734375","3569.091552734375","3569.091552734375","","","","","","","","","","","",""
"3369096","","","","3109.996826171875","3109.996826171875","3109.996826171875","","","","","","","","",""
"3375752","","","","3109.373291015625","3109.373291015625","3109.373291015625","","","","","","","","",""
"3381128","","","","","","","","","","","","","3454.22265625","3454.22265625","3454.22265625"
"3384456","","","","3109.488037109375","3109.488037109375","3109.488037109375","","","","","","","","",""
"3387784","","","","","","","","","","","","","3454.565185546875","3454.565185546875","3454.565185546875"
"3391368","","","","","","","","","","","","","3454.9697265625","3454.9697265625","3454.9697265625"
"3396232","","","","","","","","","","","","","3456.84033203125","3456.84033203125","3456.84033203125"
"3397256","3541.419189453125","3541.419189453125","3541.419189453125","","","","","","","","","","","",""
"3405704","","","","","","","","","","","","","3457.580810546875","3457.580810546875","3457.580810546875"
"3412360","3543.044677734375","3543.044677734375","3543.044677734375","","","","","","","","","","","",""
"3452552","3544.5634765625","3544.5634765625","3544.5634765625","","","","","","","","","","","",""
"3510664","3546.02734375","3546.02734375","3546.02734375","","","","","","","","","","","",""
"3538568","3547.287353515625","3547.287353515625","3547.287353515625","","","","","","","","","","","",""
"3540872","","","","","","","","","","","","","3457.895751953125","3457.895751953125","3457.895751953125"
"3541896","","","","","","","","","","","","","3459.6337890625","3459.6337890625","3459.6337890625"
"3555720","3548.8525390625","3548.8525390625","3548.8525390625","","","","","","","","","","","",""
"3560328","3549.931884765625","3549.931884765625","3549.931884765625","","","","","","","","","","","",""
"3562376","3550.934814453125","3550.934814453125","3550.934814453125","","","","","","","","","","","",""
"3568520","3552.318603515625","3552.318603515625","3552.318603515625","","","","","","","","","","","",""
"3579784","","","","","","","","","","3569.396728515625","3569.396728515625","3569.396728515625","","",""
"3584136","3552.667724609375","3552.667724609375","3552.667724609375","","","","","","","","","","","",""
"3589000","3629.62060546875","3629.62060546875","3629.62060546875","3313.427734375","3313.427734375","3313.427734375","3683.0048828125","3683.0048828125","3683.0048828125","3785.526123046875","3785.526123046875","3785.526123046875","3541.801513671875","3541.801513671875","3541.801513671875"
"3596424","3629.72265625","3629.72265625","3629.72265625","","","","","","","","","","","",""
"3597448","3629.630615234375","3629.630615234375","3629.630615234375","","","","","","","","","","","",""
"3597960","3629.76171875","3629.76171875","3629.76171875","","","","","","","","","","","",""
"3598728","3629.999267578125","3629.999267578125","3629.999267578125","","","","","","","","","","","",""
"3599240","3630.348876953125","3630.348876953125","3630.348876953125","","","","","","","","","","","",""
"3599752","3630.9013671875","3630.9013671875","3630.9013671875","","","","","","","","","","","",""
"3600008","3630.9375","3630.9375","3630.9375","","","","","","","","","","","",""
"3600520","3631.428955078125","3631.428955078125","3631.428955078125","","","","","","","","","","","",""
"3600776","3631.66064453125","3631.66064453125","3631.66064453125","","","","","","","","","","","",""
"3603336","3631.450927734375","3631.450927734375","3631.450927734375","","","","","","","","","","","",""
"3603592","3631.33203125","3631.33203125","3631.33203125","","","","3647.4814453125","3647.4814453125","3647.4814453125","","","","","",""
"3610504","3631.4541015625","3631.4541015625","3631.4541015625","","","","","","","","","","","",""
"3614344","3631.5771484375","3631.5771484375","3631.5771484375","","","","","","","","","","","",""
"3625096","","","","3315.640869140625","3315.640869140625","3315.640869140625","","","","","","","","",""
"3631752","","","","3317.453369140625","3317.453369140625","3317.453369140625","","","","","","","","",""
"3637128","","","","","","","","","","","","","3541.915283203125","3541.915283203125","3541.915283203125"
"3640456","","","","3319.2119140625","3319.2119140625","3319.2119140625","","","","","","","","",""
"3643784","","","","","","","","","","","","","3541.8359375","3541.8359375","3541.8359375"
"3647368","","","","","","","","","","","","","3541.540283203125","3541.540283203125","3541.540283203125"
"3652232","","","","","","","","","","","","","3541.86865234375","3541.86865234375","3541.86865234375"
"3653256","3631.907958984375","3631.907958984375","3631.907958984375","","","","","","","","","","","",""
"3661704","","","","","","","","","","","","","3541.830322265625","3541.830322265625","3541.830322265625"
"3668360","3631.98095703125","3631.98095703125","3631.98095703125","","","","","","","","","","","",""
"3708552","3632.6318359375","3632.6318359375","3632.6318359375","","","","","","","","","","","",""
"3766664","3633.512451171875","3633.512451171875","3633.512451171875","","","","","","","","","","","",""
"3794568","3634.1474609375","3634.1474609375","3634.1474609375","","","","","","","","","","","",""
"3796872","","","","","","","","","","","","","3541.62548828125","3541.62548828125","3541.62548828125"
"3797896","","","","","","","","","","","","","3542.396728515625","3542.396728515625","3542.396728515625"
"3811720","3634.888671875","3634.888671875","3634.888671875","","","","","","","","","","","",""
"3816328","3636.447998046875","3636.447998046875","3636.447998046875","","","","","","","","","","","",""
"3818376","3637.345458984375","3637.345458984375","3637.345458984375","","","","","","","","","","","",""
"3824520","3637.131591796875","3637.131591796875","3637.131591796875","","","","","","","","","","","",""
"3835784","","","","","","","","","","3784.7626953125","3784.7626953125","3784.7626953125","","",""
"3840136","3638.771728515625","3638.771728515625","3638.771728515625","","","","","","","","","","","",""
"3845000","3812.98486328125","3812.98486328125","3812.98486328125","3638.92236328125","3638.92236328125","3638.92236328125","4111.486328125","4111.486328125","4111.486328125","3764.423583984375","3764.423583984375","3764.423583984375","3569.8251953125","3569.8251953125","3569.8251953125"
"3855496","3775.81494140625","3775.81494140625","3775.81494140625","","","","","","","","","","","",""
"3856008","3739.000244140625","3739.000244140625","3739.000244140625","","","","","","","","","","","",""
"3878536","3705.05810546875","3705.05810546875","3705.05810546875","","","","","","","","","","","",""
"3893640","3673.114501953125","3673.114501953125","3673.114501953125","","","","","","","","","","","",""
"3919240","3646.602783203125","3646.602783203125","3646.602783203125","","","","","","","","","","","",""
"3920264","3621.09814453125","3621.09814453125","3621.09814453125","","","","","","","","","","","",""
"4051848","","","","","","","4101.15478515625","4101.15478515625","4101.15478515625","","","","","",""
"4068488","","","","","","","4095.785888671875","4095.785888671875","4095.785888671875","","","","","",""
"4071048","","","","","","","","","","3760.407470703125","3760.407470703125","3760.407470703125","","",""
"4089224","","","","","","","","","","","","","3568.66748046875","3568.66748046875","3568.66748046875"
"4101000","4034.70703125","4034.70703125","4034.70703125","3704.5361328125","3704.5361328125","3704.5361328125","4123.779296875","4123.779296875","4123.779296875","4127.6337890625","4127.6337890625","4127.6337890625","3828.8310546875","3828.8310546875","3828.8310546875"
"4111496","4035.054931640625","4035.054931640625","4035.054931640625","","","","","","","","","","","",""
"4112008","4035.466552734375","4035.466552734375","4035.466552734375","","","","","","","","","","","",""
"4116104","3996.08154296875","3996.08154296875","3996.08154296875","","","","","","","","","","","",""
"4127368","3958.982666015625","3958.982666015625","3958.982666015625","","","","","","","","","","","",""
"4134536","3960.21875","3960.21875","3960.21875","","","","","","","","","","","",""
"4149640","3961.356201171875","3961.356201171875","3961.356201171875","","","","","","","","","","","",""
"4169352","","","","","","","","","","","","","3800.041259765625","3800.041259765625","3800.041259765625"
"4173448","3927.787353515625","3927.787353515625","3927.787353515625","","","","","","","","","","","",""
"4175240","3929.28271484375","3929.28271484375","3929.28271484375","","","","","","","","","","","",""
"4176264","3930.044189453125","3930.044189453125","3930.044189453125","","","","","","","","","","","",""
"4178056","3901.4970703125","3901.4970703125","3901.4970703125","","","","","","","","","","","",""
"4195208","","","","","","","","","","","","","3772.009033203125","3772.009033203125","3772.009033203125"
"4203912","3877.925537109375","3877.925537109375","3877.925537109375","","","","","","","","","","","",""
"4204168","3854.7392578125","3854.7392578125","3854.7392578125","","","","","","","","","","","",""
"4230792","","","","","","","","","","","","","3751.99462890625","3751.99462890625","3751.99462890625"
"4242568","","","","","","","","","","","","","3736.035888671875","3736.035888671875","3736.035888671875"
"4244872","","","","","","","4103.8720703125","4103.8720703125","4103.8720703125","","","","","",""
"4263304","3841.90087890625","3841.90087890625","3841.90087890625","","","","","","","","","","","",""
"4295048","3834.49462890625","3834.49462890625","3834.49462890625","","","","","","","","","","","",""
"4298120","3826.92578125","3826.92578125","3826.92578125","","","","","","","","","","","",""
"4307848","","","","","","","4103.70166015625","4103.70166015625","4103.70166015625","","","","","",""
"4314760","3819.67236328125","3819.67236328125","3819.67236328125","","","","","","","","","","","",""
"4320392","","","","","","","","","","","","","3729.71337890625","3729.71337890625","3729.71337890625"
"4324488","","","","","","","4102.7490234375","4102.7490234375","4102.7490234375","","","","","",""
"4327048","","","","","","","","","","4126.3994140625","4126.3994140625","4126.3994140625","","",""
"4327560","3816.014892578125","3816.014892578125","3816.014892578125","","","","","","","","","","","",""
"4345224","","","","","","","","","","","","","3731.857421875","3731.857421875","3731.857421875"
"4353672","","","","","","","","","","","","","3735.72705078125","3735.72705078125","3735.72705078125"
"4357000","4072.353271484375","4072.353271484375","4072.353271484375","3604.64111328125","3604.64111328125","3604.64111328125","4039.235595703125","4039.235595703125","4039.235595703125","4014.217529296875","4014.217529296875","4014.217529296875","4053.109375","4053.109375","4053.109375"
"4367496","4072.58935546875","4072.58935546875","4072.58935546875","","","","","","","","","","","",""
"4368008","4069.28955078125","4069.28955078125","4069.28955078125","","","","","","","","","","","",""
"4371848","4029.96142578125","4029.96142578125","4029.96142578125","","","","","","","","","","","",""
"4372104","4030.55859375","4030.55859375","4030.55859375","","","","","","","","","","","",""
"4375176","4020.117919921875","4020.117919921875","4020.117919921875","","","","","","","","","","","",""
"4377480","3982.280517578125","3982.280517578125","3982.280517578125","","","","","","","","","","","",""
"4383368","3983.385009765625","3983.385009765625","3983.385009765625","","","","","","","","","","","",""
"4390536","3985.373046875","3985.373046875","3985.373046875","","","","","","","","","","","",""
"4396680","3947.153564453125","3947.153564453125","3947.153564453125","","","","","","","","","","","",""
"4405640","3948.964599609375","3948.964599609375","3948.964599609375","","","","","","","","","","","",""
"4425352","","","","","","","","","","","","","4054.4169921875","4054.4169921875","4054.4169921875"
"4429192","3917.417724609375","3917.417724609375","3917.417724609375","","","","","","","","","","","",""
"4429448","3919.7939453125","3919.7939453125","3919.7939453125","","","","","","","","","","","",""
"4431240","3921.918701171875","3921.918701171875","3921.918701171875","","","","","","","","","","","",""
"4434056","3924.1611328125","3924.1611328125","3924.1611328125","","","","","","","","","","","",""
"4439944","3896.338134765625","3896.338134765625","3896.338134765625","","","","","","","","","","","",""
"4448392","3870.9052734375","3870.9052734375","3870.9052734375","","","","","","","","","","","",""
"4450952","3845.66015625","3845.66015625","3845.66015625","","","","","","","","","","","",""
"4451208","","","","","","","","","","","","","4053.78125","4053.78125","4053.78125"
"4452488","","","","","","","","","","","","","4024.771484375","4024.771484375","4024.771484375"
"4459912","3848.5771484375","3848.5771484375","3848.5771484375","","","","","","","","","","","",""
"4460168","3846.357666015625","3846.357666015625","3846.357666015625","","","","","","","","","","","",""
"4467336","3825.13232421875","3825.13232421875","3825.13232421875","","","","","","","","","","","",""
"4472968","3802.446044921875","3802.446044921875","3802.446044921875","","","","","","","","","","","",""
"4478088","3769.762939453125","3769.762939453125","3769.762939453125","","","","","","","","","","","",""
"4486792","","","","","","","","","","","","","4026.875","4026.875","4026.875"
"4487304","3749.20703125","3749.20703125","3749.20703125","","","","","","","","","","","",""
"4493192","3714.20703125","3714.20703125","3714.20703125","","","","","","","","","","","",""
"4498568","","","","","","","","","","","","","4027.947021484375","4027.947021484375","4027.947021484375"
"4500872","","","","","","","4040.552490234375","4040.552490234375","4040.552490234375","","","","","",""
"4508296","","","","","","","","","","","","","4011.9873046875","4011.9873046875","4011.9873046875"
"4518536","3701.79052734375","3701.79052734375","3701.79052734375","","","","","","","","","","","",""
"4519304","3706.28173828125","3706.28173828125","3706.28173828125","","","","","","","","","","","",""
"4528264","3694.638427734375","3694.638427734375","3694.638427734375","","","","","","","","","","","",""
"4531080","3683.0283203125","3683.0283203125","3683.0283203125","","","","","","","","","","","",""
"4531592","","","","","","","","","","","","","3997.223876953125","3997.223876953125","3997.223876953125"
"4535688","3664.5673828125","3664.5673828125","3664.5673828125","","","","","","","","","","","",""
"4548744","","","","","","","","","","","","","3986.35888671875","3986.35888671875","3986.35888671875"
"4551048","3669.209716796875","3669.209716796875","3669.209716796875","","","","","","","","","","","",""
"4554120","3672.71435546875","3672.71435546875","3672.71435546875","","","","","","","","","","","",""
"4563848","","","","","","","4042.624267578125","4042.624267578125","4042.624267578125","","","","","",""
"4570760","3675.123046875","3675.123046875","3675.123046875","","","","","","","","","","","",""
"4576392","","","","","","","","","","","","","3987.33203125","3987.33203125","3987.33203125"
"4580488","","","","","","","4044.8779296875","4044.8779296875","4044.8779296875","","","","","",""
"4583048","","","","","","","","","","4014.896240234375","4014.896240234375","4014.896240234375","","",""
"4583560","3679.76171875","3679.76171875","3679.76171875","","","","","","","","","","","",""
"4584840","3679.06396484375","3679.06396484375","3679.06396484375","","","","","","","","","","","",""
"4590728","3665.4482421875","3665.4482421875","3665.4482421875","","","","","","","","","","","",""
"4601224","","","","","","","","","","","","","3988.159912109375","3988.159912109375","3988.159912109375"
"4609672","","","","","","","","","","","","","3990.1298828125","3990.1298828125","3990.1298828125"
"4613000","4067.458740234375","4067.458740234375","4067.458740234375","4005.400634765625","4005.400634765625","4005.400634765625","4253.31298828125","4253.31298828125","4253.31298828125","4104.85009765625","4104.85009765625","4104.85009765625","4092.73486328125","4092.73486328125","4092.73486328125"
"4623496","4068.4111328125","4068.4111328125","4068.4111328125","","","","","","","","","","","",""
"4624008","4068.39404296875","4068.39404296875","4068.39404296875","","","","","","","","","","","",""
"4627848","4068.6826171875","4068.6826171875","4068.6826171875","","","","","","","","","","","",""
"4628104","4068.88330078125","4068.88330078125","4068.88330078125","","","","","","","","","","","",""
"4631176","4068.986083984375","4068.986083984375","4068.986083984375","","","","","","","","","","","",""
"4633480","4068.352294921875","4068.352294921875","4068.352294921875","","","","","","","","","","","",""
"4639368","4068.779052734375","4068.779052734375","4068.779052734375","","","","","","","","","","","",""
"4646536","4069.557373046875","4069.557373046875","4069.557373046875","","","","","","","","","","","",""
"4652680","4069.340576171875","4069.340576171875","4069.340576171875","","","","","","","","","","","",""
"4661640","4071.142822265625","4071.142822265625","4071.142822265625","","","","","","","","","","","",""
"4681352","","","","","","","","","","","","","4093.024169921875","4093.024169921875","4093.024169921875"
"4685192","4069.786865234375","4069.786865234375","4069.786865234375","","","","","","","","","","","",""
"4687240","4069.791259765625","4069.791259765625","4069.791259765625","","","","","","","","","","","",""
"4690056","4067.128662109375","4067.128662109375","4067.128662109375","","","","","","","","","","","",""
"4692872","","","","3976.177001953125","3976.177001953125","3976.177001953125","","","","","","","","",""
"4695944","4067.482666015625","4067.482666015625","4067.482666015625","","","","","","","","","","","",""
"4704392","4067.303955078125","4067.303955078125","4067.303955078125","","","","","","","","","","","",""
"4706952","4067.2265625","4067.2265625","4067.2265625","","","","","","","","","","","",""
"4707208","","","","","","","","","","","","","4092.30419921875","4092.30419921875","4092.30419921875"
"4708488","","","","","","","","","","","","","4092.61669921875","4092.61669921875","4092.61669921875"
"4715912","4067.926513671875","4067.926513671875","4067.926513671875","","","","","","","","","","","",""
"4716168","4068.668701171875","4068.668701171875","4068.668701171875","","","","","","","","","","","",""
"4723336","4069.72314453125","4069.72314453125","4069.72314453125","","","","","","","","","","","",""
"4728968","4069.953857421875","4069.953857421875","4069.953857421875","","","","","","","","","","","",""
"4734088","4070.428955078125","4070.428955078125","4070.428955078125","","","","","","","","","","","",""
"4742792","","","","","","","","","","","","","4093.91845703125","4093.91845703125","4093.91845703125"
"4743304","4071.412109375","4071.412109375","4071.412109375","","","","","","","","","","","",""
"4749192","4071.974609375","4071.974609375","4071.974609375","","","","","","","","","","","",""
"4754568","","","","","","","","","","","","","4095.464599609375","4095.464599609375","4095.464599609375"
"4756872","","","","","","","4253.06103515625","4253.06103515625","4253.06103515625","","","","","",""
"4764296","","","","","","","","","","","","","4095.8671875","4095.8671875","4095.8671875"
"4774536","4072.649169921875","4072.649169921875","4072.649169921875","","","","","","","","","","","",""
"4775304","4072.68701171875","4072.68701171875","4072.68701171875","","","","","","","","","","","",""
"4777608","4057.60546875","4057.60546875","4057.60546875","","","","","","","","","","","",""
"4784264","4059.028564453125","4059.028564453125","4059.028564453125","","","","","","","","","","","",""
"4787080","4060.0234375","4060.0234375","4060.0234375","","","","","","","","","","","",""
"4787592","","","","","","","","","","","","","4096.8447265625","4096.8447265625","4096.8447265625"
"4791688","4061.650634765625","4061.650634765625","4061.650634765625","","","","","","","","","","","",""
"4796296","","","","3963.661865234375","3963.661865234375","3963.661865234375","","","","","","","","",""
"4804744","","","","","","","","","","","","","4098.14306640625","4098.14306640625","4098.14306640625"
"4807048","4062.915283203125","4062.915283203125","4062.915283203125","","","","","","","","","","","",""
"4810120","4063.125244140625","4063.125244140625","4063.125244140625","","","","","","","","","","","",""
"4819848","","","","","","","4252.43310546875","4252.43310546875","4252.43310546875","","","","","",""
"4824712","4055.537841796875","4055.537841796875","4055.537841796875","","","","","","","","","","","",""
"4826760","4056.606201171875","4056.606201171875","4056.606201171875","","","","","","","","","","","",""
"4832392","","","","","","","","","","","","","4099.15478515625","4099.15478515625","4099.15478515625"
"4836488","","","","","","","4251.763671875","4251.763671875","4251.763671875","","","","","",""
"4839048","","","","","","","","","","4107.14208984375","4107.14208984375","4107.14208984375","","",""
"4839560","4057.39794921875","4057.39794921875","4057.39794921875","","","","","","","","","","","",""
"4840840","4058.18408203125","4058.18408203125","4058.18408203125","","","","","","","","","","","",""
"4846728","4058.893310546875","4058.893310546875","4058.893310546875","","","","","","","","","","","",""
"4857224","","","","","","","","","","","","","4100.4736328125","4100.4736328125","4100.4736328125"
"4865672","","","","","","","","","","","","","4102.31005859375","4102.31005859375","4102.31005859375"
"4869000","4105.125","4105.125","4105.125","4104.90087890625","4104.90087890625","4104.90087890625","4277.44873046875","4277.44873046875","4277.44873046875","4306.05224609375","4306.05224609375","4306.05224609375","4184.98779296875","4184.98779296875","4184.98779296875"
"4879496","4105.51611328125","4105.51611328125","4105.51611328125","","","","","","","","","","","",""
"4880008","4106.068359375","4106.068359375","4106.068359375","","","","","","","","","","","",""
"4883848","4104.32763671875","4104.32763671875","4104.32763671875","","","","","","","","","","","",""
"4884104","4104.8525390625","4104.8525390625","4104.8525390625","","","","","","","","","","","",""
"4887176","4104.96923828125","4104.96923828125","4104.96923828125","","","","","","","","","","","",""
"4889480","4104.8564453125","4104.8564453125","4104.8564453125","","","","","","","","","","","",""
"4890760","4066.2685546875","4066.2685546875","4066.2685546875","","","","","","","","","","","",""
"4895112","4028.45703125","4028.45703125","4028.45703125","","","","","","","","","","","",""
"4895368","4029.58056640625","4029.58056640625","4029.58056640625","","","","","","","","","","","",""
"4902536","4031.247314453125","4031.247314453125","4031.247314453125","","","","","","","","","","","",""
"4908680","4032.977783203125","4032.977783203125","4032.977783203125","","","","","","","","","","","",""
"4917640","4034.119873046875","4034.119873046875","4034.119873046875","","","","","","","","","","","",""
"4937352","","","","","","","","","","","","","4185.6201171875","4185.6201171875","4185.6201171875"
"4941192","4033.56640625","4033.56640625","4033.56640625","","","","","","","","","","","",""
"4943240","4035.00146484375","4035.00146484375","4035.00146484375","","","","","","","","","","","",""
"4943752","4005.210205078125","4005.210205078125","4005.210205078125","","","","","","","","","","","",""
"4946056","4006.654541015625","4006.654541015625","4006.654541015625","","","","","","","","","","","",""
"4948872","","","","4104.7587890625","4104.7587890625","4104.7587890625","","","","","","","","",""
"4951944","4008.44482421875","4008.44482421875","4008.44482421875","","","","","","","","","","","",""
"4954248","3980.143310546875","3980.143310546875","3980.143310546875","","","","","","","","","","","",""
"4960392","3982.090576171875","3982.090576171875","3982.090576171875","","","","","","","","","","","",""
"4962952","3984.041259765625","3984.041259765625","3984.041259765625","","","","","","","","","","","",""
"4963208","","","","","","","","","","","","","4184.2734375","4184.2734375","4184.2734375"
"4964488","","","","","","","","","","","","","4184.7333984375","4184.7333984375","4184.7333984375"
"4971912","3986.098388671875","3986.098388671875","3986.098388671875","","","","","","","","","","","",""
"4972168","3987.629638671875","3987.629638671875","3987.629638671875","","","","","","","","","","","",""
"4979336","3989.4189453125","3989.4189453125","3989.4189453125","","","","","","","","","","","",""
"4981640","3964.757080078125","3964.757080078125","3964.757080078125","","","","","","","","","","","",""
"4984968","3940.567138671875","3940.567138671875","3940.567138671875","","","","","","","","","","","",""
"4990088","3941.845458984375","3941.845458984375","3941.845458984375","","","","","","","","","","","",""
"4998792","","","","","","","","","","","","","4183.74169921875","4183.74169921875","4183.74169921875"
"4999304","3944.1943359375","3944.1943359375","3944.1943359375","","","","","","","","","","","",""
"5005192","3946.072998046875","3946.072998046875","3946.072998046875","","","","","","","","","","","",""
"5010568","","","","","","","","","","","","","4183.91064453125","4183.91064453125","4183.91064453125"
"5012872","","","","","","","4280.00732421875","4280.00732421875","4280.00732421875","","","","","",""
"5020296","","","","","","","","","","","","","4182.8388671875","4182.8388671875","4182.8388671875"
"5030536","3948.031494140625","3948.031494140625","3948.031494140625","","","","","","","","","","","",""
"5031304","3950.4130859375","3950.4130859375","3950.4130859375","","","","","","","","","","","",""
"5033608","3952.9814453125","3952.9814453125","3952.9814453125","","","","","","","","","","","",""
"5040264","3955.181884765625","3955.181884765625","3955.181884765625","","","","","","","","","","","",""
"5043080","3957.5029296875","3957.5029296875","3957.5029296875","","","","","","","","","","","",""
"5043592","","","","","","","","","","","","","4181.3046875","4181.3046875","4181.3046875"
"5047688","3958.927490234375","3958.927490234375","3958.927490234375","","","","","","","","","","","",""
"5052296","","","","4105.69482421875","4105.69482421875","4105.69482421875","","","","","","","","",""
"5060744","","","","","","","","","","","","","4180.587890625","4180.587890625","4180.587890625"
"5063048","3960.694580078125","3960.694580078125","3960.694580078125","","","","","","","","","","","",""
"5066120","3962.68017578125","3962.68017578125","3962.68017578125","","","","","","","","","","","",""
"5075848","","","","","","","4283.16357421875","4283.16357421875","4283.16357421875","","","","","",""
"5080712","3964.3154296875","3964.3154296875","3964.3154296875","","","","","","","","","","","",""
"5082760","3965.782470703125","3965.782470703125","3965.782470703125","","","","","","","","","","","",""
"5088392","","","","","","","","","","","","","4180.58935546875","4180.58935546875","4180.58935546875"
"5092488","","","","","","","4286.0419921875","4286.0419921875","4286.0419921875","","","","","",""
"5095048","","","","","","","","","","4305.4228515625","4305.4228515625","4305.4228515625","","",""
"5095560","3968.084228515625","3968.084228515625","3968.084228515625","","","","","","","","","","","",""
"5096840","3969.6767578125","3969.6767578125","3969.6767578125","","","","","","","","","","","",""
"5101192","3931.319091796875","3931.319091796875","3931.319091796875","","","","","","","","","","","",""
"5102728","3935.431884765625","3935.431884765625","3935.431884765625","","","","","","","","","","","",""
"5113224","","","","","","","","","","","","","4179.9169921875","4179.9169921875","4179.9169921875"
"5117064","3900.32470703125","3900.32470703125","3900.32470703125","","","","","","","","","","","",""
"5121672","","","","","","","","","","","","","4179.8984375","4179.8984375","4179.8984375"
"5125000","4171.5244140625","4171.5244140625","4171.5244140625","4128.59033203125","4128.59033203125","4128.59033203125","4522.1513671875","4522.1513671875","4522.1513671875","4343.7421875","4343.7421875","4343.7421875","4121.6962890625","4121.6962890625","4121.6962890625"
"5142920","4131.74658203125","4131.74658203125","4131.74658203125","","","","","","","","","","","",""
"5147784","4093.18115234375","4093.18115234375","4093.18115234375","","","","","","","","","","","",""
"5155208","4055.94140625","4055.94140625","4055.94140625","","","","","","","","","","","",""
"5161864","4019.769287109375","4019.769287109375","4019.769287109375","","","","","","","","","","","",""
"5167752","3985.139404296875","3985.139404296875","3985.139404296875","","","","","","","","","","","",""
"5168264","3950.825439453125","3950.825439453125","3950.825439453125","","","","","","","","","","","",""
"5314952","","","","","","","4509.66650390625","4509.66650390625","4509.66650390625","","","","","",""
"5346440","","","","","","","","","","4335.88916015625","4335.88916015625","4335.88916015625","","",""
"5381000","4117.8193359375","4117.8193359375","4117.8193359375","4080.338623046875","4080.338623046875","4080.338623046875","4523.609375","4523.609375","4523.609375","4505.57373046875","4505.57373046875","4505.57373046875","4238.48291015625","4238.48291015625","4238.48291015625"
"5397128","","","","","","","4479.626953125","4479.626953125","4479.626953125","","","","","",""
"5398408","","","","","","","4436.26025390625","4436.26025390625","4436.26025390625","","","","","",""
"5398920","4118.17626953125","4118.17626953125","4118.17626953125","","","","","","","","","","","",""
"5403784","4118.03857421875","4118.03857421875","4118.03857421875","","","","","","","","","","","",""
"5411208","4118.19970703125","4118.19970703125","4118.19970703125","","","","","","","","","","","",""
"5417864","4117.91796875","4117.91796875","4117.91796875","","","","","","","","","","","",""
"5423752","4118.12939453125","4118.12939453125","4118.12939453125","","","","","","","","","","","",""
"5424264","4118.03564453125","4118.03564453125","4118.03564453125","","","","","","","","","","","",""
"5475976","","","","","","","","","","4475.60791015625","4475.60791015625","4475.60791015625","","",""
"5476488","","","","","","","","","","4445.33203125","4445.33203125","4445.33203125","","",""
"5538696","","","","","","","","","","4426.62890625","4426.62890625","4426.62890625","","",""
"5566344","4106.16455078125","4106.16455078125","4106.16455078125","","","","","","","","","","","",""
"5566600","4094.4638671875","4094.4638671875","4094.4638671875","","","","","","","","","","","",""
"5570952","","","","","","","4438.27880859375","4438.27880859375","4438.27880859375","","","","","",""
"5575048","","","","","","","","","","4410.12060546875","4410.12060546875","4410.12060546875","","",""
"5602440","","","","","","","","","","4414.59814453125","4414.59814453125","4414.59814453125","","",""
"5606280","","","","","","","4433.41259765625","4433.41259765625","4433.41259765625","","","","","",""
"5606536","","","","","","","","","","4411.025390625","4411.025390625","4411.025390625","","",""
"5615752","","","","","","","4431.52197265625","4431.52197265625","4431.52197265625","","","","","",""
"5618568","","","","","","","4429.87158203125","4429.87158203125","4429.87158203125","","","","","",""
"5624456","","","","","","","","","","4407.46875","4407.46875","4407.46875","","",""
"5637000","4362.89404296875","4362.89404296875","4362.89404296875","4097.76806640625","4097.76806640625","4097.76806640625","4647.97705078125","4647.97705078125","4647.97705078125","4723.50341796875","4723.50341796875","4723.50341796875","4185.9169921875","4185.9169921875","4185.9169921875"
"5653128","","","","","","","4647.6513671875","4647.6513671875","4647.6513671875","","","","","",""
"5654408","","","","","","","4648.736328125","4648.736328125","4648.736328125","","","","","",""
"5654920","4362.89794921875","4362.89794921875","4362.89794921875","","","","","","","","","","","",""
"5659784","4363.2333984375","4363.2333984375","4363.2333984375","","","","","","","","","","","",""
"5667208","4363.07958984375","4363.07958984375","4363.07958984375","","","","","","","","","","","",""
"5673864","4363.4072265625","4363.4072265625","4363.4072265625","","","","","","","","","","","",""
"5679752","4363.98974609375","4363.98974609375","4363.98974609375","","","","","","","","","","","",""
"5680264","4364.26220703125","4364.26220703125","4364.26220703125","","","","","","","","","","","",""
"5685128","4323.64013671875","4323.64013671875","4323.64013671875","","","","","","","","","","","",""
"5731976","","","","","","","","","","4724.91748046875","4724.91748046875","4724.91748046875","","",""
"5732488","","","","","","","","","","4726.884765625","4726.884765625","4726.884765625","","",""
"5748616","","","","","","","4619.7236328125","4619.7236328125","4619.7236328125","","","","","",""
"5758600","","","","","","","4592.7158203125","4592.7158203125","4592.7158203125","","","","","",""
"5771144","4301.7529296875","4301.7529296875","4301.7529296875","","","","","","","","","","","",""
"5794696","","","","","","","","","","4729.041015625","4729.041015625","4729.041015625","","",""
"5822344","4301.53759765625","4301.53759765625","4301.53759765625","","","","","","","","","","","",""
"5822600","4303.1171875","4303.1171875","4303.1171875","","","","","","","","","","","",""
"5826952","","","","","","","4593.1484375","4593.1484375","4593.1484375","","","","","",""
"5831048","","","","","","","","","","4731.1904296875","4731.1904296875","4731.1904296875","","",""
"5833608","","","","","","","4580.78857421875","4580.78857421875","4580.78857421875","","","","","",""
"5858440","","","","","","","","","","4731.3935546875","4731.3935546875","4731.3935546875","","",""
"5862280","","","","","","","4582.5302734375","4582.5302734375","4582.5302734375","","","","","",""
"5862536","","","","","","","","","","4730.41259765625","4730.41259765625","4730.41259765625","","",""
"5871752","","","","","","","4583.64892578125","4583.64892578125","4583.64892578125","","","","","",""
"5874568","","","","","","","4584.38720703125","4584.38720703125","4584.38720703125","","","","","",""
"5880456","","","","","","","","","","4731.0146484375","4731.0146484375","4731.0146484375","","",""
"5893000","4433.498046875","4433.498046875","4433.498046875","4141.2314453125","4141.2314453125","4141.2314453125","4653.26220703125","4653.26220703125","4653.26220703125","4729.67041015625","4729.67041015625","4729.67041015625","4471.8671875","4471.8671875","4471.8671875"
"5909128","","","","","","","4653.2841796875","4653.2841796875","4653.2841796875","","","","","",""
"5910408","","","","","","","4653.33837890625","4653.33837890625","4653.33837890625","","","","","",""
"5910920","4433.39501953125","4433.39501953125","4433.39501953125","","","","","","","","","","","",""
"5915784","4432.49560546875","4432.49560546875","4432.49560546875","","","","","","","","","","","",""
"5923208","4433.001953125","4433.001953125","4433.001953125","","","","4610.00390625","4610.00390625","4610.00390625","","","","","",""
"5929864","4433.2255859375","4433.2255859375","4433.2255859375","","","","","","","","","","","",""
"5935752","4432.9716796875","4432.9716796875","4432.9716796875","","","","","","","","","","","",""
"5936264","4432.65576171875","4432.65576171875","4432.65576171875","","","","","","","","","","","",""
"5941128","4433.49755859375","4433.49755859375","4433.49755859375","","","","","","","","","","","",""
"5960072","4397.87744140625","4397.87744140625","4397.87744140625","","","","","","","","","","","",""
"5970056","","","","","","","4574.47607421875","4574.47607421875","4574.47607421875","","","","","",""
"5981576","","","","","","","4540.4580078125","4540.4580078125","4540.4580078125","","","","","",""
"5987976","","","","","","","","","","4729.126953125","4729.126953125","4729.126953125","","",""
"5988488","","","","","","","","","","4729.17919921875","4729.17919921875","4729.17919921875","","",""
"6004616","","","","","","","4541.98828125","4541.98828125","4541.98828125","","","","","",""
"6014600","","","","","","","4542.5654296875","4542.5654296875","4542.5654296875","","","","","",""
"6015624","4373.5712890625","4373.5712890625","4373.5712890625","","","","","","","","","","","",""
"6027144","4353.14599609375","4353.14599609375","4353.14599609375","","","","","","","","","","","",""
"6031752","","","","","","","4521.333984375","4521.333984375","4521.333984375","","","","","",""
"6037128","","","","","","","4499.7490234375","4499.7490234375","4499.7490234375","","","","","",""
"6050696","","","","","","","","","","4728.20166015625","4728.20166015625","4728.20166015625","","",""
"6052744","","","","","","","4478.0712890625","4478.0712890625","4478.0712890625","","","","","",""
"6066568","","","","4112.3798828125","4112.3798828125","4112.3798828125","","","","","","","","",""
"6078344","4355.44091796875","4355.44091796875","4355.44091796875","","","","","","","","","","","",""
"6078600","4357.05908203125","4357.05908203125","4357.05908203125","","","","","","","","","","","",""
"6082952","","","","","","","4480.708984375","4480.708984375","4480.708984375","","","","","",""
"6087048","","","","","","","","","","4728.24560546875","4728.24560546875","4728.24560546875","","",""
"6089608","","","","","","","4483.18603515625","4483.18603515625","4483.18603515625","","","","","",""
"6114440","","","","","","","","","","4728.6435546875","4728.6435546875","4728.6435546875","","",""
"6118280","","","","","","","4484.5087890625","4484.5087890625","4484.5087890625","","","","","",""
"6118536","","","","","","","","","","4729.4443359375","4729.4443359375","4729.4443359375","","",""
"6127752","","","","","","","4485.40380859375","4485.40380859375","4485.40380859375","","","","","",""
"6130568","","","","","","","4487.029296875","4487.029296875","4487.029296875","","","","","",""
"6130824","","","","","","","","","","","","","4467.26904296875","4467.26904296875","4467.26904296875"
"6134408","4356.28662109375","4356.28662109375","4356.28662109375","","","","","","","","","","","",""
"6136456","","","","","","","","","","4729.29736328125","4729.29736328125","4729.29736328125","","",""
"6149000","4572.25439453125","4572.25439453125","4572.25439453125","4247.94580078125","4247.94580078125","4247.94580078125","4631.66748046875","4631.66748046875","4631.66748046875","4726.751953125","4726.751953125","4726.751953125","4514.7744140625","4514.7744140625","4514.7744140625"
"6165128","","","","","","","4633.20068359375","4633.20068359375","4633.20068359375","","","","","",""
"6166408","","","","","","","4633.2353515625","4633.2353515625","4633.2353515625","","","","","",""
"6166920","4572.1884765625","4572.1884765625","4572.1884765625","","","","","","","","","","","",""
"6171784","4571.4892578125","4571.4892578125","4571.4892578125","","","","","","","","","","","",""
"6179208","4572.46923828125","4572.46923828125","4572.46923828125","","","","4634.06494140625","4634.06494140625","4634.06494140625","","","","","",""
"6184840","","","","","","","","","","","","","4472.359375","4472.359375","4472.359375"
"6185864","4572.8466796875","4572.8466796875","4572.8466796875","","","","","","","","","","","",""
"6191752","4572.7685546875","4572.7685546875","4572.7685546875","","","","","","","","","","","",""
"6192264","4572.669921875","4572.669921875","4572.669921875","","","","","","","","","","","",""
"6194824","4531.6669921875","4531.6669921875","4531.6669921875","","","","","","","","","","","",""
"6195336","","","","4212.25927734375","4212.25927734375","4212.25927734375","","","","","","","","",""
"6197128","4532.236328125","4532.236328125","4532.236328125","","","","","","","","","","","",""
"6199432","4493.3759765625","4493.3759765625","4493.3759765625","","","","","","","","","","","",""
"6205064","","","","","","","4595.69482421875","4595.69482421875","4595.69482421875","","","","","",""
"6216072","4494.35009765625","4494.35009765625","4494.35009765625","","","","","","","","","","","",""
"6226056","","","","","","","4596.08349609375","4596.08349609375","4596.08349609375","","","","","",""
"6237576","","","","","","","4564.3857421875","4564.3857421875","4564.3857421875","","","","","",""
"6243976","","","","","","","","","","4726.013671875","4726.013671875","4726.013671875","","",""
"6244488","","","","","","","","","","4726.5322265625","4726.5322265625","4726.5322265625","","",""
"6248328","","","","","","","","","","","","","4442.12451171875","4442.12451171875","4442.12451171875"
"6260616","","","","","","","4560.9921875","4560.9921875","4560.9921875","","","","","",""
"6270600","","","","","","","4562.88232421875","4562.88232421875","4562.88232421875","","","","","",""
"6271624","4495.017578125","4495.017578125","4495.017578125","","","","","","","","","","","",""
"6281096","","","","","","","","","","","","","4420.8212890625","4420.8212890625","4420.8212890625"
"6283144","4496.779296875","4496.779296875","4496.779296875","","","","","","","","","","","",""
"6287752","","","","","","","4564.0634765625","4564.0634765625","4564.0634765625","","","","","",""
"6293128","","","","","","","4565.8212890625","4565.8212890625","4565.8212890625","","","","","",""
"6293640","","","","4192.6025390625","4192.6025390625","4192.6025390625","","","","","","","","",""
"6293896","4476.33642578125","4476.33642578125","4476.33642578125","","","","","","","","","","","",""
"6306696","","","","","","","","","","4726.85107421875","4726.85107421875","4726.85107421875","","",""
"6308744","","","","","","","4566.578125","4566.578125","4566.578125","","","","","",""
"6312328","4436.59130859375","4436.59130859375","4436.59130859375","","","","","","","","","","","",""
"6319752","4419.5751953125","4419.5751953125","4419.5751953125","","","","","","","","","","","",""
"6322568","","","","4194.17236328125","4194.17236328125","4194.17236328125","","","","","","","","",""
"6334344","4421.134765625","4421.134765625","4421.134765625","","","","","","","","","","","",""
"6334600","4423.9482421875","4423.9482421875","4423.9482421875","","","","","","","","","","","",""
"6338952","","","","","","","4567.150390625","4567.150390625","4567.150390625","","","","","",""
"6343048","","","","","","","","","","4726.5859375","4726.5859375","4726.5859375","","",""
"6345608","","","","","","","4568.74853515625","4568.74853515625","4568.74853515625","","","","","",""
"6358664","4414.4404296875","4414.4404296875","4414.4404296875","","","","","","","","","","","",""
"6361224","4395.20849609375","4395.20849609375","4395.20849609375","","","","","","","","","","","",""
"6363784","","","","","","","","","","","","","4412.0595703125","4412.0595703125","4412.0595703125"
"6370440","","","","","","","","","","4726.1416015625","4726.1416015625","4726.1416015625","","",""
"6371464","","","","","","","","","","","","","4407.1220703125","4407.1220703125","4407.1220703125"
"6374280","","","","","","","4570.0361328125","4570.0361328125","4570.0361328125","","","","","",""
"6374536","","","","","","","","","","4724.912109375","4724.912109375","4724.912109375","","",""
"6375560","4389.93701171875","4389.93701171875","4389.93701171875","","","","","","","","","","","",""
"6383752","","","","","","","4570.8271484375","4570.8271484375","4570.8271484375","","","","","",""
"6386312","","","","4192.18994140625","4192.18994140625","4192.18994140625","","","","","","","","",""
"6386568","","","","","","","4572.64453125","4572.64453125","4572.64453125","","","","","",""
"6386824","","","","","","","","","","","","","4408.09228515625","4408.09228515625","4408.09228515625"
"6388616","4388.3544921875","4388.3544921875","4388.3544921875","","","","","","","","","","","",""
"6390408","4391.955078125","4391.955078125","4391.955078125","","","","","","","","","","","",""
"6392456","","","","","","","","","","4723.8681640625","4723.8681640625","4723.8681640625","","",""
"6392712","","","","4190.310546875","4190.310546875","4190.310546875","","","","","","","","",""
"6394760","4390.10595703125","4390.10595703125","4390.10595703125","","","","","","","","","","","",""
"6396296","4388.33251953125","4388.33251953125","4388.33251953125","","","","","","","","","","","",""
"6402440","4389.08154296875","4389.08154296875","4389.08154296875","","","","","","","","","","","",""
"6405000","4609.814453125","4609.814453125","4609.814453125","4383.14013671875","4383.14013671875","4383.14013671875","4694.7626953125","4694.7626953125","4694.7626953125","4729.447265625","4729.447265625","4729.447265625","4547.7138671875","4547.7138671875","4547.7138671875"
"6419848","4564.82421875","4564.82421875","4564.82421875","","","","","","","","","","","",""
"6427528","4520.728515625","4520.728515625","4520.728515625","","","","","","","","","","","",""
"6439048","4436.04931640625","4436.04931640625","4436.04931640625","","","","","","","","","","","",""
"6440584","4396.0048828125","4396.0048828125","4396.0048828125","","","","","","","","","","","",""
"6455176","4359.095703125","4359.095703125","4359.095703125","","","","","","","","","","","",""
"6506120","","","","","","","","","","","","","4518.69677734375","4518.69677734375","4518.69677734375"
"6530952","","","","","","","","","","","","","4493.65185546875","4493.65185546875","4493.65185546875"
"6560392","","","","","","","","","","","","","4474.89697265625","4474.89697265625","4474.89697265625"
"6571656","4343.302734375","4343.302734375","4343.302734375","","","","","","","","","","","",""
"6575496","","","","","","","","","","","","","4457.89794921875","4457.89794921875","4457.89794921875"
"6591624","4332.84619140625","4332.84619140625","4332.84619140625","","","","","","","","","","","",""
"6600584","4324.236328125","4324.236328125","4324.236328125","","","","","","","","","","","",""
"6631048","","","","","","","","","","","","","4454.17724609375","4454.17724609375","4454.17724609375"
"6632072","","","","","","","","","","","","","4448.9013671875","4448.9013671875","4448.9013671875"
"6636936","","","","","","","","","","","","","4446.5341796875","4446.5341796875","4446.5341796875"
"6661000","4718.021484375","4718.021484375","4718.021484375","4708.61474609375","4708.61474609375","4708.61474609375","4738.8212890625","4738.8212890625","4738.8212890625","4763.69921875","4763.69921875","4763.69921875","4593.60302734375","4593.60302734375","4593.60302734375"
"6675848","4717.283203125","4717.283203125","4717.283203125","","","","","","","","","","","",""
"6683528","4717.78466796875","4717.78466796875","4717.78466796875","","","","","","","","","","","",""
"6695048","4715.15380859375","4715.15380859375","4715.15380859375","","","","","","","","","","","",""
"6696584","4715.8037109375","4715.8037109375","4715.8037109375","","","","","","","","","","","",""
"6706824","","","","","","","","","","","","","4554.25146484375","4554.25146484375","4554.25146484375"
"6711176","4716.509765625","4716.509765625","4716.509765625","","","","","","","","","","","",""
"6713224","","","","","","","","","","","","","4515.08837890625","4515.08837890625","4515.08837890625"
"6717064","4677.11083984375","4677.11083984375","4677.11083984375","","","","","","","","","","","",""
"6718088","4638.0419921875","4638.0419921875","4638.0419921875","","","","","","","","","","","",""
"6720904","4599.83935546875","4599.83935546875","4599.83935546875","","","","","","","","","","","",""
"6722440","","","","","","","","","","","","","4479.50146484375","4479.50146484375","4479.50146484375"
"6723208","","","","","","","","","","","","","4443.56103515625","4443.56103515625","4443.56103515625"
"6730888","4529.9404296875","4529.9404296875","4529.9404296875","","","","","","","","","","","",""
"6747016","","","","","","","","","","","","","4409.4228515625","4409.4228515625","4409.4228515625"
"6760328","4489.77685546875","4489.77685546875","4489.77685546875","","","","","","","","","","","",""
"6762120","","","","","","","","","","","","","4409.99560546875","4409.99560546875","4409.99560546875"
"6762376","","","","","","","","","","","","","4379.8369140625","4379.8369140625","4379.8369140625"
"6764936","4463.43701171875","4463.43701171875","4463.43701171875","","","","","","","","","","","",""
"6770824","4437.953125","4437.953125","4437.953125","","","","","","","","","","","",""
"6777224","4410.09326171875","4410.09326171875","4410.09326171875","","","","","","","","","","4352.21142578125","4352.21142578125","4352.21142578125"
"6786952","4386.98779296875","4386.98779296875","4386.98779296875","","","","","","","","","","4354.658203125","4354.658203125","4354.658203125"
"6787208","4357.275390625","4357.275390625","4357.275390625","","","","","","","","","","","",""
"6791304","","","","","","","","","","","","","4330.64990234375","4330.64990234375","4330.64990234375"
"6802056","","","","","","","","","","","","","4310.87939453125","4310.87939453125","4310.87939453125"
"6816392","","","","","","","","","","","","","4313.04248046875","4313.04248046875","4313.04248046875"
"6823048","","","","","","","","","","","","","4296.4326171875","4296.4326171875","4296.4326171875"
"6827656","4361.62060546875","4361.62060546875","4361.62060546875","","","","","","","","","","","",""
"6831496","","","","","","","","","","","","","4293.07666015625","4293.07666015625","4293.07666015625"
"6836104","4339.7255859375","4339.7255859375","4339.7255859375","","","","","","","","","","","",""
"6847624","4343.982421875","4343.982421875","4343.982421875","","","","","","","","","","","",""
"6856584","4348.58984375","4348.58984375","4348.58984375","","","","","","","","","","","",""
"6858888","4333.5703125","4333.5703125","4333.5703125","","","","","","","","","","","",""
"6868872","4325.94482421875","4325.94482421875","4325.94482421875","","","","","","","","","","","",""
"6876296","4304.798828125","4304.798828125","4304.798828125","","","","","","","","","","","",""
"6884232","4300.931640625","4300.931640625","4300.931640625","","","","","","","","","","","",""
"6887048","","","","","","","","","","","","","4295.78271484375","4295.78271484375","4295.78271484375"
"6888072","","","","","","","","","","","","","4299.49072265625","4299.49072265625","4299.49072265625"
"6892936","","","","","","","","","","","","","4304.81298828125","4304.81298828125","4304.81298828125"
"6917000","4711.2119140625","4711.2119140625","4711.2119140625","4640.90087890625","4640.90087890625","4640.90087890625","4782.66845703125","4782.66845703125","4782.66845703125","4936.900390625","4936.900390625","4936.900390625","4613.0283203125","4613.0283203125","4613.0283203125"
"6939528","4711.40673828125","4711.40673828125","4711.40673828125","","","","","","","","","","","",""
"6951048","4713.3505859375","4713.3505859375","4713.3505859375","","","","","","","","","","","",""
"6952584","4713.19140625","4713.19140625","4713.19140625","","","","","","","","","","","",""
"6962824","","","","","","","","","","","","","4613.50634765625","4613.50634765625","4613.50634765625"
"6967176","4713.9296875","4713.9296875","4713.9296875","","","","","","","","","","","",""
"6969224","","","","","","","","","","","","","4614.53076171875","4614.53076171875","4614.53076171875"
"6973064","4715.21435546875","4715.21435546875","4715.21435546875","","","","","","","","","","","",""
"6974088","4715.962890625","4715.962890625","4715.962890625","","","","","","","","","","","",""
"6978440","","","","","","","","","","","","","4615.22607421875","4615.22607421875","4615.22607421875"
"6979208","","","","","","","","","","","","","4615.65771484375","4615.65771484375","4615.65771484375"
"6986888","4717.09521484375","4717.09521484375","4717.09521484375","","","","","","","","","","","",""
"6987400","4680.58544921875","4680.58544921875","4680.58544921875","","","","","","","","","","","",""
"6995336","4644.06005859375","4644.06005859375","4644.06005859375","","","","","","","","","","","",""
"7003016","","","","","","","","","","","","","4614.59375","4614.59375","4614.59375"
"7016328","4644.6083984375","4644.6083984375","4644.6083984375","","","","","","","","","","","",""
"7018120","","","","","","","","","","","","","4614.4384765625","4614.4384765625","4614.4384765625"
"7018376","","","","","","","","","","","","","4615.87158203125","4615.87158203125","4615.87158203125"
"7020936","4644.68310546875","4644.68310546875","4644.68310546875","","","","","","","","","","","",""
"7026824","4646.677734375","4646.677734375","4646.677734375","","","","","","","","","","","",""
"7031176","4618.66064453125","4618.66064453125","4618.66064453125","","","","","","","","","","","",""
"7033224","4619.71826171875","4619.71826171875","4619.71826171875","","","","","","","","","","4616.14208984375","4616.14208984375","4616.14208984375"
"7042952","4620.99072265625","4620.99072265625","4620.99072265625","","","","","","","","","","4615.173828125","4615.173828125","4615.173828125"
"7043208","4622.93603515625","4622.93603515625","4622.93603515625","","","","","","","","","","","",""
"7047304","","","","","","","","","","","","","4615.0048828125","4615.0048828125","4615.0048828125"
"7058056","","","","","","","","","","","","","4614.81005859375","4614.81005859375","4614.81005859375"
"7072392","","","","","","","","","","","","","4615.83837890625","4615.83837890625","4615.83837890625"
"7079048","","","","","","","","","","","","","4617.51611328125","4617.51611328125","4617.51611328125"
"7083656","4624.0498046875","4624.0498046875","4624.0498046875","","","","","","","","","","","",""
"7087496","","","","","","","","","","","","","4617.75","4617.75","4617.75"
"7092104","4625.11376953125","4625.11376953125","4625.11376953125","","","","","","","","","","","",""
"7103624","4623.80419921875","4623.80419921875","4623.80419921875","","","","","","","","","","","",""
"7112584","4624.2578125","4624.2578125","4624.2578125","","","","","","","","","","","",""
"7114888","4625.482421875","4625.482421875","4625.482421875","","","","","","","","","","","",""
"7124872","4627.1875","4627.1875","4627.1875","","","","","","","","","","","",""
"7132296","4628.80517578125","4628.80517578125","4628.80517578125","","","","","","","","","","","",""
"7140232","4630.53466796875","4630.53466796875","4630.53466796875","","","","","","","","","","","",""
"7143048","","","","","","","","","","","","","4617.51416015625","4617.51416015625","4617.51416015625"
"7144072","","","","","","","","","","","","","4614.7451171875","4614.7451171875","4614.7451171875"
"7148936","","","","","","","","","","","","","4615.8701171875","4615.8701171875","4615.8701171875"
"7173000","4701.84326171875","4701.84326171875","4701.84326171875","4707.47216796875","4707.47216796875","4707.47216796875","4729.84716796875","4729.84716796875","4729.84716796875","4808.65185546875","4808.65185546875","4808.65185546875","4653.54443359375","4653.54443359375","4653.54443359375"
"7192712","","","","","","","4684.38720703125","4684.38720703125","4684.38720703125","","","","","",""
"7195528","4702.40478515625","4702.40478515625","4702.40478515625","","","","","","","","","","","",""
"7207048","4701.7578125","4701.7578125","4701.7578125","","","","","","","","","","","",""
"7208584","4702.3603515625","4702.3603515625","4702.3603515625","","","","","","","","","","","",""
"7218824","","","","","","","","","","","","","4654.45947265625","4654.45947265625","4654.45947265625"
"7223176","4701.52001953125","4701.52001953125","4701.52001953125","","","","","","","","","","","",""
"7225224","","","","","","","","","","","","","4654.9501953125","4654.9501953125","4654.9501953125"
"7229064","4702.5791015625","4702.5791015625","4702.5791015625","","","","","","","","","","","",""
"7230088","4702.55810546875","4702.55810546875","4702.55810546875","","","","","","","","","","","",""
"7234440","","","","","","","","","","","","","4656.0673828125","4656.0673828125","4656.0673828125"
"7235208","","","","","","","","","","","","","4657.0498046875","4657.0498046875","4657.0498046875"
"7242888","4703.01220703125","4703.01220703125","4703.01220703125","","","","","","","","","","","",""
"7243400","4703.212890625","4703.212890625","4703.212890625","","","","","","","","","","","",""
"7251336","4703.4326171875","4703.4326171875","4703.4326171875","","","","","","","","","","","",""
"7259016","","","","","","","","","","","","","4657.39404296875","4657.39404296875","4657.39404296875"
"7272328","4703.92529296875","4703.92529296875","4703.92529296875","","","","","","","","","","","",""
"7274120","","","","","","","","","","","","","4658.52392578125","4658.52392578125","4658.52392578125"
"7274376","","","","","","","","","","","","","4657.53759765625","4657.53759765625","4657.53759765625"
"7276936","4703.177734375","4703.177734375","4703.177734375","","","","","","","","","","","",""
"7282824","4703.92138671875","4703.92138671875","4703.92138671875","","","","","","","","","","","",""
"7287176","4704.7216796875","4704.7216796875","4704.7216796875","","","","","","","","","","","",""
"7289224","4704.828125","4704.828125","4704.828125","","","","","","","","","","4658.42138671875","4658.42138671875","4658.42138671875"
"7298952","4704.84130859375","4704.84130859375","4704.84130859375","","","","","","","","","","4659.02978515625","4659.02978515625","4659.02978515625"
"7299208","4705.37060546875","4705.37060546875","4705.37060546875","","","","","","","","","","","",""
"7303304","","","","","","","","","","","","","4657.8798828125","4657.8798828125","4657.8798828125"
"7306120","4678.68115234375","4678.68115234375","4678.68115234375","","","","","","","","","","","",""
"7314056","","","","","","","","","","","","","4659.28466796875","4659.28466796875","4659.28466796875"
"7328392","","","","","","","","","","","","","4660.580078125","4660.580078125","4660.580078125"
"7335048","","","","","","","","","","","","","4661.41259765625","4661.41259765625","4661.41259765625"
"7339656","4679.4306640625","4679.4306640625","4679.4306640625","","","","","","","","","","","",""
"7341448","4658.6884765625","4658.6884765625","4658.6884765625","","","","","","","","","","","",""
"7343496","","","","","","","","","","","","","4663.0810546875","4663.0810546875","4663.0810546875"
"7348104","4659.859375","4659.859375","4659.859375","","","","","","","","","","","",""
"7353480","4645.85888671875","4645.85888671875","4645.85888671875","","","","","","","","","","","",""
"7359624","4647.181640625","4647.181640625","4647.181640625","","","","","","","","","","","",""
"7368584","4648.0078125","4648.0078125","4648.0078125","","","","","","","","","","","",""
"7370888","4648.94873046875","4648.94873046875","4648.94873046875","","","","","","","","","","","",""
"7380872","4648.9833984375","4648.9833984375","4648.9833984375","","","","","","","","","","","",""
"7388296","4650.212890625","4650.212890625","4650.212890625","","","","","","","","","","","",""
"7396232","4650.73388671875","4650.73388671875","4650.73388671875","","","","","","","","","","","",""
"7399048","","","","","","","","","","","","","4663.44384765625","4663.44384765625","4663.44384765625"
"7400072","","","","","","","","","","","","","4664.3623046875","4664.3623046875","4664.3623046875"
"7404936","","","","","","","","","","","","","4665.97314453125","4665.97314453125","4665.97314453125"
"7429000","4718.3525390625","4718.3525390625","4718.3525390625","4762.4697265625","4762.4697265625","4762.4697265625","5003.77783203125","5003.77783203125","5003.77783203125","5118.97314453125","5118.97314453125","5118.97314453125","4740.138671875","4740.138671875","4740.138671875"
"7448712","","","","","","","5003.33154296875","5003.33154296875","5003.33154296875","","","","","",""
"7463048","4719.146484375","4719.146484375","4719.146484375","","","","","","","","","","","",""
"7464584","4719.4921875","4719.4921875","4719.4921875","","","","","","","","","","","",""
"7472776","","","","","","","4955.93505859375","4955.93505859375","4955.93505859375","","","","","",""
"7474824","","","","","","","","","","","","","4739.75732421875","4739.75732421875","4739.75732421875"
"7479176","4719.77294921875","4719.77294921875","4719.77294921875","","","","","","","","","","","",""
"7481224","","","","","","","","","","","","","4739.90185546875","4739.90185546875","4739.90185546875"
"7485064","4719.39501953125","4719.39501953125","4719.39501953125","","","","","","","","","","","",""
"7486088","4719.90576171875","4719.90576171875","4719.90576171875","","","","","","","","","","","",""
"7490440","","","","","","","","","","","","","4738.64794921875","4738.64794921875","4738.64794921875"
"7491208","","","","","","","","","","","","","4738.74951171875","4738.74951171875","4738.74951171875"
"7498888","4720.33447265625","4720.33447265625","4720.33447265625","","","","","","","","","","","",""
"7499400","4720.47900390625","4720.47900390625","4720.47900390625","","","","","","","","","","","",""
"7507336","4720.1181640625","4720.1181640625","4720.1181640625","","","","","","","","","","","",""
"7515016","","","","","","","","","","","","","4740.71826171875","4740.71826171875","4740.71826171875"
"7528328","4720.73876953125","4720.73876953125","4720.73876953125","","","","","","","","","","","",""
"7530120","","","","","","","","","","","","","4739.80224609375","4739.80224609375","4739.80224609375"
"7530376","","","","","","","","","","","","","4740.7763671875","4740.7763671875","4740.7763671875"
"7532936","4720.9931640625","4720.9931640625","4720.9931640625","","","","","","","","","","","",""
"7538824","4721.63818359375","4721.63818359375","4721.63818359375","","","","","","","","","","","",""
"7543176","4722.416015625","4722.416015625","4722.416015625","","","","","","","","","","","",""
"7545224","4721.166015625","4721.166015625","4721.166015625","","","","","","","","","","4741.78466796875","4741.78466796875","4741.78466796875"
"7554952","4721.87451171875","4721.87451171875","4721.87451171875","","","","","","","","","","4743.4384765625","4743.4384765625","4743.4384765625"
"7555208","4722.6494140625","4722.6494140625","4722.6494140625","","","","","","","","","","","",""
"7559304","","","","","","","","","","","","","4743.3291015625","4743.3291015625","4743.3291015625"
"7562120","4722.376953125","4722.376953125","4722.376953125","","","","","","","","","","","",""
"7570056","","","","","","","","","","","","","4743.87109375","4743.87109375","4743.87109375"
"7584392","","","","","","","","","","","","","4745.11376953125","4745.11376953125","4745.11376953125"
"7591048","","","","","","","","","","","","","4744.42724609375","4744.42724609375","4744.42724609375"
"7595656","4722.2353515625","4722.2353515625","4722.2353515625","","","","","","","","","","","",""
"7596936","4704.22607421875","4704.22607421875","4704.22607421875","","","","","","","","","","","",""
"7597448","4704.994140625","4704.994140625","4704.994140625","","","","","","","","","","","",""
"7599496","","","","","","","","","","","","","4744.357421875","4744.357421875","4744.357421875"
"7604104","4705.49755859375","4705.49755859375","4705.49755859375","","","","","","","","","","","",""
"7609480","4706.59423828125","4706.59423828125","4706.59423828125","","","","","","","","","","","",""
"7615624","4707.32275390625","4707.32275390625","4707.32275390625","","","","","","","","","","","",""
"7624584","4707.65283203125","4707.65283203125","4707.65283203125","","","","","","","","","","","",""
"7626888","4707.70849609375","4707.70849609375","4707.70849609375","","","","","","","","","","","",""
"7634824","4697.33837890625","4697.33837890625","4697.33837890625","","","","","","","","","","","",""
"7636872","4697.5576171875","4697.5576171875","4697.5576171875","","","","","","","","","","","",""
"7644296","4698.28857421875","4698.28857421875","4698.28857421875","","","","","","","","","","","",""
"7652232","4698.18701171875","4698.18701171875","4698.18701171875","","","","","","","","","","","",""
"7655048","","","","","","","","","","","","","4743.3935546875","4743.3935546875","4743.3935546875"
"7656072","","","","","","","","","","","","","4743.40966796875","4743.40966796875","4743.40966796875"
"7660936","","","","","","","","","","","","","4743.14404296875","4743.14404296875","4743.14404296875"
"7661192","4685.41162109375","4685.41162109375","4685.41162109375","","","","","","","","","","","",""
"7685000","4748.537109375","4748.537109375","4748.537109375","4737.5966796875","4737.5966796875","4737.5966796875","5000.212890625","5000.212890625","5000.212890625","5291.025390625","5291.025390625","5291.025390625","4742.69482421875","4742.69482421875","4742.69482421875"
"7701896","","","","","","","","","","5239.54248046875","5239.54248046875","5239.54248046875","","",""
"7724168","","","","","","","","","","","","","4699.0361328125","4699.0361328125","4699.0361328125"
"7725192","4705.6357421875","4705.6357421875","4705.6357421875","","","","","","","","","","","",""
"7727240","4663.8779296875","4663.8779296875","4663.8779296875","","","","","","","","","","","",""
"7746440","4584.34814453125","4584.34814453125","4584.34814453125","","","","","","","","","","","",""
"7768712","4552.8125","4552.8125","4552.8125","","","","","","","","","","","",""
"7850888","","","","","","","","","","5214.0576171875","5214.0576171875","5214.0576171875","","",""
"7894920","4545.8369140625","4545.8369140625","4545.8369140625","","","","","","","","","","","",""
"7923080","4544.04541015625","4544.04541015625","4544.04541015625","","","","","","","","","","","",""
"7927688","","","","","","","4997.033203125","4997.033203125","4997.033203125","","","","","",""
"7941000","4764.560546875","4764.560546875","4764.560546875","4755.73193359375","4755.73193359375","4755.73193359375","5035.998046875","5035.998046875","5035.998046875","5336.39404296875","5336.39404296875","5336.39404296875","4736.39208984375","4736.39208984375","4736.39208984375"
"7957896","","","","","","","","","","5337.41162109375","5337.41162109375","5337.41162109375","","",""
"7968648","4719.83544921875","4719.83544921875","4719.83544921875","","","","","","","","","","","",""
"7980168","","","","","","","","","","","","","4736.828125","4736.828125","4736.828125"
"7981192","4719.9072265625","4719.9072265625","4719.9072265625","","","","","","","","","","","",""
"7983240","4720.59423828125","4720.59423828125","4720.59423828125","","","","","","","","","","","",""
"8002440","4721.515625","4721.515625","4721.515625","","","","","","","","","","","",""
"8024712","4721.7890625","4721.7890625","4721.7890625","","","","","","","","","","","",""
"8087176","4692.28076171875","4692.28076171875","4692.28076171875","","","","","","","","","","","",""
"8098440","","","","","","","5013.43212890625","5013.43212890625","5013.43212890625","","","","","",""
"8106888","","","","","","","","","","5339.24072265625","5339.24072265625","5339.24072265625","","",""
"8109960","","","","","","","4994.23974609375","4994.23974609375","4994.23974609375","","","","","",""
"8132488","","","","","","","4981.98681640625","4981.98681640625","4981.98681640625","","","","","",""
"8142216","","","","","","","4969.931640625","4969.931640625","4969.931640625","","","","","",""
"8145800","","","","","","","4960.34375","4960.34375","4960.34375","","","","","",""
"8146312","","","","","","","4947.42724609375","4947.42724609375","4947.42724609375","","","","","",""
"8147080","4682.6953125","4682.6953125","4682.6953125","","","","","","","","","","","",""
"8150920","4682.89013671875","4682.89013671875","4682.89013671875","","","","","","","","","","","",""
"8179080","4680.88916015625","4680.88916015625","4680.88916015625","","","","","","","","","","","",""
"8183688","","","","","","","4948.0390625","4948.0390625","4948.0390625","","","","","",""
"8197000","4700.25244140625","4700.25244140625","4700.25244140625","4758.45166015625","4758.45166015625","4758.45166015625","5126.2724609375","5126.2724609375","5126.2724609375","5442.37353515625","5442.37353515625","5442.37353515625","4766.20361328125","4766.20361328125","4766.20361328125"
"8209288","","","","","","","","","","5406.39599609375","5406.39599609375","5406.39599609375","","",""
"8213896","","","","","","","","","","5405.8046875","5405.8046875","5405.8046875","","",""
"8224648","4700.48095703125","4700.48095703125","4700.48095703125","","","","","","","","","","","",""
"8235144","4658.15625","4658.15625","4658.15625","","","","","","","","","","","",""
"8236168","","","","","","","","","","","","","4766.63427734375","4766.63427734375","4766.63427734375"
"8236680","4617.11181640625","4617.11181640625","4617.11181640625","","","","","","","","","","","",""
"8237192","4618.955078125","4618.955078125","4618.955078125","","","","","","","","","","","",""
"8258440","4621.416015625","4621.416015625","4621.416015625","","","","","","","","","","","",""
"8259976","","","","","","","5085.5927734375","5085.5927734375","5085.5927734375","","","","","",""
"8262792","","","","","","","5044.34375","5044.34375","5044.34375","","","","","",""
"8263560","","","","","","","5004.1103515625","5004.1103515625","5004.1103515625","","","","","",""
"8280712","4622.7724609375","4622.7724609375","4622.7724609375","","","","","","","","","","","",""
"8303496","","","","","","","4974.35009765625","4974.35009765625","4974.35009765625","","","","","",""
"8343176","4623.56884765625","4623.56884765625","4623.56884765625","","","","","","","","","","","",""
"8354440","","","","","","","4976.8427734375","4976.8427734375","4976.8427734375","","","","","",""
"8365960","","","","","","","4979.35009765625","4979.35009765625","4979.35009765625","","","","","",""
"8388488","","","","","","","4980.36376953125","4980.36376953125","4980.36376953125","","","","","",""
"8395400","","","","","","","4969.203125","4969.203125","4969.203125","","","","","",""
"8398216","","","","","","","4972.7060546875","4972.7060546875","4972.7060546875","","","","","",""
"8401800","","","","","","","4974.33935546875","4974.33935546875","4974.33935546875","","","","","",""
"8402312","","","","","","","4976.26318359375","4976.26318359375","4976.26318359375","","","","","",""
"8403080","4624.75634765625","4624.75634765625","4624.75634765625","","","","","","","","","","","",""
"8406920","4626.8037109375","4626.8037109375","4626.8037109375","","","","","","","","","","","",""
"8422536","","","","","","","","","","5395.376953125","5395.376953125","5395.376953125","","",""
"8433800","","","","","","","","","","","","","4759.27685546875","4759.27685546875","4759.27685546875"
"8434056","","","","","","","","","","5387.673828125","5387.673828125","5387.673828125","","",""
"8435080","4628.033203125","4628.033203125","4628.033203125","","","","","","","","","","","",""
"8453000","4786.20751953125","4786.20751953125","4786.20751953125","4811.55029296875","4811.55029296875","4811.55029296875","5240.5986328125","5240.5986328125","5240.5986328125","5402.0810546875","5402.0810546875","5402.0810546875","4781.12255859375","4781.12255859375","4781.12255859375"
"8465288","","","","","","","","","","5403.720703125","5403.720703125","5403.720703125","","",""
"8469896","","","","","","","","","","5404.90478515625","5404.90478515625","5404.90478515625","","",""
"8475272","4740.322265625","4740.322265625","4740.322265625","","","","","","","","","","","",""
"8480648","4740.96728515625","4740.96728515625","4740.96728515625","","","","","","","","","","","",""
"8491144","4741.390625","4741.390625","4741.390625","","","","","","","","","","","",""
"8492168","","","","","","","","","","","","","4780.69482421875","4780.69482421875","4780.69482421875"
"8492680","4741.720703125","4741.720703125","4741.720703125","","","","","","","","","","","",""
"8493192","4742.0986328125","4742.0986328125","4742.0986328125","","","","","","","","","","","",""
"8495240","","","","","","","","","","5355.93798828125","5355.93798828125","5355.93798828125","","",""
"8514440","4742.7666015625","4742.7666015625","4742.7666015625","","","","","","","","","","","",""
"8515976","","","","","","","5241.1943359375","5241.1943359375","5241.1943359375","","","","","",""
"8518792","","","","","","","5242.5615234375","5242.5615234375","5242.5615234375","","","","","",""
"8519560","","","","","","","5241.4091796875","5241.4091796875","5241.4091796875","","","","","",""
"8531080","","","","","","","","","","","","","4742.52001953125","4742.52001953125","4742.52001953125"
"8536712","4742.58544921875","4742.58544921875","4742.58544921875","","","","","","","","","","","",""
"8552840","","","","","","","","","","5317.93603515625","5317.93603515625","5317.93603515625","","",""
"8555144","","","","","","","5215.365234375","5215.365234375","5215.365234375","","","","","",""
"8558216","","","","","","","","","","5274.6318359375","5274.6318359375","5274.6318359375","","",""
"8559496","","","","","","","5213.87255859375","5213.87255859375","5213.87255859375","","","","","",""
"8570504","","","","","","","","","","5243.4296875","5243.4296875","5243.4296875","","",""
"8570760","","","","","","","5176.60791015625","5176.60791015625","5176.60791015625","","","","","",""
"8574600","","","","","","","","","","5213.09130859375","5213.09130859375","5213.09130859375","","",""
"8577416","","","","","","","","","","5184.0458984375","5184.0458984375","5184.0458984375","","",""
"8594568","","","","","","","5151.87353515625","5151.87353515625","5151.87353515625","","","","","",""
"8598408","4720.1865234375","4720.1865234375","4720.1865234375","","","","","","","","","","","",""
"8599176","4719.15576171875","4719.15576171875","4719.15576171875","","","","","","","","","","","",""
"8610440","","","","","","","5152.66357421875","5152.66357421875","5152.66357421875","5163.02197265625","5163.02197265625","5163.02197265625","","",""
"8621960","","","","","","","5154.30517578125","5154.30517578125","5154.30517578125","","","","","",""
"8644488","","","","","","","5153.74267578125","5153.74267578125","5153.74267578125","","","","","",""
"8651400","","","","","","","5154.91455078125","5154.91455078125","5154.91455078125","","","","","",""
"8654216","","","","","","","5156.43701171875","5156.43701171875","5156.43701171875","","","","","",""
"8658312","","","","","","","5158.267578125","5158.267578125","5158.267578125","","","","","",""
"8659080","4718.57177734375","4718.57177734375","4718.57177734375","","","","","","","","","","","",""
"8662920","4718.20458984375","4718.20458984375","4718.20458984375","","","","","","","","","","","",""
"8678536","","","","","","","","","","5166.0986328125","5166.0986328125","5166.0986328125","","",""
"8689800","","","","","","","","","","","","","4743.57470703125","4743.57470703125","4743.57470703125"
"8690056","","","","","","","","","","5169.259765625","5169.259765625","5169.259765625","","",""
"8691080","4718.671875","4718.671875","4718.671875","","","","","","","","","","","",""
"8709000","4763.76806640625","4763.76806640625","4763.76806640625","4651.68115234375","4651.68115234375","4651.68115234375","5349.013671875","5349.013671875","5349.013671875","5425.31298828125","5425.31298828125","5425.31298828125","4839.92236328125","4839.92236328125","4839.92236328125"
"8721288","","","","","","","","","","5425.65283203125","5425.65283203125","5425.65283203125","","",""
"8725896","","","","","","","","","","5426.03369140625","5426.03369140625","5426.03369140625","","",""
"8731272","4764.07861328125","4764.07861328125","4764.07861328125","","","","","","","","","","","",""
"8731528","4718.359375","4718.359375","4718.359375","","","","","","","","","","","",""
"8736648","4719.4609375","4719.4609375","4719.4609375","","","","","","","","","","","",""
"8747144","4719.86083984375","4719.86083984375","4719.86083984375","","","","","","","","","","","",""
"8748168","","","","","","","","","","","","","4840.41357421875","4840.41357421875","4840.41357421875"
"8748424","","","","","","","","","","5375.87744140625","5375.87744140625","5375.87744140625","","",""
"8748680","4720.94873046875","4720.94873046875","4720.94873046875","","","","","","","","","","","",""
"8749192","4721.8388671875","4721.8388671875","4721.8388671875","","","","","","","","","","","",""
"8769672","","","","","","","","","","5332.7177734375","5332.7177734375","5332.7177734375","","",""
"8770440","4723.92919921875","4723.92919921875","4723.92919921875","","","","","","","","","","","",""
"8771976","","","","","","","5345.91796875","5345.91796875","5345.91796875","","","","","",""
"8774792","","","","","","","5345.671875","5345.671875","5345.671875","","","","","",""
"8775560","","","","","","","5345.19091796875","5345.19091796875","5345.19091796875","","","","","",""
"8787080","","","","","","","","","","","","","4840.78125","4840.78125","4840.78125"
"8792712","4724.75732421875","4724.75732421875","4724.75732421875","","","","","","","","","","","",""
"8793736","","","","","","","","","","5290.85546875","5290.85546875","5290.85546875","","",""
"8797832","","","","","","","","","","5252.04052734375","5252.04052734375","5252.04052734375","","",""
"8802184","","","","","","","","","","5214.337890625","5214.337890625","5214.337890625","","",""
"8808840","","","","","","","","","","5217.65576171875","5217.65576171875","5217.65576171875","","",""
"8811144","","","","","","","5346.119140625","5346.119140625","5346.119140625","","","","","",""
"8814216","","","","","","","","","","5219.6943359375","5219.6943359375","5219.6943359375","","",""
"8815496","","","","","","","5346.31494140625","5346.31494140625","5346.31494140625","","","","","",""
"8825992","","","","","","","5316.185546875","5316.185546875","5316.185546875","","","","","",""
"8826504","","","","","","","","","","5222.4765625","5222.4765625","5222.4765625","","",""
"8826760","","","","","","","5316.62060546875","5316.62060546875","5316.62060546875","","","","","",""
"8830600","","","","","","","5286.859375","5286.859375","5286.859375","5220.126953125","5220.126953125","5220.126953125","","",""
"8833416","","","","","","","","","","5223.81884765625","5223.81884765625","5223.81884765625","","",""
"8837256","","","","","","","","","","5193.306640625","5193.306640625","5193.306640625","","",""
"8847496","","","","","","","","","","5167.93505859375","5167.93505859375","5167.93505859375","","",""
"8850568","","","","","","","5288.900390625","5288.900390625","5288.900390625","","","","","",""
"8854408","4724.28857421875","4724.28857421875","4724.28857421875","","","","","","","","","","","",""
"8855176","4725.4794921875","4725.4794921875","4725.4794921875","","","","","","","","","","","",""
"8864648","","","","","","","","","","5145.21435546875","5145.21435546875","5145.21435546875","","",""
"8866440","","","","","","","5288.525390625","5288.525390625","5288.525390625","5147.5185546875","5147.5185546875","5147.5185546875","","",""
"8871816","","","","","","","5269.36376953125","5269.36376953125","5269.36376953125","","","","","",""
"8872328","","","","","","","5249.80908203125","5249.80908203125","5249.80908203125","","","","","",""
"8877960","","","","","","","5252.38623046875","5252.38623046875","5252.38623046875","","","","","",""
"8893576","","","","","","","","","","5131.96142578125","5131.96142578125","5131.96142578125","","",""
"8898184","","","","","","","5247.90673828125","5247.90673828125","5247.90673828125","","","","","",""
"8900488","","","","","","","5249.5400390625","5249.5400390625","5249.5400390625","","","","","",""
"8907400","","","","","","","5252.6513671875","5252.6513671875","5252.6513671875","","","","","",""
"8910216","","","","","","","5254.1884765625","5254.1884765625","5254.1884765625","","","","","",""
"8915080","4727.3125","4727.3125","4727.3125","","","","","","","","","","","",""
"8915592","","","","","","","5243.31689453125","5243.31689453125","5243.31689453125","","","","","",""
"8918920","4728.861328125","4728.861328125","4728.861328125","","","","","","","","","","","",""
"8920712","","","","","","","5234.72216796875","5234.72216796875","5234.72216796875","","","","","",""
"8927880","","","","","","","","","","5126.22314453125","5126.22314453125","5126.22314453125","","",""
"8934536","","","","","","","","","","5128.42578125","5128.42578125","5128.42578125","","",""
"8937096","","","","","","","5230.28369140625","5230.28369140625","5230.28369140625","","","","","",""
"8945800","","","","","","","","","","","","","4839.0927734375","4839.0927734375","4839.0927734375"
"8946056","","","","","","","","","","5132.64306640625","5132.64306640625","5132.64306640625","","",""
"8947080","4730.22216796875","4730.22216796875","4730.22216796875","","","","","","","","","","","",""
"8965000","4881.03564453125","4881.03564453125","4881.03564453125","4846.61865234375","4846.61865234375","4846.61865234375","5494.23779296875","5494.23779296875","5494.23779296875","5466.05810546875","5466.05810546875","5466.05810546875","4819.04931640625","4819.04931640625","4819.04931640625"
"8980872","4833.81884765625","4833.81884765625","4833.81884765625","","","","","","","","","","","",""
"8984712","4786.88525390625","4786.88525390625","4786.88525390625","","","","","","","","","","","",""
"9008008","","","","","","","5445.3330078125","5445.3330078125","5445.3330078125","","","","","",""
"9017992","","","","4806.27392578125","4806.27392578125","4806.27392578125","","","","","","","","",""
"9033608","4750.16259765625","4750.16259765625","4750.16259765625","","","","","","","","","","","",""
"9080712","","","","","","","5410.70751953125","5410.70751953125","5410.70751953125","","","","","",""
"9081480","","","","","","","5379.15234375","5379.15234375","5379.15234375","","","","","",""
"9093512","","","","","","","5349.6318359375","5349.6318359375","5349.6318359375","","","","","",""
"9094536","","","","","","","5319.77734375","5319.77734375","5319.77734375","","","","","",""
"9097608","","","","","","","5289.47998046875","5289.47998046875","5289.47998046875","","","","","",""
"9110152","","","","","","","","","","5441.22119140625","5441.22119140625","5441.22119140625","","",""
"9112712","","","","","","","5266.78125","5266.78125","5266.78125","","","","","",""
"9142664","4735.1279296875","4735.1279296875","4735.1279296875","","","","","","","","","","","",""
"9145992","4722.19189453125","4722.19189453125","4722.19189453125","","","","","","","","","","","",""
"9200008","","","","","","","","","","5434.77197265625","5434.77197265625","5434.77197265625","","",""
"9221000","4946.2490234375","4946.2490234375","4946.2490234375","4953.4560546875","4953.4560546875","4953.4560546875","5390.79052734375","5390.79052734375","5390.79052734375","5461.0322265625","5461.0322265625","5461.0322265625","4946.3271484375","4946.3271484375","4946.3271484375"
"9236872","4946.30224609375","4946.30224609375","4946.30224609375","","","","","","","","","","","",""
"9240712","4946.84033203125","4946.84033203125","4946.84033203125","","","","","","","","","","","",""
"9264008","","","","","","","5390.44189453125","5390.44189453125","5390.44189453125","","","","","",""
"9273992","","","","4953.994140625","4953.994140625","4953.994140625","","","","","","","","",""
"9289352","","","","4916.00244140625","4916.00244140625","4916.00244140625","","","","","","","","",""
"9289608","4946.06884765625","4946.06884765625","4946.06884765625","","","","","","","","","","","",""
"9294984","","","","","","","","","","5423.66357421875","5423.66357421875","5423.66357421875","","",""
"9333384","4915.703125","4915.703125","4915.703125","","","","","","","","","","","",""
"9336712","","","","","","","5391.0849609375","5391.0849609375","5391.0849609375","","","","","",""
"9337480","","","","","","","5390.77880859375","5390.77880859375","5390.77880859375","","","","","",""
"9342344","","","","","","","","","","5391.15185546875","5391.15185546875","5391.15185546875","","",""
"9349512","","","","","","","5390.45751953125","5390.45751953125","5390.45751953125","","","","","",""
"9350536","","","","","","","5392.10498046875","5392.10498046875","5392.10498046875","","","","","",""
"9353608","","","","","","","5392.2177734375","5392.2177734375","5392.2177734375","","","","","",""
"9366152","","","","","","","","","","5391.99365234375","5391.99365234375","5391.99365234375","","",""
"9367432","","","","","","","","","","5366.54248046875","5366.54248046875","5366.54248046875","","",""
"9368456","","","","","","","","","","5340.96630859375","5340.96630859375","5340.96630859375","","",""
"9368712","","","","","","","5393.02734375","5393.02734375","5393.02734375","","","","","",""
"9376648","","","","","","","","","","5318.11474609375","5318.11474609375","5318.11474609375","","",""
"9394824","","","","","","","5374.8271484375","5374.8271484375","5374.8271484375","","","","","",""
"9398664","4916.603515625","4916.603515625","4916.603515625","","","","","","","","","","","",""
"9400200","","","","","","","","","","5297.8837890625","5297.8837890625","5297.8837890625","","",""
"9401992","4916.1591796875","4916.1591796875","4916.1591796875","","","","","","","","","","","",""
"9404040","","","","","","","","","","5281.2490234375","5281.2490234375","5281.2490234375","","",""
"9406856","4901.57470703125","4901.57470703125","4901.57470703125","","","","","","","","","","","",""
"9428616","4891.8544921875","4891.8544921875","4891.8544921875","","","","","","","","","","","",""
"9432200","","","","","","","5364.30810546875","5364.30810546875","5364.30810546875","","","","","",""
"9441416","","","","4905.85546875","4905.85546875","4905.85546875","","","","","","","","",""
"9447304","","","","","","","5356.94921875","5356.94921875","5356.94921875","","","","","",""
"9453960","","","","4901.57568359375","4901.57568359375","4901.57568359375","","","","","","","","",""
"9458312","4888.45849609375","4888.45849609375","4888.45849609375","","","","","","","","","","","",""
"9477000","4945.109375","4945.109375","4945.109375","5088.0498046875","5088.0498046875","5088.0498046875","5447.78466796875","5447.78466796875","5447.78466796875","5436.0859375","5436.0859375","5436.0859375","5095.7734375","5095.7734375","5095.7734375"
"9492872","4943.552734375","4943.552734375","4943.552734375","","","","","","","","","","","",""
"9496712","4942.30322265625","4942.30322265625","4942.30322265625","","","","","","","","","","","",""
"9509000","4896.1796875","4896.1796875","4896.1796875","","","","","","","","","","","",""
"9510024","4850.32373046875","4850.32373046875","4850.32373046875","","","","","","","","","","","",""
"9520008","","","","","","","5447.92529296875","5447.92529296875","5447.92529296875","","","","","",""
"9529992","","","","5087.9521484375","5087.9521484375","5087.9521484375","","","","","","","","",""
"9545352","","","","5087.25341796875","5087.25341796875","5087.25341796875","","","","","","","","",""
"9545608","4849.70654296875","4849.70654296875","4849.70654296875","","","","","","","","","","","",""
"9550984","","","","","","","","","","5437.0048828125","5437.0048828125","5437.0048828125","","",""
"9555848","","","","","","","","","","5395.95751953125","5395.95751953125","5395.95751953125","","",""
"9566088","4816.0849609375","4816.0849609375","4816.0849609375","","","","","","","","","","","",""
"9589384","4819.0849609375","4819.0849609375","4819.0849609375","","","","","","","","","","","",""
"9592712","","","","","","","5448.1962890625","5448.1962890625","5448.1962890625","","","","","",""
"9593480","","","","","","","5448.6904296875","5448.6904296875","5448.6904296875","","","","","",""
"9595528","4792.5546875","4792.5546875","4792.5546875","","","","","","","","","","","",""
"9598344","","","","","","","","","","5397.43505859375","5397.43505859375","5397.43505859375","","",""
"9605512","","","","","","","5447.27490234375","5447.27490234375","5447.27490234375","","","","","",""
"9606536","","","","","","","5445.70654296875","5445.70654296875","5445.70654296875","","","","","",""
"9609608","","","","","","","5445.77197265625","5445.77197265625","5445.77197265625","","","","","",""
"9613192","4770.765625","4770.765625","4770.765625","","","","","","","","","","","",""
"9622152","","","","","","","","","","5398.08154296875","5398.08154296875","5398.08154296875","","",""
"9623432","","","","","","","","","","5399.14306640625","5399.14306640625","5399.14306640625","","",""
"9624456","","","","","","","","","","5397.20947265625","5397.20947265625","5397.20947265625","","",""
"9624712","","","","","","","5446.7958984375","5446.7958984375","5446.7958984375","","","","","",""
"9627528","","","","","","","5421.79736328125","5421.79736328125","5421.79736328125","","","","","",""
"9630344","","","","","","","","","","","","","5071.93115234375","5071.93115234375","5071.93115234375"
"9632648","","","","","","","","","","5398.35595703125","5398.35595703125","5398.35595703125","","",""
"9650824","","","","","","","5422.05615234375","5422.05615234375","5422.05615234375","","","","","",""
"9654664","4773.6494140625","4773.6494140625","4773.6494140625","","","","","","","","","","","",""
"9656200","","","","","","","","","","5400.72802734375","5400.72802734375","5400.72802734375","","",""
"9657992","4777.31494140625","4777.31494140625","4777.31494140625","","","","","","","","","","","",""
"9660040","","","","","","","","","","5402.0478515625","5402.0478515625","5402.0478515625","","",""
"9662856","4780.01318359375","4780.01318359375","4780.01318359375","","","","","","","","","","","",""
"9665416","4766.61767578125","4766.61767578125","4766.61767578125","","","","","","","","","","","",""
"9682568","","","","5076.4404296875","5076.4404296875","5076.4404296875","","","","","","","","",""
"9684616","4770.07373046875","4770.07373046875","4770.07373046875","","","","","","","","","","","",""
"9685384","4762.4697265625","4762.4697265625","4762.4697265625","","","","","","","","","","","",""
"9688200","","","","","","","5423.06005859375","5423.06005859375","5423.06005859375","","","","","",""
"9695112","4755.95703125","4755.95703125","4755.95703125","","","","","","","","","","","",""
"9695368","4750.046875","4750.046875","4750.046875","","","","","","","","","","","",""
"9697416","","","","5077.4716796875","5077.4716796875","5077.4716796875","","","","","","","","",""
"9703304","","","","","","","5423.05615234375","5423.05615234375","5423.05615234375","","","","","",""
"9709960","","","","5079.0146484375","5079.0146484375","5079.0146484375","","","","","","","","",""
"9714312","4752.19189453125","4752.19189453125","4752.19189453125","","","","","","","","","","","",""
"9728392","","","","","","","","","","5372.13037109375","5372.13037109375","5372.13037109375","","",""
"9733000","5059.9580078125","5059.9580078125","5059.9580078125","5218.19384765625","5218.19384765625","5218.19384765625","5465.009765625","5465.009765625","5465.009765625","5485.416015625","5485.416015625","5485.416015625","5228.43994140625","5228.43994140625","5228.43994140625"
"9748872","5059.78662109375","5059.78662109375","5059.78662109375","","","","","","","","","","","",""
"9752712","5060.3369140625","5060.3369140625","5060.3369140625","","","","","","","","","","","",""
"9759880","5012.2021484375","5012.2021484375","5012.2021484375","","","","","","","","","","","",""
"9765000","5012.02783203125","5012.02783203125","5012.02783203125","","","","","","","","","","","",""
"9766024","5013.56884765625","5013.56884765625","5013.56884765625","","","","","","","","","","","",""
"9776008","","","","","","","5465.62255859375","5465.62255859375","5465.62255859375","","","","","",""
"9785992","","","","5218.0107421875","5218.0107421875","5218.0107421875","","","","","","","","",""
"9801352","","","","5217.12060546875","5217.12060546875","5217.12060546875","","","","","","","","",""
"9801608","5015.12939453125","5015.12939453125","5015.12939453125","","","","","","","","","","","",""
"9806472","","","","","","","5424.962890625","5424.962890625","5424.962890625","","","","","",""
"9806984","","","","","","","","","","5484.50244140625","5484.50244140625","5484.50244140625","","",""
"9811848","","","","","","","","","","5483.61474609375","5483.61474609375","5483.61474609375","","",""
"9822088","5015.60107421875","5015.60107421875","5015.60107421875","","","","","","","","","","","",""
"9845384","5015.8056640625","5015.8056640625","5015.8056640625","","","","","","","","","","","",""
"9848712","","","","","","","5424.5771484375","5424.5771484375","5424.5771484375","","","","","",""
"9849480","","","","","","","5425.025390625","5425.025390625","5425.025390625","","","","","",""
"9851528","5016.3544921875","5016.3544921875","5016.3544921875","","","","","","","","","","","",""
"9861512","","","","","","","5426.4677734375","5426.4677734375","5426.4677734375","","","","","",""
"9862536","","","","","","","5427.25732421875","5427.25732421875","5427.25732421875","","","","","",""
"9865608","","","","","","","5428.81689453125","5428.81689453125","5428.81689453125","","","","","",""
"9869192","5017.97216796875","5017.97216796875","5017.97216796875","","","","","","","","","","","",""
"9878152","","","","","","","","","","5483.9365234375","5483.9365234375","5483.9365234375","","",""
"9879432","","","","","","","","","","5485.15673828125","5485.15673828125","5485.15673828125","","",""
"9880456","","","","","","","","","","5484.96044921875","5484.96044921875","5484.96044921875","","",""
"9880712","","","","","","","5430.369140625","5430.369140625","5430.369140625","","","","","",""
"9883528","","","","","","","5430.91845703125","5430.91845703125","5430.91845703125","","","","","",""
"9886344","","","","","","","","","","","","","5229.37255859375","5229.37255859375","5229.37255859375"
"9888648","","","","","","","","","","5485.52783203125","5485.52783203125","5485.52783203125","","",""
"9906824","","","","","","","5432.28173828125","5432.28173828125","5432.28173828125","","","","","",""
"9910664","5020.107421875","5020.107421875","5020.107421875","","","","","","","","","","","",""
"9912200","","","","","","","","","","5486.69091796875","5486.69091796875","5486.69091796875","","",""
"9912968","","","","","","","","","","","","","5208.11572265625","5208.11572265625","5208.11572265625"
"9913992","5020.4697265625","5020.4697265625","5020.4697265625","","","","","","","","","","","",""
"9916040","","","","","","","","","","5488.20361328125","5488.20361328125","5488.20361328125","","",""
"9918856","5022.251953125","5022.251953125","5022.251953125","","","","","","","","","","","",""
"9921416","5023.517578125","5023.517578125","5023.517578125","","","","","","","","","","","",""
"9929096","","","","","","","5418.306640625","5418.306640625","5418.306640625","","","","","",""
"9938568","","","","5217.04638671875","5217.04638671875","5217.04638671875","","","","","","","","",""
"9940616","5023.09033203125","5023.09033203125","5023.09033203125","","","","","","","","","","","",""
"9941384","5024.17236328125","5024.17236328125","5024.17236328125","","","","","","","","","","","",""
"9944200","","","","","","","5418.42822265625","5418.42822265625","5418.42822265625","","","","","",""
"9951112","5022.6162109375","5022.6162109375","5022.6162109375","","","","","","","","","","","",""
"9951368","5022.958984375","5022.958984375","5022.958984375","","","","","","","","","","","",""
"9953160","","","","","","","5410.697265625","5410.697265625","5410.697265625","","","","","",""
"9953416","","","","5217.1611328125","5217.1611328125","5217.1611328125","","","","","","","","",""
"9959304","","","","","","","5410.947265625","5410.947265625","5410.947265625","","","","","",""
"9959560","","","","","","","","","","","","","5199.578125","5199.578125","5199.578125"
"9961352","","","","","","","5404.5380859375","5404.5380859375","5404.5380859375","","","","","",""
"9965960","","","","5219.59228515625","5219.59228515625","5219.59228515625","","","","","","","","",""
"9970312","5023.5439453125","5023.5439453125","5023.5439453125","","","","","","","","","","","",""
"9978760","","","","","","","5401.2412109375","5401.2412109375","5401.2412109375","","","","","",""
"9984392","","","","","","","","","","5489.78125","5489.78125","5489.78125","","",""
"9989000","5129.345703125","5129.345703125","5129.345703125","5284.984375","5284.984375","5284.984375","5480.32666015625","5480.32666015625","5480.32666015625","5613.98095703125","5613.98095703125","5613.98095703125","5289.451171875","5289.451171875","5289.451171875"
"10003080","5079.2900390625","5079.2900390625","5079.2900390625","","","","","","","","","","","",""
"10004872","5080.751953125","5080.751953125","5080.751953125","","","","","","","","","","","",""
"10008712","5081.58251953125","5081.58251953125","5081.58251953125","","","","","","","","","","","",""
"10015880","5082.42919921875","5082.42919921875","5082.42919921875","","","","","","","","","","","",""
"10021000","5083.900390625","5083.900390625","5083.900390625","","","","","","","","","","","",""
"10022024","5083.7900390625","5083.7900390625","5083.7900390625","","","","","","","","","","","",""
"10032008","","","","","","","5479.94873046875","5479.94873046875","5479.94873046875","","","","","",""
"10041992","","","","5284.3115234375","5284.3115234375","5284.3115234375","","","","","","","","",""
"10057352","","","","5284.12255859375","5284.12255859375","5284.12255859375","","","","","","","","",""
"10057608","5085.134765625","5085.134765625","5085.134765625","","","","","","","","","","","",""
"10062472","","","","","","","5480.21630859375","5480.21630859375","5480.21630859375","","","","","",""
"10062984","","","","","","","","","","5615.07373046875","5615.07373046875","5615.07373046875","","",""
"10067848","","","","","","","","","","5615.5029296875","5615.5029296875","5615.5029296875","","",""
"10078088","5086.8818359375","5086.8818359375","5086.8818359375","","","","","","","","","","","",""
"10099336","5055.21875","5055.21875","5055.21875","","","","","","","","","","","",""
"10101384","5056.08447265625","5056.08447265625","5056.08447265625","","","","","","","","","","","",""
"10104712","","","","","","","5480.3466796875","5480.3466796875","5480.3466796875","","","","","",""
"10105480","","","","","","","5480.8115234375","5480.8115234375","5480.8115234375","","","","","",""
"10107528","5056.58447265625","5056.58447265625","5056.58447265625","","","","","","","","","","","",""
"10112904","","","","","","","5477.54248046875","5477.54248046875","5477.54248046875","","","","","",""
"10117512","","","","","","","5477.64501953125","5477.64501953125","5477.64501953125","","","","","",""
"10118536","","","","","","","5478.00732421875","5478.00732421875","5478.00732421875","","","","","",""
"10120840","","","","","","","","","","","","","5262.04296875","5262.04296875","5262.04296875"
"10125192","5058.26953125","5058.26953125","5058.26953125","","","","","","","","","","","",""
"10134152","","","","","","","","","","5615.2666015625","5615.2666015625","5615.2666015625","","",""
"10135176","5036.79443359375","5036.79443359375","5036.79443359375","","","","","","","","","","","",""
"10135432","","","","","","","","","","5615.88037109375","5615.88037109375","5615.88037109375","","",""
"10136456","","","","","","","","","","5613.48046875","5613.48046875","5613.48046875","","",""
"10136712","","","","","","","5475.775390625","5475.775390625","5475.775390625","","","","","",""
"10139528","","","","","","","5475.41552734375","5475.41552734375","5475.41552734375","","","","","",""
"10142344","","","","","","","","","","","","","5262.0166015625","5262.0166015625","5262.0166015625"
"10144648","","","","","","","","","","5612.08447265625","5612.08447265625","5612.08447265625","","",""
"10146952","","","","","","","","","","5587.658203125","5587.658203125","5587.658203125","","",""
"10162824","","","","","","","5475.6259765625","5475.6259765625","5475.6259765625","","","","","",""
"10166664","5037.86572265625","5037.86572265625","5037.86572265625","","","","","","","","","","","",""
"10168200","","","","","","","","","","5588.3193359375","5588.3193359375","5588.3193359375","","",""
"10168968","","","","","","","","","","","","","5261.87255859375","5261.87255859375","5261.87255859375"
"10169992","5038.88330078125","5038.88330078125","5038.88330078125","","","","","","","","","","","",""
"10172040","","","","","","","","","","5589.81591796875","5589.81591796875","5589.81591796875","","",""
"10174856","5041.7392578125","5041.7392578125","5041.7392578125","","","","","","","","","","","",""
"10177416","5043.67822265625","5043.67822265625","5043.67822265625","","","","","","","","","","","",""
"10185096","","","","","","","5475.36279296875","5475.36279296875","5475.36279296875","","","","","",""
"10192008","","","","5271.64990234375","5271.64990234375","5271.64990234375","","","","","","","","",""
"10194568","","","","5272.10693359375","5272.10693359375","5272.10693359375","","","","","","","","",""
"10196616","5043.5849609375","5043.5849609375","5043.5849609375","","","","","","","","","","","",""
"10197384","5044.23486328125","5044.23486328125","5044.23486328125","","","","","","","","","","","",""
"10200200","","","","","","","5473.19189453125","5473.19189453125","5473.19189453125","","","","","",""
"10207112","5046.43603515625","5046.43603515625","5046.43603515625","","","","","","","","","","","",""
"10207368","5048.09716796875","5048.09716796875","5048.09716796875","","","","","","","","","","","",""
"10209160","","","","","","","5473.63818359375","5473.63818359375","5473.63818359375","","","","","",""
"10209416","","","","5272.13916015625","5272.13916015625","5272.13916015625","","","","","","","","",""
"10215304","","","","","","","5474.24169921875","5474.24169921875","5474.24169921875","","","","","",""
"10215560","","","","","","","","","","","","","5262.2666015625","5262.2666015625","5262.2666015625"
"10217352","","","","","","","5474.17431640625","5474.17431640625","5474.17431640625","","","","","",""
"10218120","5043.57470703125","5043.57470703125","5043.57470703125","","","","","","","","","","","",""
"10221960","","","","5274.06982421875","5274.06982421875","5274.06982421875","","","","","","","","",""
"10226312","5044.46875","5044.46875","5044.46875","","","","","","","","","","","",""
"10230664","","","","5271.3037109375","5271.3037109375","5271.3037109375","","","","","","","","",""
"10234760","","","","","","","5475.23876953125","5475.23876953125","5475.23876953125","","","","","",""
"10235784","","","","5269.73193359375","5269.73193359375","5269.73193359375","","","","","","","","",""
"10240392","","","","","","","","","","5589.88037109375","5589.88037109375","5589.88037109375","","",""
"10245000","5160.91943359375","5160.91943359375","5160.91943359375","5316.92822265625","5316.92822265625","5316.92822265625","5500.1484375","5500.1484375","5500.1484375","5555.44921875","5555.44921875","5555.44921875","5352.5029296875","5352.5029296875","5352.5029296875"
"10257544","5110.5888671875","5110.5888671875","5110.5888671875","","","","","","","","","","","",""
"10259592","5060.72412109375","5060.72412109375","5060.72412109375","","","","","","","","","","","",""
"10261640","5011.7763671875","5011.7763671875","5011.7763671875","","","","","","","","","","","",""
"10267784","4963.4697265625","4963.4697265625","4963.4697265625","","","","","","","","","","","",""
"10270344","4915.9306640625","4915.9306640625","4915.9306640625","","","","","","","","","","","",""
"10313352","4875.9208984375","4875.9208984375","4875.9208984375","","","","","","","","","","","",""
"10336904","4843.00439453125","4843.00439453125","4843.00439453125","","","","","","","","","","","",""
"10345096","4813.0654296875","4813.0654296875","4813.0654296875","","","","","","","","","","","",""
"10357128","","","","5284.2890625","5284.2890625","5284.2890625","","","","","","","","",""
"10359944","","","","","","","","","","","","","5315.8828125","5315.8828125","5315.8828125"
"10360968","4778.70849609375","4778.70849609375","4778.70849609375","","","","","","","","","","","",""
"10363528","4747.49853515625","4747.49853515625","4747.49853515625","","","","","","","","","","","",""
"10501000","5142.5302734375","5142.5302734375","5142.5302734375","5360.5263671875","5360.5263671875","5360.5263671875","5556.12744140625","5556.12744140625","5556.12744140625","5610.291015625","5610.291015625","5610.291015625","5338.73291015625","5338.73291015625","5338.73291015625"
"10513544","5142.69921875","5142.69921875","5142.69921875","","","","","","","","","","","",""
"10515592","5142.080078125","5142.080078125","5142.080078125","","","","","","","","","","","",""
"10517640","5142.767578125","5142.767578125","5142.767578125","","","","","","","","","","","",""
"10523784","5143.982421875","5143.982421875","5143.982421875","","","","","","","","","","","",""
"10526344","5144.82373046875","5144.82373046875","5144.82373046875","","","","","","","","","","","",""
"10569352","5145.1748046875","5145.1748046875","5145.1748046875","","","","","","","","","","","",""
"10592904","5147.0341796875","5147.0341796875","5147.0341796875","","","","","","","","","","","",""
"10601096","5148.1162109375","5148.1162109375","5148.1162109375","","","","","","","","","","","",""
"10604680","","","","","","","","","","5574.12939453125","5574.12939453125","5574.12939453125","","",""
"10613128","","","","5360.7744140625","5360.7744140625","5360.7744140625","","","","","","","","",""
"10615944","","","","","","","","","","","","","5337.82568359375","5337.82568359375","5337.82568359375"
"10616968","5148.4951171875","5148.4951171875","5148.4951171875","","","","","","","","","","","",""
"10619528","5148.84375","5148.84375","5148.84375","","","","","","","","","","","",""
"10624648","","","","","","","","","","","","","5306.33984375","5306.33984375","5306.33984375"
"10650504","","","","5336.7294921875","5336.7294921875","5336.7294921875","","","","","","","","",""
"10664328","","","","5316.248046875","5316.248046875","5316.248046875","","","","","","","","",""
"10671752","","","","5296.26220703125","5296.26220703125","5296.26220703125","","","","","","","","",""
"10690184","","","","","","","","","","5558.27685546875","5558.27685546875","5558.27685546875","","",""
"10698376","","","","","","","","","","5514.00439453125","5514.00439453125","5514.00439453125","","",""
"10717064","","","","5287.58984375","5287.58984375","5287.58984375","","","","","","","","",""
"10757000","5223.53173828125","5223.53173828125","5223.53173828125","5373.18408203125","5373.18408203125","5373.18408203125","5505.6279296875","5505.6279296875","5505.6279296875","5722.5634765625","5722.5634765625","5722.5634765625","5292.51611328125","5292.51611328125","5292.51611328125"
"10769544","5224.3291015625","5224.3291015625","5224.3291015625","","","","","","","","","","","",""
"10771592","5225.12939453125","5225.12939453125","5225.12939453125","","","","","","","","","","","",""
"10773640","5225.4853515625","5225.4853515625","5225.4853515625","","","","","","","","","","","",""
"10779784","5226.4091796875","5226.4091796875","5226.4091796875","","","","","","","","","","","",""
"10782344","5224.6953125","5224.6953125","5224.6953125","","","","","","","","","","","",""
"10782600","","","","5321.10107421875","5321.10107421875","5321.10107421875","","","","","","","","",""
"10794888","","","","","","","5455.1240234375","5455.1240234375","5455.1240234375","","","","","",""
"10808712","","","","","","","","","","5672.1513671875","5672.1513671875","5672.1513671875","","",""
"10811016","5220.16357421875","5220.16357421875","5220.16357421875","","","","","","","","","","","",""
"10816648","5177.73388671875","5177.73388671875","5177.73388671875","","","","","","","","","","","",""
"10817672","5135.89697265625","5135.89697265625","5135.89697265625","","","","","","","","","","","",""
"10817928","5094.099609375","5094.099609375","5094.099609375","","","","","","","","","","","",""
"10827144","5054.59326171875","5054.59326171875","5054.59326171875","","","","","","","","","","","",""
"10839944","5017.13818359375","5017.13818359375","5017.13818359375","","","","","","","","","","","",""
"10848904","5020.20361328125","5020.20361328125","5020.20361328125","","","","","","","","","","","",""
"10853512","4986.6884765625","4986.6884765625","4986.6884765625","","","","","","","","","","","",""
"10857096","4989.25439453125","4989.25439453125","4989.25439453125","","","","","","","","","","","",""
"10860680","","","","","","","","","","5673.2138671875","5673.2138671875","5673.2138671875","","",""
"10862728","4954.83935546875","4954.83935546875","4954.83935546875","","","","","","","","","","","",""
"10869128","","","","5322.7373046875","5322.7373046875","5322.7373046875","","","","","","","","",""
"10869384","4925.873046875","4925.873046875","4925.873046875","","","","","","","","","","","",""
"10870408","","","","","","","5422.7958984375","5422.7958984375","5422.7958984375","","","","","",""
"10871944","","","","","","","","","","","","","5292.1787109375","5292.1787109375","5292.1787109375"
"10872968","4930.5537109375","4930.5537109375","4930.5537109375","","","","","","","","","","","",""
"10875528","4932.24951171875","4932.24951171875","4932.24951171875","","","","","","","","","","","",""
"10880648","","","","","","","","","","","","","5289.67919921875","5289.67919921875","5289.67919921875"
"10906504","","","","5322.88427734375","5322.88427734375","5322.88427734375","","","","","","","","",""
"10909320","","","","","","","","","","5647.3115234375","5647.3115234375","5647.3115234375","","",""
"10920328","","","","5325.015625","5325.015625","5325.015625","","","","","","","","",""
"10927752","","","","5325.3466796875","5325.3466796875","5325.3466796875","","","","","","","","",""
"10938248","","","","","","","","","","","","","5273.60693359375","5273.60693359375","5273.60693359375"
"10946184","","","","","","","","","","5648.4697265625","5648.4697265625","5648.4697265625","","",""
"10954376","","","","","","","","","","5649.21728515625","5649.21728515625","5649.21728515625","","",""
"10973064","","","","5326.92529296875","5326.92529296875","5326.92529296875","","","","","","","","",""
"11013000","5318.91162109375","5318.91162109375","5318.91162109375","5422.35107421875","5422.35107421875","5422.35107421875","5764.853515625","5764.853515625","5764.853515625","5692.53466796875","5692.53466796875","5692.53466796875","5391.9609375","5391.9609375","5391.9609375"
"11025544","5318.6474609375","5318.6474609375","5318.6474609375","","","","","","","","","","","",""
"11027592","5318.384765625","5318.384765625","5318.384765625","","","","","","","","","","","",""
"11029640","5318.47216796875","5318.47216796875","5318.47216796875","","","","","","","","","","","",""
"11035784","5318.80322265625","5318.80322265625","5318.80322265625","","","","","","","","","","","",""
"11038344","5318.79736328125","5318.79736328125","5318.79736328125","","","","","","","","","","","",""
"11038600","","","","5422.33544921875","5422.33544921875","5422.33544921875","","","","","","","","",""
"11050888","","","","","","","5765.1435546875","5765.1435546875","5765.1435546875","","","","","",""
"11064712","","","","","","","","","","5693.216796875","5693.216796875","5693.216796875","","",""
"11067016","5319.75927734375","5319.75927734375","5319.75927734375","","","","","","","","","","","",""
"11072648","5320.400390625","5320.400390625","5320.400390625","","","","","","","","","","","",""
"11073672","5322.23193359375","5322.23193359375","5322.23193359375","","","","","","","","","","","",""
"11073928","5322.3310546875","5322.3310546875","5322.3310546875","","","","","","","","","","","",""
"11078792","5280.1455078125","5280.1455078125","5280.1455078125","","","","","","","","","","","",""
"11081864","5237.095703125","5237.095703125","5237.095703125","","","","","","","","","","","",""
"11083144","5237.48876953125","5237.48876953125","5237.48876953125","","","","","","","","","","","",""
"11093640","5198.87744140625","5198.87744140625","5198.87744140625","","","","","","","","","","","",""
"11095944","5201.4453125","5201.4453125","5201.4453125","","","","","","","","","","","",""
"11101064","5163.37353515625","5163.37353515625","5163.37353515625","","","","","","","","","","","",""
"11102600","5153.1484375","5153.1484375","5153.1484375","","","","","","","","","","","",""
"11104904","5153.52587890625","5153.52587890625","5153.52587890625","","","","","","","","","","","",""
"11109512","5155.66357421875","5155.66357421875","5155.66357421875","","","","","","","","","","","",""
"11113096","5157.57177734375","5157.57177734375","5157.57177734375","","","","","","","","","","","",""
"11116680","","","","","","","","","","5693.97802734375","5693.97802734375","5693.97802734375","","",""
"11118728","5158.94287109375","5158.94287109375","5158.94287109375","","","","","","","","","","","",""
"11119752","5114.26513671875","5114.26513671875","5114.26513671875","","","","","","","","","","","",""
"11125128","","","","5422.88720703125","5422.88720703125","5422.88720703125","","","","","","","","",""
"11125384","5116.181640625","5116.181640625","5116.181640625","","","","","","","","","","","",""
"11126408","","","","","","","5765.81103515625","5765.81103515625","5765.81103515625","","","","","",""
"11126920","5087.06103515625","5087.06103515625","5087.06103515625","","","","","","","","","","","",""
"11127944","","","","","","","","","","","","","5391.107421875","5391.107421875","5391.107421875"
"11128968","5090.025390625","5090.025390625","5090.025390625","","","","","","","","","","","",""
"11136648","","","","","","","","","","","","","5391.2109375","5391.2109375","5391.2109375"
"11162504","","","","5422.14599609375","5422.14599609375","5422.14599609375","","","","","","","","",""
"11165320","","","","","","","","","","5695.98486328125","5695.98486328125","5695.98486328125","","",""
"11176328","","","","5423.21240234375","5423.21240234375","5423.21240234375","","","","","","","","",""
"11183752","","","","5424.626953125","5424.626953125","5424.626953125","","","","","","","","",""
"11194248","","","","","","","","","","","","","5391.171875","5391.171875","5391.171875"
"11202184","","","","","","","","","","5697.54150390625","5697.54150390625","5697.54150390625","","",""
"11210376","","","","","","","","","","5696.90966796875","5696.90966796875","5696.90966796875","","",""
"11210888","","","","","","","","","","5681.28564453125","5681.28564453125","5681.28564453125","","",""
"11229064","","","","5425.62060546875","5425.62060546875","5425.62060546875","","","","","","","","",""
"11267976","","","","","","","","","","5679.90234375","5679.90234375","5679.90234375","","",""
"11269000","5283.71875","5283.71875","5283.71875","5462.3115234375","5462.3115234375","5462.3115234375","5796.45751953125","5796.45751953125","5796.45751953125","5818.5625","5818.5625","5818.5625","5389.6328125","5389.6328125","5389.6328125"
"11281544","5282.8505859375","5282.8505859375","5282.8505859375","","","","","","","","","","","",""
"11283592","5283.2451171875","5283.2451171875","5283.2451171875","","","","","","","","","","","",""
"11285640","5283.95361328125","5283.95361328125","5283.95361328125","","","","","","","","","","","",""
"11291784","5284.296875","5284.296875","5284.296875","","","","","","","","","","","",""
"11292296","","","","","","","","","","5761.41064453125","5761.41064453125","5761.41064453125","","",""
"11294344","5283.89404296875","5283.89404296875","5283.89404296875","","","","","","","","","","","",""
"11294600","","","","5463.0244140625","5463.0244140625","5463.0244140625","","","","","","","","",""
"11304328","5275.4140625","5275.4140625","5275.4140625","","","","","","","","","","","",""
"11306888","","","","","","","5796.06005859375","5796.06005859375","5796.06005859375","","","","","",""
"11320712","","","","","","","","","","5763.248046875","5763.248046875","5763.248046875","","",""
"11323016","5275.234375","5275.234375","5275.234375","","","","","","","","","","","",""
"11329672","5274.517578125","5274.517578125","5274.517578125","","","","","","","","","","","",""
"11329928","5275.15380859375","5275.15380859375","5275.15380859375","","","","","","","","","","","",""
"11334792","5276.35693359375","5276.35693359375","5276.35693359375","","","","","","","","","","","",""
"11335304","5233.4541015625","5233.4541015625","5233.4541015625","","","","","","","","","","","",""
"11337864","5234.19775390625","5234.19775390625","5234.19775390625","","","","","","","","","","","",""
"11338632","5194.22509765625","5194.22509765625","5194.22509765625","","","","","","","","","","","",""
"11346824","5155.08154296875","5155.08154296875","5155.08154296875","","","","","","","","","","","",""
"11349128","","","","","","","5751.30712890625","5751.30712890625","5751.30712890625","","","","","",""
"11349640","5156.89404296875","5156.89404296875","5156.89404296875","","","","","","","","","","","",""
"11351944","5158.5556640625","5158.5556640625","5158.5556640625","","","","","","","","","","","",""
"11353480","5123.06494140625","5123.06494140625","5123.06494140625","","","","","","","","","","","",""
"11353992","","","","","","","5709.3740234375","5709.3740234375","5709.3740234375","","","","","",""
"11356552","5087.2080078125","5087.2080078125","5087.2080078125","","","","","","","","","","","",""
"11357064","5088.4716796875","5088.4716796875","5088.4716796875","","","","","","","","","","","",""
"11358600","5085.92041015625","5085.92041015625","5085.92041015625","","","","","","","","","","","",""
"11360904","5087.13671875","5087.13671875","5087.13671875","","","","","","","","","","","",""
"11362440","5051.9580078125","5051.9580078125","5051.9580078125","","","","","","","","","","","",""
"11365512","5055.71240234375","5055.71240234375","5055.71240234375","","","","","","","","","","","",""
"11369096","5056.654296875","5056.654296875","5056.654296875","","","","","","","","","","","",""
"11372168","5051.7578125","5051.7578125","5051.7578125","","","","","","","","","","","",""
"11372680","","","","","","","","","","5763.3603515625","5763.3603515625","5763.3603515625","","",""
"11374728","5052.3154296875","5052.3154296875","5052.3154296875","","","","","","","","","","","",""
"11381128","","","","5462.6240234375","5462.6240234375","5462.6240234375","","","","","","","","",""
"11381384","5055.7646484375","5055.7646484375","5055.7646484375","","","","","","","","","","","",""
"11382408","","","","","","","5711.0869140625","5711.0869140625","5711.0869140625","","","","","",""
"11382920","5057.88916015625","5057.88916015625","5057.88916015625","","","","","","","","","","","",""
"11383944","","","","","","","","","","","","","5391.21923828125","5391.21923828125","5391.21923828125"
"11384200","5029.662109375","5029.662109375","5029.662109375","","","","","","","","","","","",""
"11384968","5032.26611328125","5032.26611328125","5032.26611328125","","","","","","","","","","","",""
"11389320","","","","","","","","","","","","","5360.2119140625","5360.2119140625","5360.2119140625"
"11392648","","","","","","","","","","","","","5360.0361328125","5360.0361328125","5360.0361328125"
"11410056","5006.84912109375","5006.84912109375","5006.84912109375","","","","","","","","","","","",""
"11418504","","","","5461.736328125","5461.736328125","5461.736328125","","","","","","","","",""
"11421320","","","","","","","","","","5762.50048828125","5762.50048828125","5762.50048828125","","",""
"11426184","4987.3896484375","4987.3896484375","4987.3896484375","","","","","","","","","","","",""
"11427720","4967.88037109375","4967.88037109375","4967.88037109375","","","","","","","","","","","",""
"11432328","","","","5460.95556640625","5460.95556640625","5460.95556640625","","","","","","","","",""
"11439752","","","","5460.728515625","5460.728515625","5460.728515625","","","","","","","","",""
"11450248","","","","","","","","","","","","","5361.80029296875","5361.80029296875","5361.80029296875"
"11458184","","","","","","","","","","5759.736328125","5759.736328125","5759.736328125","","",""
"11466376","","","","","","","","","","5761.08935546875","5761.08935546875","5761.08935546875","","",""
"11466888","","","","","","","","","","5763.189453125","5763.189453125","5763.189453125","","",""
"11485064","","","","5459.84375","5459.84375","5459.84375","","","","","","","","",""
"11515528","4964.5869140625","4964.5869140625","4964.5869140625","","","","","","","","","","","",""
"11523976","","","","","","","","","","5763.8359375","5763.8359375","5763.8359375","","",""
"11525000","5263.18798828125","5263.18798828125","5263.18798828125","5453.072265625","5453.072265625","5453.072265625","5858.9384765625","5858.9384765625","5858.9384765625","5886.857421875","5886.857421875","5886.857421875","5456.37255859375","5456.37255859375","5456.37255859375"
"11603080","","","","","","","5815.18212890625","5815.18212890625","5815.18212890625","","","","","",""
"11641480","5233.0087890625","5233.0087890625","5233.0087890625","","","","","","","","","","","",""
"11654024","","","","","","","5784.41162109375","5784.41162109375","5784.41162109375","","","","","",""
"11672200","5209.16552734375","5209.16552734375","5209.16552734375","","","","","","","","","","","",""
"11700104","","","","","","","5763.85400390625","5763.85400390625","5763.85400390625","","","","","",""
"11719816","","","","","","","5748.39404296875","5748.39404296875","5748.39404296875","","","","","",""
"11732104","","","","","","","5738.30224609375","5738.30224609375","5738.30224609375","","","","","",""
"11738248","","","","","","","5729.6318359375","5729.6318359375","5729.6318359375","","","","","",""
"11747720","","","","5443.9248046875","5443.9248046875","5443.9248046875","","","","","","","","",""
"11769736","5195.908203125","5195.908203125","5195.908203125","","","","","","","","","","","",""
"11781000","5348.21533203125","5348.21533203125","5348.21533203125","5460.9541015625","5460.9541015625","5460.9541015625","6042.93310546875","6042.93310546875","6042.93310546875","5953.48974609375","5953.48974609375","5953.48974609375","5455.53173828125","5455.53173828125","5455.53173828125"
"11859080","","","","","","","6043.79248046875","6043.79248046875","6043.79248046875","","","","","",""
"11881864","","","","","","","","","","","","","5417.1826171875","5417.1826171875","5417.1826171875"
"11889544","5313.61474609375","5313.61474609375","5313.61474609375","","","","","","","","","","","",""
"11896968","5283.4052734375","5283.4052734375","5283.4052734375","","","","","","","","","","","",""
"11897480","5285.8857421875","5285.8857421875","5285.8857421875","","","","","","","","","","","",""
"11910024","","","","","","","6044.54931640625","6044.54931640625","6044.54931640625","","","","","",""
"11918472","","","","","","","6014.2998046875","6014.2998046875","6014.2998046875","","","","","",""
"11921288","","","","","","","5983.89404296875","5983.89404296875","5983.89404296875","","","","","",""
"11927432","5261.29443359375","5261.29443359375","5261.29443359375","","","","","","","","","","","",""
"11928200","5263.525390625","5263.525390625","5263.525390625","","","","","","","","","","","",""
"11941512","","","","","","","","","","5926.2998046875","5926.2998046875","5926.2998046875","","",""
"11943048","","","","","","","","","","","","","5393.77734375","5393.77734375","5393.77734375"
"11956104","","","","","","","5985.654296875","5985.654296875","5985.654296875","","","","","",""
"11957384","","","","","","","5964.9267578125","5964.9267578125","5964.9267578125","","","","","",""
"11965576","","","","","","","5945.98095703125","5945.98095703125","5945.98095703125","","","","","",""
"11968904","5248.0302734375","5248.0302734375","5248.0302734375","","","","","","","","","","","",""
"11975816","","","","","","","5948.01904296875","5948.01904296875","5948.01904296875","","","","","",""
"11988104","","","","","","","5948.98486328125","5948.98486328125","5948.98486328125","","","","","",""
"11994248","","","","","","","5949.23291015625","5949.23291015625","5949.23291015625","","","","","",""
"12003720","","","","5460.8154296875","5460.8154296875","5460.8154296875","","","","","","","","",""
"12006280","","","","","","","","","","5915.21337890625","5915.21337890625","5915.21337890625","","",""
"12025736","5250.166015625","5250.166015625","5250.166015625","","","","","","","","","","","",""
"12032136","5245.1279296875","5245.1279296875","5245.1279296875","","","","","","","","","","","",""
"12037000","5363.19384765625","5363.19384765625","5363.19384765625","5447.357421875","5447.357421875","5447.357421875","6047.576171875","6047.576171875","6047.576171875","5968.4853515625","5968.4853515625","5968.4853515625","5480.07470703125","5480.07470703125","5480.07470703125"
"12072072","5313.0703125","5313.0703125","5313.0703125","","","","","","","","","","","",""
"12099976","5266.671875","5266.671875","5266.671875","","","","","","","","","","","",""
"12105352","5225.607421875","5225.607421875","5225.607421875","","","","","","","","","","","",""
"12108936","","","","5404.71923828125","5404.71923828125","5404.71923828125","","","","","","","","",""
"12115080","","","","","","","6044.8173828125","6044.8173828125","6044.8173828125","","","","","",""
"12115336","","","","","","","5999.60498046875","5999.60498046875","5999.60498046875","","","","","",""
"12137864","","","","","","","","","","","","","5479.1787109375","5479.1787109375","5479.1787109375"
"12139144","5224.59130859375","5224.59130859375","5224.59130859375","","","","","","","","","","","",""
"12152968","5226.85498046875","5226.85498046875","5226.85498046875","","","","","","","","","","","",""
"12153480","5227.3369140625","5227.3369140625","5227.3369140625","","","","","","","","","","","",""
"12166024","","","","","","","6001.23876953125","6001.23876953125","6001.23876953125","","","","","",""
"12172424","","","","","","","5969.0361328125","5969.0361328125","5969.0361328125","","","","","",""
"12173960","","","","","","","","","","5938.42724609375","5938.42724609375","5938.42724609375","","",""
"12174472","","","","","","","5969.2236328125","5969.2236328125","5969.2236328125","","","","","",""
"12177288","","","","","","","5970.201171875","5970.201171875","5970.201171875","","","","","",""
"12183432","5229.31201171875","5229.31201171875","5229.31201171875","","","","","","","","","","","",""
"12184200","5230.48486328125","5230.48486328125","5230.48486328125","","","","","","","","","","","",""
"12188296","","","","5381.36181640625","5381.36181640625","5381.36181640625","","","","","","","","",""
"12197512","","","","","","","5944.6123046875","5944.6123046875","5944.6123046875","5940.7666015625","5940.7666015625","5940.7666015625","","",""
"12199048","","","","","","","","","","","","","5479.515625","5479.515625","5479.515625"
"12200328","","","","","","","5919.8505859375","5919.8505859375","5919.8505859375","","","","","",""
"12212104","","","","","","","5921.8984375","5921.8984375","5921.8984375","","","","","",""
"12213384","","","","","","","5917.9912109375","5917.9912109375","5917.9912109375","","","","","",""
"12221576","","","","","","","5917.3359375","5917.3359375","5917.3359375","","","","","",""
"12224904","5232.29931640625","5232.29931640625","5232.29931640625","","","","","","","","","","","",""
"12231816","","","","","","","5918.0498046875","5918.0498046875","5918.0498046875","","","","","",""
"12244104","","","","","","","5918.88525390625","5918.88525390625","5918.88525390625","","","","","",""
"12250248","","","","","","","5920.328125","5920.328125","5920.328125","","","","","",""
"12259720","","","","5382.29736328125","5382.29736328125","5382.29736328125","","","","","","","","",""
"12262280","","","","","","","","","","5942.98486328125","5942.98486328125","5942.98486328125","","",""
"12265352","","","","5375.73193359375","5375.73193359375","5375.73193359375","","","","","","","","",""
"12281736","5234.24365234375","5234.24365234375","5234.24365234375","","","","","","","","","","","",""
"12288136","5237.03466796875","5237.03466796875","5237.03466796875","","","","","","","","","","","",""
"12293000","5386.1865234375","5386.1865234375","5386.1865234375","5460.15478515625","5460.15478515625","5460.15478515625","6046.763671875","6046.763671875","6046.763671875","6049.34033203125","6049.34033203125","6049.34033203125","5488.8623046875","5488.8623046875","5488.8623046875"
"12315784","5334.673828125","5334.673828125","5334.673828125","","","","","","","","","","","",""
"12326792","5285.9912109375","5285.9912109375","5285.9912109375","","","","","","","","","","","",""
"12328072","5286.8828125","5286.8828125","5286.8828125","","","","","","","","","","","",""
"12349320","","","","","","","6027.76171875","6027.76171875","6027.76171875","","","","","",""
"12355976","5288.884765625","5288.884765625","5288.884765625","","","","","","","","","","","",""
"12361352","5290.22509765625","5290.22509765625","5290.22509765625","","","","","","","","","","","",""
"12364936","","","","5460.5234375","5460.5234375","5460.5234375","","","","","","","","",""
"12371080","","","","","","","6029.166015625","6029.166015625","6029.166015625","","","","","",""
"12371336","","","","","","","6029.5673828125","6029.5673828125","6029.5673828125","","","","","",""
"12391048","","","","","","","5989.86279296875","5989.86279296875","5989.86279296875","","","","","",""
"12393864","","","","","","","","","","","","","5489.783203125","5489.783203125","5489.783203125"
"12395144","5290.658203125","5290.658203125","5290.658203125","","","","","","","","","","","",""
"12408968","5290.8515625","5290.8515625","5290.8515625","","","","","","","","","","","",""
"12409480","5292.3759765625","5292.3759765625","5292.3759765625","","","","","","","","","","","",""
"12428424","","","","","","","5991.10546875","5991.10546875","5991.10546875","","","","","",""
"12429960","","","","","","","","","","6049.55419921875","6049.55419921875","6049.55419921875","","",""
"12430472","","","","","","","5991.4755859375","5991.4755859375","5991.4755859375","","","","","",""
"12433288","","","","","","","5992.4150390625","5992.4150390625","5992.4150390625","","","","","",""
"12439432","5293.6611328125","5293.6611328125","5293.6611328125","","","","","","","","","","","",""
"12440200","5296.29052734375","5296.29052734375","5296.29052734375","","","","","","","","","","","",""
"12444296","","","","5460.52978515625","5460.52978515625","5460.52978515625","","","","","","","","",""
"12453512","","","","","","","5993.806640625","5993.806640625","5993.806640625","6049.890625","6049.890625","6049.890625","","",""
"12455048","","","","","","","","","","","","","5490.19091796875","5490.19091796875","5490.19091796875"
"12456328","","","","","","","5995.34228515625","5995.34228515625","5995.34228515625","","","","","",""
"12460936","5276.91845703125","5276.91845703125","5276.91845703125","","","","","","","","","","","",""
"12463496","","","","","","","","","","6024.42919921875","6024.42919921875","6024.42919921875","","",""
"12468104","","","","","","","5996.0205078125","5996.0205078125","5996.0205078125","","","","","",""
"12469384","","","","","","","5996.69482421875","5996.69482421875","5996.69482421875","","","","","",""
"12475784","5262.00537109375","5262.00537109375","5262.00537109375","","","","","","","","","","","",""
"12477576","","","","","","","5998.33349609375","5998.33349609375","5998.33349609375","","","","","",""
"12479880","","","","","","","5981.80859375","5981.80859375","5981.80859375","","","","","",""
"12480904","5264.59375","5264.59375","5264.59375","","","","","","","","","","","",""
"12487816","","","","","","","5984.34033203125","5984.34033203125","5984.34033203125","","","","","",""
"12494216","","","","","","","5970.57470703125","5970.57470703125","5970.57470703125","","","","","",""
"12500104","","","","","","","5971.2109375","5971.2109375","5971.2109375","","","","","",""
"12501896","5254.5361328125","5254.5361328125","5254.5361328125","","","","","","","","","","","",""
"12506248","","","","","","","5973.3798828125","5973.3798828125","5973.3798828125","","","","","",""
"12509576","5247.77978515625","5247.77978515625","5247.77978515625","","","","","","","","","","","",""
"12515720","","","","5460.92529296875","5460.92529296875","5460.92529296875","","","","","","","","",""
"12518280","","","","","","","","","","6025.1875","6025.1875","6025.1875","","",""
"12521352","","","","5461.26904296875","5461.26904296875","5461.26904296875","","","","","","","","",""
"12537736","5248.7978515625","5248.7978515625","5248.7978515625","","","","","","","","","","","",""
"12544136","5249.66845703125","5249.66845703125","5249.66845703125","","","","","","","","","","","",""
"12545672","","","","","","","","","","6026.328125","6026.328125","6026.328125","","",""
"12549000","5415.35791015625","5415.35791015625","5415.35791015625","5479.5322265625","5479.5322265625","5479.5322265625","6128.17822265625","6128.17822265625","6128.17822265625","6096.10400390625","6096.10400390625","6096.10400390625","5489.33251953125","5489.33251953125","5489.33251953125"
"12551304","","","","","","","6086.7255859375","6086.7255859375","6086.7255859375","","","","","",""
"12571784","5416.14404296875","5416.14404296875","5416.14404296875","","","","","","","","","","","",""
"12582792","5416.37939453125","5416.37939453125","5416.37939453125","","","","","","","","","","","",""
"12584072","5417.650390625","5417.650390625","5417.650390625","","","","","","","","","","","",""
"12599944","5370.4736328125","5370.4736328125","5370.4736328125","","","","","","","","","","","",""
"12605320","","","","","","","6086.00244140625","6086.00244140625","6086.00244140625","","","","","",""
"12611976","5371.94091796875","5371.94091796875","5371.94091796875","","","","","","","","","","","",""
"12613000","","","","","","","","","","6067.24609375","6067.24609375","6067.24609375","","",""
"12617352","5372.68310546875","5372.68310546875","5372.68310546875","","","","","","","","","","","",""
"12620936","","","","5479.35302734375","5479.35302734375","5479.35302734375","","","","","","","","",""
"12627080","","","","","","","6086.6875","6086.6875","6086.6875","","","","","",""
"12627336","","","","","","","6086.6015625","6086.6015625","6086.6015625","","","","","",""
"12635528","","","","","","","","","","","","","5448.2236328125","5448.2236328125","5448.2236328125"
"12647048","","","","","","","6088.205078125","6088.205078125","6088.205078125","","","","","",""
"12649864","","","","","","","","","","","","","5448.54345703125","5448.54345703125","5448.54345703125"
"12651144","5373.69677734375","5373.69677734375","5373.69677734375","","","","","","","","","","","",""
"12664968","5373.31884765625","5373.31884765625","5373.31884765625","","","","","","","","","","","",""
"12665480","5374.82861328125","5374.82861328125","5374.82861328125","","","","","","","","","","","",""
"12675976","","","","","","","","","","6034.45751953125","6034.45751953125","6034.45751953125","","",""
"12684424","","","","","","","6089.640625","6089.640625","6089.640625","","","","","",""
"12685960","","","","","","","","","","6034.93115234375","6034.93115234375","6034.93115234375","","",""
"12686472","","","","","","","6090.42529296875","6090.42529296875","6090.42529296875","","","","","",""
"12689288","","","","","","","6090.87353515625","6090.87353515625","6090.87353515625","","","","","",""
"12695432","5374.93359375","5374.93359375","5374.93359375","","","","","","","","","","","",""
"12696200","5374.8759765625","5374.8759765625","5374.8759765625","","","","","","","","","","","",""
"12700296","","","","5479.96435546875","5479.96435546875","5479.96435546875","","","","","","","","",""
"12709512","","","","","","","","","","6034.99169921875","6034.99169921875","6034.99169921875","","",""
"12711048","","","","","","","6067.5234375","6067.5234375","6067.5234375","","","","5448.904296875","5448.904296875","5448.904296875"
"12712328","","","","","","","6068.14404296875","6068.14404296875","6068.14404296875","","","","","",""
"12716936","5375.634765625","5375.634765625","5375.634765625","","","","","","","","","","","",""
"12724104","","","","","","","6068.3125","6068.3125","6068.3125","","","","","",""
"12725384","","","","","","","6069.1123046875","6069.1123046875","6069.1123046875","","","","","",""
"12731784","5376.31005859375","5376.31005859375","5376.31005859375","","","","","","","","","","","",""
"12732296","","","","","","","","","","6016.52490234375","6016.52490234375","6016.52490234375","","",""
"12733576","","","","","","","6070.4716796875","6070.4716796875","6070.4716796875","","","","","",""
"12735880","","","","","","","6072.328125","6072.328125","6072.328125","","","","","",""
"12736904","5376.6875","5376.6875","5376.6875","","","","","","","","","","","",""
"12743816","","","","","","","6073.4677734375","6073.4677734375","6073.4677734375","","","","","",""
"12750216","","","","","","","6073.05322265625","6073.05322265625","6073.05322265625","","","","","",""
"12756104","","","","","","","6072.57666015625","6072.57666015625","6072.57666015625","","","","","",""
"12757896","5376.54736328125","5376.54736328125","5376.54736328125","","","","","","","","","","","",""
"12762248","","","","","","","6073.6416015625","6073.6416015625","6073.6416015625","","","","","",""
"12765576","5376.01806640625","5376.01806640625","5376.01806640625","","","","","","","","","","","",""
"12771720","","","","5480.30224609375","5480.30224609375","5480.30224609375","","","","","","","","",""
"12774280","","","","","","","","","","6017.6787109375","6017.6787109375","6017.6787109375","","",""
"12777352","","","","5480.9267578125","5480.9267578125","5480.9267578125","","","","","","","","",""
"12793736","5376.24072265625","5376.24072265625","5376.24072265625","","","","","","","","","","","",""
"12800136","5378.55322265625","5378.55322265625","5378.55322265625","","","","","","","","","","","",""
"12801672","","","","","","","","","","6019.2890625","6019.2890625","6019.2890625","","",""
"12805000","5449.22216796875","5449.22216796875","5449.22216796875","5481.50634765625","5481.50634765625","5481.50634765625","6177.70556640625","6177.70556640625","6177.70556640625","6058.25537109375","6058.25537109375","6058.25537109375","5488.90185546875","5488.90185546875","5488.90185546875"
"12870792","","","","","","","6127.59375","6127.59375","6127.59375","","","","","",""
"12880008","","","","","","","6078.60107421875","6078.60107421875","6078.60107421875","","","","","",""
"12890504","","","","","","","","","","","","","5448.05908203125","5448.05908203125","5448.05908203125"
"12893576","","","","","","","","","","","","","5409.97412109375","5409.97412109375","5409.97412109375"
"12907400","","","","","","","6038.11865234375","6038.11865234375","6038.11865234375","","","","","",""
"12936584","","","","","","","","","","6024.19677734375","6024.19677734375","6024.19677734375","","",""
"12951944","","","","","","","6010.54345703125","6010.54345703125","6010.54345703125","","","","","",""
"12961416","","","","","","","5985.767578125","5985.767578125","5985.767578125","","","","","",""
"12992392","","","","","","","5968.99072265625","5968.99072265625","5968.99072265625","","","","","",""
"12996744","","","","","","","5953.65087890625","5953.65087890625","5953.65087890625","","","","","",""
"13015176","","","","","","","5942.8330078125","5942.8330078125","5942.8330078125","","","","","",""
"13049480","","","","","","","5941.5673828125","5941.5673828125","5941.5673828125","","","","","",""
"13061000","5509.16162109375","5509.16162109375","5509.16162109375","5530.37060546875","5530.37060546875","5530.37060546875","6193.61474609375","6193.61474609375","6193.61474609375","6194.56005859375","6194.56005859375","6194.56005859375","5544.26806640625","5544.26806640625","5544.26806640625"
"13080456","5456.0654296875","5456.0654296875","5456.0654296875","","","","","","","","","","","",""
"13119368","","","","","","","6141.009765625","6141.009765625","6141.009765625","","","","","",""
"13125768","5409.3505859375","5409.3505859375","5409.3505859375","5485.3076171875","5485.3076171875","5485.3076171875","","","","","","","","",""
"13126792","","","","","","","6142.35009765625","6142.35009765625","6142.35009765625","","","","","",""
"13136008","","","","","","","6143.65673828125","6143.65673828125","6143.65673828125","","","","","",""
"13146504","","","","","","","","","","","","","5545.00439453125","5545.00439453125","5545.00439453125"
"13149576","","","","","","","","","","","","","5545.24072265625","5545.24072265625","5545.24072265625"
"13160840","","","","","","","6102.0830078125","6102.0830078125","6102.0830078125","","","","","",""
"13163400","","","","","","","6102.79052734375","6102.79052734375","6102.79052734375","","","","","",""
"13165960","","","","","","","6063.43359375","6063.43359375","6063.43359375","","","","","",""
"13167752","","","","","","","6024.72509765625","6024.72509765625","6024.72509765625","","","","","",""
"13168520","","","","","","","5985.44091796875","5985.44091796875","5985.44091796875","","","","","",""
"13173384","","","","","","","5948.05859375","5948.05859375","5948.05859375","","","","","",""
"13192584","","","","","","","","","","6194.1767578125","6194.1767578125","6194.1767578125","","",""
"13192840","","","","","","","5914.74072265625","5914.74072265625","5914.74072265625","","","","","",""
"13200776","","","","","","","5880.30419921875","5880.30419921875","5880.30419921875","","","","","",""
"13207944","","","","","","","5882.58544921875","5882.58544921875","5882.58544921875","","","","","",""
"13217416","","","","","","","5886.40673828125","5886.40673828125","5886.40673828125","","","","","",""
"13231752","","","","","","","5864.48486328125","5864.48486328125","5864.48486328125","","","","","",""
"13248392","","","","","","","5867.10400390625","5867.10400390625","5867.10400390625","","","","","",""
"13252744","","","","","","","5870.9365234375","5870.9365234375","5870.9365234375","","","","","",""
"13257096","","","","","","","","","","6174.3916015625","6174.3916015625","6174.3916015625","","",""
"13271176","","","","","","","5874.52685546875","5874.52685546875","5874.52685546875","","","","","",""
"13272200","","","","5475.01806640625","5475.01806640625","5475.01806640625","","","","","","","","",""
"13297544","","","","","","","5871.09423828125","5871.09423828125","5871.09423828125","","","","","",""
"13305480","","","","","","","5872.23681640625","5872.23681640625","5872.23681640625","","","","","",""
"13317000","5465.69677734375","5465.69677734375","5465.69677734375","5538.38232421875","5538.38232421875","5538.38232421875","6151.806640625","6151.806640625","6151.806640625","6202.16552734375","6202.16552734375","6202.16552734375","5577.7109375","5577.7109375","5577.7109375"
"13336456","5466.91845703125","5466.91845703125","5466.91845703125","","","","","","","","","","","",""
"13354120","","","","","","","6094.24755859375","6094.24755859375","6094.24755859375","","","","","",""
"13366920","5420.2705078125","5420.2705078125","5420.2705078125","","","","","","","","","","","",""
"13375368","","","","","","","6094.35546875","6094.35546875","6094.35546875","","","","","",""
"13381768","5421.74609375","5421.74609375","5421.74609375","5539.18310546875","5539.18310546875","5539.18310546875","","","","","","","","",""
"13382792","","","","","","","6096.49658203125","6096.49658203125","6096.49658203125","","","","","",""
"13392008","","","","","","","6096.81005859375","6096.81005859375","6096.81005859375","","","","","",""
"13397384","","","","","","","","","","6187.81884765625","6187.81884765625","6187.81884765625","","",""
"13402504","","","","","","","","","","","","","5577.5009765625","5577.5009765625","5577.5009765625"
"13402760","","","","","","","","","","6141.41357421875","6141.41357421875","6141.41357421875","","",""
"13405576","","","","","","","","","","","","","5577.71484375","5577.71484375","5577.71484375"
"13411208","","","","","","","","","","6098.4921875","6098.4921875","6098.4921875","","",""
"13416840","","","","","","","6096.5478515625","6096.5478515625","6096.5478515625","","","","","",""
"13419400","","","","","","","6097.76806640625","6097.76806640625","6097.76806640625","","","","","",""
"13421960","","","","","","","6098.90185546875","6098.90185546875","6098.90185546875","","","","","",""
"13423752","","","","","","","6100.2705078125","6100.2705078125","6100.2705078125","","","","","",""
"13424520","","","","","","","6100.82568359375","6100.82568359375","6100.82568359375","","","","","",""
"13429384","","","","","","","6098.75048828125","6098.75048828125","6098.75048828125","","","","","",""
"13448840","","","","","","","6099.67919921875","6099.67919921875","6099.67919921875","","","","","",""
"13456776","","","","","","","6098.83544921875","6098.83544921875","6098.83544921875","","","","","",""
"13463944","","","","","","","6098.3359375","6098.3359375","6098.3359375","","","","","",""
"13467528","","","","","","","6071.36572265625","6071.36572265625","6071.36572265625","","","","","",""
"13473416","","","","","","","6071.39501953125","6071.39501953125","6071.39501953125","","","","","",""
"13487496","","","","","","","","","","6074.81591796875","6074.81591796875","6074.81591796875","","",""
"13487752","","","","","","","6073.4072265625","6073.4072265625","6073.4072265625","","","","","",""
"13504392","","","","","","","6075.31884765625","6075.31884765625","6075.31884765625","","","","","",""
"13508744","","","","","","","6076.7880859375","6076.7880859375","6076.7880859375","","","","","",""
"13513096","","","","","","","","","","6076.3994140625","6076.3994140625","6076.3994140625","","",""
"13521544","","","","","","","6058.67431640625","6058.67431640625","6058.67431640625","","","","","",""
"13522312","5407.50048828125","5407.50048828125","5407.50048828125","","","","","","","","","","","",""
"13527176","","","","","","","6059.92724609375","6059.92724609375","6059.92724609375","","","","","",""
"13528200","","","","5536.65234375","5536.65234375","5536.65234375","","","","","","","","",""
"13529736","","","","","","","","","","6065.048828125","6065.048828125","6065.048828125","","",""
"13553544","","","","","","","6063.1923828125","6063.1923828125","6063.1923828125","","","","","",""
"13561480","","","","","","","6065.89599609375","6065.89599609375","6065.89599609375","","","","","",""
"13573000","5469.13134765625","5469.13134765625","5469.13134765625","5349.8544921875","5349.8544921875","5349.8544921875","6242.00244140625","6242.00244140625","6242.00244140625","6217.72998046875","6217.72998046875","6217.72998046875","5554.45947265625","5554.45947265625","5554.45947265625"
"13592456","5467.90673828125","5467.90673828125","5467.90673828125","","","","","","","","","","","",""
"13610120","","","","","","","6240.978515625","6240.978515625","6240.978515625","","","","","",""
"13622920","5468.41259765625","5468.41259765625","5468.41259765625","","","","","","","","","","","",""
"13631368","","","","","","","6241.7373046875","6241.7373046875","6241.7373046875","","","","","",""
"13637768","5467.32470703125","5467.32470703125","5467.32470703125","5350.41748046875","5350.41748046875","5350.41748046875","","","","","","","","",""
"13638792","","","","","","","6243.23486328125","6243.23486328125","6243.23486328125","","","","","",""
"13648008","","","","","","","6242.8642578125","6242.8642578125","6242.8642578125","","","","","",""
"13653384","","","","","","","","","","6217.88916015625","6217.88916015625","6217.88916015625","","",""
"13658504","","","","","","","","","","","","","5553.88427734375","5553.88427734375","5553.88427734375"
"13658760","","","","","","","","","","6217.33447265625","6217.33447265625","6217.33447265625","","",""
"13661576","","","","","","","","","","","","","5553.28857421875","5553.28857421875","5553.28857421875"
"13667208","","","","","","","","","","6217.30029296875","6217.30029296875","6217.30029296875","","",""
"13672840","","","","","","","6243.0390625","6243.0390625","6243.0390625","","","","","",""
"13675400","","","","","","","6237.99658203125","6237.99658203125","6237.99658203125","","","","","",""
"13677960","","","","","","","6238.41796875","6238.41796875","6238.41796875","","","","","",""
"13679752","","","","","","","6236.70751953125","6236.70751953125","6236.70751953125","","","","","",""
"13680520","","","","","","","6237.7744140625","6237.7744140625","6237.7744140625","","","","","",""
"13685384","","","","","","","6235.28173828125","6235.28173828125","6235.28173828125","","","","","",""
"13704840","","","","","","","6236.9990234375","6236.9990234375","6236.9990234375","","","","","",""
"13712776","","","","","","","6236.97509765625","6236.97509765625","6236.97509765625","","","","","",""
"13719944","","","","","","","6237.556640625","6237.556640625","6237.556640625","","","","","",""
"13723528","","","","","","","6236.2685546875","6236.2685546875","6236.2685546875","","","","","",""
"13725832","","","","","","","6182.173828125","6182.173828125","6182.173828125","","","","","",""
"13729416","","","","","","","6180.7958984375","6180.7958984375","6180.7958984375","","","","","",""
"13743496","","","","","","","","","","6217.529296875","6217.529296875","6217.529296875","","",""
"13743752","","","","","","","6181.6640625","6181.6640625","6181.6640625","","","","","",""
"13755272","5449.27001953125","5449.27001953125","5449.27001953125","","","","","","","","","","","",""
"13760392","","","","","","","6181.66162109375","6181.66162109375","6181.66162109375","","","","","",""
"13764744","","","","","","","6183.51611328125","6183.51611328125","6183.51611328125","","","","","",""
"13769096","","","","","","","","","","6218.30419921875","6218.30419921875","6218.30419921875","","",""
"13772936","","","","","","","6169.60302734375","6169.60302734375","6169.60302734375","","","","","",""
"13777544","","","","","","","6167.9560546875","6167.9560546875","6167.9560546875","","","","","",""
"13778312","5447.2763671875","5447.2763671875","5447.2763671875","","","","","","","","","","","",""
"13783176","","","","","","","6168.31494140625","6168.31494140625","6168.31494140625","","","","","",""
"13784200","","","","5353.0185546875","5353.0185546875","5353.0185546875","","","","","","","","",""
"13785736","","","","","","","","","","6218.7099609375","6218.7099609375","6218.7099609375","","",""
"13794696","","","","","","","","","","6206.35791015625","6206.35791015625","6206.35791015625","","",""
"13799304","5439.857421875","5439.857421875","5439.857421875","","","","","","","","","","","",""
"13809544","","","","","","","6170.197265625","6170.197265625","6170.197265625","","","","","",""
"13817480","","","","","","","6169.7578125","6169.7578125","6169.7578125","","","","","",""
"13829000","5457.97607421875","5457.97607421875","5457.97607421875","5631.921875","5631.921875","5631.921875","6264.8466796875","6264.8466796875","6264.8466796875","6257.0029296875","6257.0029296875","6257.0029296875","5577.95556640625","5577.95556640625","5577.95556640625"
"13848456","5459.42919921875","5459.42919921875","5459.42919921875","","","","","","","","","","","",""
"13866120","","","","","","","6264.25341796875","6264.25341796875","6264.25341796875","","","","","",""
"13878920","5459.42626953125","5459.42626953125","5459.42626953125","","","","","","","","","","","",""
"13887112","","","","","","","","","","6205.53857421875","6205.53857421875","6205.53857421875","","",""
"13887368","5413.17822265625","5413.17822265625","5413.17822265625","","","","6262.875","6262.875","6262.875","","","","","",""
"13893768","5412.6455078125","5412.6455078125","5412.6455078125","5632.34033203125","5632.34033203125","5632.34033203125","","","","","","","","",""
"13894792","","","","","","","6261.8486328125","6261.8486328125","6261.8486328125","","","","","",""
"13899400","","","","","","","6202.08056640625","6202.08056640625","6202.08056640625","","","","","",""
"13900424","","","","","","","6182.48876953125","6182.48876953125","6182.48876953125","","","","","",""
"13904008","","","","","","","6183.6943359375","6183.6943359375","6183.6943359375","","","","","",""
"13909384","","","","","","","","","","6204.92626953125","6204.92626953125","6204.92626953125","","",""
"13914504","","","","","","","","","","","","","5578.18994140625","5578.18994140625","5578.18994140625"
"13914760","","","","","","","","","","6205.1142578125","6205.1142578125","6205.1142578125","","",""
"13917576","","","","","","","","","","","","","5579.4755859375","5579.4755859375","5579.4755859375"
"13923208","","","","","","","","","","6205.3037109375","6205.3037109375","6205.3037109375","","",""
"13928840","","","","","","","6185.275390625","6185.275390625","6185.275390625","","","","","",""
"13933960","","","","","","","6187.80029296875","6187.80029296875","6187.80029296875","","","","","",""
"13935752","","","","","","","6186.14501953125","6186.14501953125","6186.14501953125","","","","","",""
"13936520","","","","","","","6187.15966796875","6187.15966796875","6187.15966796875","","","","","",""
"13941384","","","","","","","6188.171875","6188.171875","6188.171875","","","","","",""
"13960840","","","","","","","6188.77197265625","6188.77197265625","6188.77197265625","","","","","",""
"13968776","","","","","","","6190.529296875","6190.529296875","6190.529296875","","","","","",""
"13975688","","","","","","","","","","6177.78662109375","6177.78662109375","6177.78662109375","","",""
"13979528","","","","","","","6192.33984375","6192.33984375","6192.33984375","","","","","",""
"13981832","","","","","","","6193.533203125","6193.533203125","6193.533203125","","","","","",""
"13985416","","","","","","","6194.2177734375","6194.2177734375","6194.2177734375","","","","","",""
"13999496","","","","","","","","","","6178.185546875","6178.185546875","6178.185546875","","",""
"13999752","","","","","","","6194.44384765625","6194.44384765625","6194.44384765625","","","","","",""
"14011272","5413.28662109375","5413.28662109375","5413.28662109375","","","","","","","","","","","",""
"14016392","","","","","","","6195.30322265625","6195.30322265625","6195.30322265625","","","","","",""
"14020744","","","","","","","6196.72998046875","6196.72998046875","6196.72998046875","","","","","",""
"14025096","","","","","","","","","","6179.28564453125","6179.28564453125","6179.28564453125","","",""
"14028936","","","","","","","6196.32470703125","6196.32470703125","6196.32470703125","","","","","",""
"14033544","","","","","","","6198.734375","6198.734375","6198.734375","","","","","",""
"14034312","5414.21435546875","5414.21435546875","5414.21435546875","","","","","","","","","","","",""
"14039176","","","","","","","6198.8662109375","6198.8662109375","6198.8662109375","","","","","",""
"14040200","","","","5632.2421875","5632.2421875","5632.2421875","","","","","","","","",""
"14041736","","","","","","","","","","6179.947265625","6179.947265625","6179.947265625","","",""
"14050696","","","","","","","","","","6181.26318359375","6181.26318359375","6181.26318359375","","",""
"14055304","5414.5634765625","5414.5634765625","5414.5634765625","","","","","","","","","","","",""
"14059144","5409.60693359375","5409.60693359375","5409.60693359375","","","","","","","","","","","",""
"14065544","","","","","","","6199.513671875","6199.513671875","6199.513671875","","","","","",""
"14071944","","","","","","","6176.13037109375","6176.13037109375","6176.13037109375","","","","","",""
"14073480","","","","","","","6176.3349609375","6176.3349609375","6176.3349609375","","","","","",""
"14081672","","","","","","","6172.78369140625","6172.78369140625","6172.78369140625","","","","","",""
"14085000","5476.28369140625","5476.28369140625","5476.28369140625","5701.658203125","5701.658203125","5701.658203125","6260.38232421875","6260.38232421875","6260.38232421875","6227.3125","6227.3125","6227.3125","5663.9169921875","5663.9169921875","5663.9169921875"
"14143112","5429.65283203125","5429.65283203125","5429.65283203125","","","","","","","","","","","",""
"14150792","","","","","","","6210.525390625","6210.525390625","6210.525390625","","","","","",""
"14157192","","","","","","","6162.853515625","6162.853515625","6162.853515625","","","","","",""
"14160520","","","","","","","6115.40380859375","6115.40380859375","6115.40380859375","","","","","",""
"14183304","","","","","","","6074.3955078125","6074.3955078125","6074.3955078125","","","","","",""
"14185864","","","","","","","6036.31787109375","6036.31787109375","6036.31787109375","","","","","",""
"14190728","","","","","","","","","","6189.44287109375","6189.44287109375","6189.44287109375","","",""
"14230920","","","","","","","","","","6159.4462890625","6159.4462890625","6159.4462890625","","",""
"14245256","","","","5679.76171875","5679.76171875","5679.76171875","","","","","","","","",""
"14247048","","","","","","","6010.6943359375","6010.6943359375","6010.6943359375","","","","","",""
"14253448","","","","","","","5987.98779296875","5987.98779296875","5987.98779296875","","","","","",""
"14273160","","","","","","","5972.1796875","5972.1796875","5972.1796875","","","","","",""
"14276232","","","","","","","5956.6708984375","5956.6708984375","5956.6708984375","","","","","",""
"14277512","","","","","","","5941.68408203125","5941.68408203125","5941.68408203125","","","","","",""
"14341000","5511.1416015625","5511.1416015625","5511.1416015625","5717.2548828125","5717.2548828125","5717.2548828125","6252.4072265625","6252.4072265625","6252.4072265625","6272.40673828125","6272.40673828125","6272.40673828125","5693.7109375","5693.7109375","5693.7109375"
"14357128","5457.2802734375","5457.2802734375","5457.2802734375","","","","","","","","","","","",""
"14372744","5404.25048828125","5404.25048828125","5404.25048828125","","","","","","","","","","","",""
"14399112","5405.38720703125","5405.38720703125","5405.38720703125","","","","","","","","","","","",""
"14400136","","","","","","","6241.8955078125","6241.8955078125","6241.8955078125","","","","","",""
"14406792","","","","","","","6243.16845703125","6243.16845703125","6243.16845703125","","","","","",""
"14413192","","","","","","","6243.3671875","6243.3671875","6243.3671875","","","","","",""
"14415496","5363.580078125","5363.580078125","5363.580078125","","","","","","","","","","","",""
"14417544","5322.43505859375","5322.43505859375","5322.43505859375","","","","","","","","","","","",""
"14439304","","","","","","","6243.7587890625","6243.7587890625","6243.7587890625","","","","","",""
"14441864","","","","","","","6239.529296875","6239.529296875","6239.529296875","","","","","",""
"14446728","","","","","","","","","","6272.482421875","6272.482421875","6272.482421875","","",""
"14486920","","","","","","","","","","6272.3115234375","6272.3115234375","6272.3115234375","","",""
"14501256","","","","5718.294921875","5718.294921875","5718.294921875","","","","","","","","",""
"14503048","","","","","","","6240.4091796875","6240.4091796875","6240.4091796875","","","","","",""
"14509448","","","","","","","6241.66845703125","6241.66845703125","6241.66845703125","","","","","",""
"14529160","","","","","","","6242.322265625","6242.322265625","6242.322265625","","","","","",""
"14532232","","","","","","","6227.263671875","6227.263671875","6227.263671875","","","","","",""
"14533512","","","","","","","6228.11669921875","6228.11669921875","6228.11669921875","","","","","",""
"14588040","","","","","","","","","","","","","5687.26611328125","5687.26611328125","5687.26611328125"
"14597000","5614.87841796875","5614.87841796875","5614.87841796875","5776.23046875","5776.23046875","5776.23046875","6305.189453125","6305.189453125","6305.189453125","6252.20166015625","6252.20166015625","6252.20166015625","5716.2255859375","5716.2255859375","5716.2255859375"
"14613128","5614.453125","5614.453125","5614.453125","","","","","","","","","","","",""
"14628744","5613.09912109375","5613.09912109375","5613.09912109375","","","","","","","","","","","",""
"14655112","5610.78125","5610.78125","5610.78125","","","","","","","","","","","",""
"14656136","","","","","","","6305.88037109375","6305.88037109375","6305.88037109375","","","","","",""
"14662792","","","","","","","6305.1787109375","6305.1787109375","6305.1787109375","","","","","",""
"14669192","5568.0654296875","5568.0654296875","5568.0654296875","","","","6306.05615234375","6306.05615234375","6306.05615234375","","","","","",""
"14669960","","","","","","","","","","6203.1455078125","6203.1455078125","6203.1455078125","","",""
"14671496","5568.9248046875","5568.9248046875","5568.9248046875","","","","","","","","","","","",""
"14673032","5526.99560546875","5526.99560546875","5526.99560546875","","","","","","","","","","","",""
"14673544","5525.205078125","5525.205078125","5525.205078125","","","","","","","","","","","",""
"14695304","","","","","","","6306.19775390625","6306.19775390625","6306.19775390625","","","","","",""
"14697864","","","","","","","6302.9208984375","6302.9208984375","6302.9208984375","","","","","",""
"14702728","","","","5738.16943359375","5738.16943359375","5738.16943359375","","","","6204.5791015625","6204.5791015625","6204.5791015625","","",""
"14711432","","","","","","","","","","6166.71337890625","6166.71337890625","6166.71337890625","","",""
"14713480","","","","5703.47412109375","5703.47412109375","5703.47412109375","","","","","","","","",""
"14742920","","","","","","","","","","6168.451171875","6168.451171875","6168.451171875","","",""
"14757256","","","","5703.88916015625","5703.88916015625","5703.88916015625","","","","","","","","",""
"14759048","","","","","","","6301.232421875","6301.232421875","6301.232421875","","","","","",""
"14761096","","","","5679.5224609375","5679.5224609375","5679.5224609375","","","","","","","","",""
"14763144","","","","5649.2333984375","5649.2333984375","5649.2333984375","","","","","","","","",""
"14765448","","","","","","","6301.28857421875","6301.28857421875","6301.28857421875","","","","","",""
"14774664","5505.10791015625","5505.10791015625","5505.10791015625","","","","","","","","","","","",""
"14779016","5488.23486328125","5488.23486328125","5488.23486328125","","","","","","","","","","","",""
"14785160","","","","","","","6301.13427734375","6301.13427734375","6301.13427734375","","","","","",""
"14788232","","","","","","","6302.13525390625","6302.13525390625","6302.13525390625","","","","","",""
"14789512","","","","","","","6302.419921875","6302.419921875","6302.419921875","","","","","",""
"14797960","","","","5638.08056640625","5638.08056640625","5638.08056640625","","","","","","","","",""
"14840456","","","","","","","6298.779296875","6298.779296875","6298.779296875","","","","","",""
"14844040","","","","","","","","","","","","","5716.5244140625","5716.5244140625","5716.5244140625"
"14848904","","","","","","","","","","6163.65283203125","6163.65283203125","6163.65283203125","","",""
"14853000","5556.306640625","5556.306640625","5556.306640625","5832.20361328125","5832.20361328125","5832.20361328125","6305.59033203125","6305.59033203125","6305.59033203125","6282.8154296875","6282.8154296875","6282.8154296875","5707.30615234375","5707.30615234375","5707.30615234375"
"14868872","","","","","","","6243.7578125","6243.7578125","6243.7578125","","","","","",""
"14869128","5557.35107421875","5557.35107421875","5557.35107421875","","","","","","","","","","","",""
"14884744","5556.19091796875","5556.19091796875","5556.19091796875","","","","","","","","","","","",""
"14902664","","","","","","","","","","","","","5654.447265625","5654.447265625","5654.447265625"
"14911112","5557.10986328125","5557.10986328125","5557.10986328125","","","","","","","","","","","",""
"14912136","","","","","","","6244.7978515625","6244.7978515625","6244.7978515625","","","","","",""
"14918792","","","","","","","6245.654296875","6245.654296875","6245.654296875","","","","","",""
"14920328","","","","","","","","","","6230.80322265625","6230.80322265625","6230.80322265625","","",""
"14925192","5558.73779296875","5558.73779296875","5558.73779296875","","","","6246.78125","6246.78125","6246.78125","","","","","",""
"14925960","","","","","","","","","","6231.8623046875","6231.8623046875","6231.8623046875","","",""
"14927496","5559.267578125","5559.267578125","5559.267578125","","","","","","","","","","","",""
"14929032","5560.6259765625","5560.6259765625","5560.6259765625","","","","","","","","","","","",""
"14929544","5560.634765625","5560.634765625","5560.634765625","","","","","","","","","","","",""
"14945160","5522.66357421875","5522.66357421875","5522.66357421875","","","","","","","6186.8037109375","6186.8037109375","6186.8037109375","","",""
"14945672","","","","","","","6199.46240234375","6199.46240234375","6199.46240234375","","","","","",""
"14951304","","","","","","","6200.572265625","6200.572265625","6200.572265625","","","","","",""
"14952584","","","","","","","","","","6144.1962890625","6144.1962890625","6144.1962890625","","",""
"14953864","","","","","","","6201.24169921875","6201.24169921875","6201.24169921875","","","","","",""
"14958728","","","","5832.111328125","5832.111328125","5832.111328125","","","","6144.6416015625","6144.6416015625","6144.6416015625","","",""
"14967432","","","","","","","","","","6145.52880859375","6145.52880859375","6145.52880859375","","",""
"14969480","","","","5831.9208984375","5831.9208984375","5831.9208984375","","","","","","","","",""
"14976648","","","","","","","","","","6109.3935546875","6109.3935546875","6109.3935546875","","",""
"14989704","5494.87939453125","5494.87939453125","5494.87939453125","","","","","","","","","","","",""
"14998920","","","","","","","","","","6111.998046875","6111.998046875","6111.998046875","","",""
"15008392","5490.484375","5490.484375","5490.484375","","","","","","","","","","","",""
"15013256","","","","5832.837890625","5832.837890625","5832.837890625","","","","","","","","",""
"15013768","","","","","","","","","","6086.591796875","6086.591796875","6086.591796875","","",""
"15014536","","","","","","","6173.94384765625","6173.94384765625","6173.94384765625","","","","","",""
"15015048","","","","","","","6175.8193359375","6175.8193359375","6175.8193359375","","","","","",""
"15017096","","","","5833.85302734375","5833.85302734375","5833.85302734375","","","","","","","","",""
"15017352","","","","","","","","","","6059.0986328125","6059.0986328125","6059.0986328125","","",""
"15019144","","","","5834.79296875","5834.79296875","5834.79296875","","","","","","","","",""
"15021448","","","","","","","6175.8955078125","6175.8955078125","6175.8955078125","","","","","",""
"15035016","5491.33056640625","5491.33056640625","5491.33056640625","","","","","","","","","","","",""
"15041160","","","","","","","6177.4443359375","6177.4443359375","6177.4443359375","","","","","",""
"15044232","","","","","","","6178.7568359375","6178.7568359375","6178.7568359375","","","","","",""
"15045512","","","","","","","6178.80224609375","6178.80224609375","6178.80224609375","","","","","",""
"15049352","","","","","","","6164.5361328125","6164.5361328125","6164.5361328125","","","","","",""
"15053960","","","","5836.87939453125","5836.87939453125","5836.87939453125","","","","","","","","",""
"15059848","","","","","","","6152.7744140625","6152.7744140625","6152.7744140625","","","","","",""
"15065736","","","","","","","6141.2578125","6141.2578125","6141.2578125","","","","","",""
"15071880","","","","","","","6130.890625","6130.890625","6130.890625","","","","","",""
"15075464","","","","","","","6121.19384765625","6121.19384765625","6121.19384765625","","","","","",""
"15085448","","","","","","","6113.4912109375","6113.4912109375","6113.4912109375","","","","","",""
"15096456","","","","","","","6111.7060546875","6111.7060546875","6111.7060546875","","","","","",""
"15100040","","","","","","","","","","","","","5655.10498046875","5655.10498046875","5655.10498046875"
"15104904","","","","","","","","","","6061.4619140625","6061.4619140625","6061.4619140625","","",""
"15109000","5668.90185546875","5668.90185546875","5668.90185546875","5863.8671875","5863.8671875","5863.8671875","6251.17724609375","6251.17724609375","6251.17724609375","6286.75244140625","6286.75244140625","6286.75244140625","5719.18310546875","5719.18310546875","5719.18310546875"
"15124104","","","","","","","","","","","","","5663.60302734375","5663.60302734375","5663.60302734375"
"15124872","","","","","","","6251.9521484375","6251.9521484375","6251.9521484375","","","","","",""
"15125128","5668.06298828125","5668.06298828125","5668.06298828125","","","","","","","","","","","",""
"15140744","5667.982421875","5667.982421875","5667.982421875","","","","","","","","","","","",""
"15158664","","","","","","","","","","","","","5664.8056640625","5664.8056640625","5664.8056640625"
"15167112","5668.4228515625","5668.4228515625","5668.4228515625","","","","","","","","","","","",""
"15168136","","","","","","","6252.82275390625","6252.82275390625","6252.82275390625","","","","","",""
"15169928","","","","","","","6196.76220703125","6196.76220703125","6196.76220703125","","","","","",""
"15174792","","","","","","","6198.20556640625","6198.20556640625","6198.20556640625","","","","","",""
"15176328","","","","","","","","","","6287.34228515625","6287.34228515625","6287.34228515625","","",""
"15181192","5668.65966796875","5668.65966796875","5668.65966796875","","","","6199.38720703125","6199.38720703125","6199.38720703125","","","","","",""
"15181960","","","","","","","","","","6287.56005859375","6287.56005859375","6287.56005859375","","",""
"15183496","5668.34033203125","5668.34033203125","5668.34033203125","","","","","","","","","","","",""
"15185032","5668.326171875","5668.326171875","5668.326171875","","","","","","","","","","","",""
"15185544","5669.01904296875","5669.01904296875","5669.01904296875","","","","","","","","","","","",""
"15188616","","","","","","","6152.853515625","6152.853515625","6152.853515625","","","","","",""
"15190664","","","","5820.353515625","5820.353515625","5820.353515625","","","","","","","","",""
"15201160","5670.36181640625","5670.36181640625","5670.36181640625","","","","","","","6287.9296875","6287.9296875","6287.9296875","","",""
"15201672","","","","","","","6153.13232421875","6153.13232421875","6153.13232421875","","","","","",""
"15207304","","","","","","","6155.2392578125","6155.2392578125","6155.2392578125","","","","","",""
"15208584","","","","","","","","","","6288.95361328125","6288.95361328125","6288.95361328125","","",""
"15209864","","","","","","","6156.267578125","6156.267578125","6156.267578125","","","","","",""
"15214728","","","","5820.013671875","5820.013671875","5820.013671875","","","","6289.328125","6289.328125","6289.328125","","",""
"15223432","","","","","","","","","","6289.52099609375","6289.52099609375","6289.52099609375","","",""
"15225480","","","","5821.5166015625","5821.5166015625","5821.5166015625","","","","","","","","",""
"15228040","","","","","","","6121.3984375","6121.3984375","6121.3984375","","","","","",""
"15228552","","","","","","","","","","","","","5631.494140625","5631.494140625","5631.494140625"
"15231624","","","","5786.634765625","5786.634765625","5786.634765625","","","","","","","","",""
"15232648","","","","","","","","","","6289.88916015625","6289.88916015625","6289.88916015625","","",""
"15238536","","","","","","","6089.7412109375","6089.7412109375","6089.7412109375","","","","","",""
"15245704","5668.78466796875","5668.78466796875","5668.78466796875","","","","","","","","","","","",""
"15254920","","","","","","","","","","6291.1611328125","6291.1611328125","6291.1611328125","","",""
"15264392","5668.35498046875","5668.35498046875","5668.35498046875","","","","","","","","","","","",""
"15269256","","","","5789.50439453125","5789.50439453125","5789.50439453125","","","","","","","","",""
"15269768","","","","","","","","","","6291.80859375","6291.80859375","6291.80859375","","",""
"15270536","","","","","","","6092.654296875","6092.654296875","6092.654296875","","","","","",""
"15271048","","","","","","","6095.32666015625","6095.32666015625","6095.32666015625","","","","","",""
"15273096","","","","5789.9462890625","5789.9462890625","5789.9462890625","","","","","","","","",""
"15273352","","","","","","","","","","6292.375","6292.375","6292.375","","",""
"15275144","","","","5792.79931640625","5792.79931640625","5792.79931640625","","","","","","","","",""
"15277448","","","","","","","6096.09423828125","6096.09423828125","6096.09423828125","","","","","",""
"15281288","5648.6015625","5648.6015625","5648.6015625","","","","","","","","","","","",""
"15291016","5649.3291015625","5649.3291015625","5649.3291015625","","","","","","","","","","","",""
"15297160","","","","","","","6093.533203125","6093.533203125","6093.533203125","","","","","",""
"15300232","","","","","","","6098.59375","6098.59375","6098.59375","","","","","",""
"15301512","","","","","","","6101.0771484375","6101.0771484375","6101.0771484375","","","","","",""
"15305352","","","","","","","6104.4375","6104.4375","6104.4375","","","","","",""
"15306888","","","","","","","","","","","","","5613.3740234375","5613.3740234375","5613.3740234375"
"15309960","","","","5795.3740234375","5795.3740234375","5795.3740234375","","","","","","","","",""
"15315848","","","","","","","6107.69091796875","6107.69091796875","6107.69091796875","","","","","",""
"15321736","","","","","","","6110.7841796875","6110.7841796875","6110.7841796875","","","","","",""
"15327880","","","","","","","6113.6171875","6113.6171875","6113.6171875","","","","","",""
"15328136","","","","","","","6104.61279296875","6104.61279296875","6104.61279296875","","","","","",""
"15331464","","","","","","","6107.2705078125","6107.2705078125","6107.2705078125","","","","","",""
"15341448","","","","","","","6106.2265625","6106.2265625","6106.2265625","","","","","",""
"15352456","","","","","","","6108.96240234375","6108.96240234375","6108.96240234375","","","","","",""
"15356040","","","","","","","","","","","","","5614.3505859375","5614.3505859375","5614.3505859375"
"15360904","","","","","","","","","","6292.72900390625","6292.72900390625","6292.72900390625","","",""
"15365000","5717.447265625","5717.447265625","5717.447265625","5951.99609375","5951.99609375","5951.99609375","6315.81005859375","6315.81005859375","6315.81005859375","6329.6279296875","6329.6279296875","6329.6279296875","5691.21435546875","5691.21435546875","5691.21435546875"
"15381128","","","","","","","6254.13720703125","6254.13720703125","6254.13720703125","","","","","",""
"15445896","","","","","","","6207.58837890625","6207.58837890625","6207.58837890625","","","","","",""
"15471752","5681.10693359375","5681.10693359375","5681.10693359375","","","","","","","","","","","",""
"15479176","","","","","","","6171.87744140625","6171.87744140625","6171.87744140625","","","","","",""
"15492232","5652.12744140625","5652.12744140625","5652.12744140625","","","","","","","","","","","",""
"15496328","5621.03173828125","5621.03173828125","5621.03173828125","","","","","","","","","","","",""
"15497096","5592.6181640625","5592.6181640625","5592.6181640625","","","","","","","","","","","",""
"15501704","","","","","","","","","","","","","5661.57568359375","5661.57568359375","5661.57568359375"
"15506568","","","","5919.99365234375","5919.99365234375","5919.99365234375","","","","","","","","",""
"15510408","","","","","","","6144.138671875","6144.138671875","6144.138671875","","","","","",""
"15529352","","","","","","","6117.99755859375","6117.99755859375","6117.99755859375","","","","","",""
"15529864","","","","","","","","","","","","","5640.1826171875","5640.1826171875","5640.1826171875"
"15534728","","","","","","","","","","6305.13916015625","6305.13916015625","6305.13916015625","","",""
"15537800","","","","","","","6096.3662109375","6096.3662109375","6096.3662109375","","","","","",""
"15546504","5576.4736328125","5576.4736328125","5576.4736328125","","","","","","","","","","","",""
"15550088","5561.14306640625","5561.14306640625","5561.14306640625","","","","","","","","","","","",""
"15621000","5869.376953125","5869.376953125","5869.376953125","6043.13232421875","6043.13232421875","6043.13232421875","6312.197265625","6312.197265625","6312.197265625","6358.29931640625","6358.29931640625","6358.29931640625","5790.48046875","5790.48046875","5790.48046875"
"15637128","","","","","","","6312.34423828125","6312.34423828125","6312.34423828125","","","","","",""
"15642760","","","","5984.46875","5984.46875","5984.46875","","","","","","","","",""
"15647624","","","","","","","6252.18310546875","6252.18310546875","6252.18310546875","","","","","",""
"15681672","","","","5934.814453125","5934.814453125","5934.814453125","","","","","","","","",""
"15688328","5818.72900390625","5818.72900390625","5818.72900390625","","","","","","","","","","","",""
"15701896","","","","","","","6251.54052734375","6251.54052734375","6251.54052734375","","","","","",""
"15703176","","","","","","","","","","6310.1474609375","6310.1474609375","6310.1474609375","","",""
"15705480","","","","","","","","","","6262.83056640625","6262.83056640625","6262.83056640625","","",""
"15713928","5779.529296875","5779.529296875","5779.529296875","","","","","","","","","","","",""
"15719816","5740.619140625","5740.619140625","5740.619140625","","","","","","","","","","","",""
"15727752","5741.638671875","5741.638671875","5741.638671875","","","","","","","","","","","",""
"15731592","5706.52099609375","5706.52099609375","5706.52099609375","","","","","","","","","","","",""
"15735176","","","","","","","6252.72998046875","6252.72998046875","6252.72998046875","","","","","",""
"15748232","5709.14501953125","5709.14501953125","5709.14501953125","","","","","","","","","","","",""
"15752328","5711.22900390625","5711.22900390625","5711.22900390625","","","","","","","","","","","",""
"15753096","5713.14404296875","5713.14404296875","5713.14404296875","","","","","","","","","","","",""
"15757704","","","","","","","","","","","","","5791.01611328125","5791.01611328125","5791.01611328125"
"15762568","","","","5936.3134765625","5936.3134765625","5936.3134765625","","","","","","","","",""
"15765896","","","","","","","6223.5517578125","6223.5517578125","6223.5517578125","","","","","",""
"15766408","","","","","","","6226.38427734375","6226.38427734375","6226.38427734375","","","","","",""
"15785352","","","","","","","6228.94921875","6228.94921875","6228.94921875","","","","","",""
"15785864","","","","","","","","","","","","","5792.41650390625","5792.41650390625","5792.41650390625"
"15790728","","","","","","","","","","6263.15087890625","6263.15087890625","6263.15087890625","","",""
"15793800","","","","","","","6230.63037109375","6230.63037109375","6230.63037109375","","","","","",""
"15802504","5714.56591796875","5714.56591796875","5714.56591796875","","","","","","","","","","","",""
"15806088","5715.25048828125","5715.25048828125","5715.25048828125","","","","","","","","","","","",""
"15822728","","","","","","","","","","","","","5780.0068359375","5780.0068359375","5780.0068359375"
"15840904","","","","","","","","","","6252.53662109375","6252.53662109375","6252.53662109375","","",""
"15868296","","","","","","","","","","6246.3154296875","6246.3154296875","6246.3154296875","","",""
"15877000","5863.90673828125","5863.90673828125","5863.90673828125","6057.19091796875","6057.19091796875","6057.19091796875","6417.4306640625","6417.4306640625","6417.4306640625","6320.1337890625","6320.1337890625","6320.1337890625","5801.85107421875","5801.85107421875","5801.85107421875"
"15893128","","","","","","","6417.67626953125","6417.67626953125","6417.67626953125","","","","","",""
"15898760","","","","6056.21337890625","6056.21337890625","6056.21337890625","","","","","","","","",""
"15903624","","","","","","","6417.27685546875","6417.27685546875","6417.27685546875","","","","","",""
"15909000","5809.0078125","5809.0078125","5809.0078125","","","","","","","","","","","",""
"15909256","5755.39306640625","5755.39306640625","5755.39306640625","","","","","","","","","","","",""
"15911560","","","","","","","6356.712890625","6356.712890625","6356.712890625","","","","","",""
"15937672","","","","6057.25634765625","6057.25634765625","6057.25634765625","","","","","","","","",""
"15944328","5757.1123046875","5757.1123046875","5757.1123046875","","","","","","","","","","","",""
"15957896","","","","","","","6354.93994140625","6354.93994140625","6354.93994140625","","","","","",""
"15959176","","","","","","","","","","6320.703125","6320.703125","6320.703125","","",""
"15961480","","","","","","","","","","6319.15966796875","6319.15966796875","6319.15966796875","","",""
"15969928","5758.9912109375","5758.9912109375","5758.9912109375","","","","","","","","","","","",""
"15975816","5758.76171875","5758.76171875","5758.76171875","","","","","","","","","","","",""
"15983752","5760.50341796875","5760.50341796875","5760.50341796875","","","","","","","","","","","",""
"15986824","","","","","","","","","","6277.86669921875","6277.86669921875","6277.86669921875","","",""
"15987592","5762.46435546875","5762.46435546875","5762.46435546875","","","","","","","","","","","",""
"15991176","","","","","","","6353.095703125","6353.095703125","6353.095703125","","","","","",""
"15999112","","","","","","","","","","6239.587890625","6239.587890625","6239.587890625","","",""
"16000904","","","","","","","","","","","","","5767.1298828125","5767.1298828125","5767.1298828125"
"16004232","5763.46337890625","5763.46337890625","5763.46337890625","","","","","","","","","","","",""
"16008328","5763.94677734375","5763.94677734375","5763.94677734375","","","","","","","","","","","",""
"16009096","5764.5810546875","5764.5810546875","5764.5810546875","","","","","","","","","","","",""
"16013448","","","","","","","","","","6204.52001953125","6204.52001953125","6204.52001953125","","",""
"16013704","","","","","","","","","","","","","5767.8427734375","5767.8427734375","5767.8427734375"
"16016008","","","","","","","","","","","","","5741.32421875","5741.32421875","5741.32421875"
"16018568","","","","6057.947265625","6057.947265625","6057.947265625","","","","","","","","",""
"16021896","","","","","","","6354.7548828125","6354.7548828125","6354.7548828125","","","","","",""
"16022408","","","","","","","6354.74755859375","6354.74755859375","6354.74755859375","","","","","",""
"16039048","","","","","","","","","","","","","5720.5859375","5720.5859375","5720.5859375"
"16041352","","","","","","","6354.7578125","6354.7578125","6354.7578125","","","","","",""
"16041864","","","","","","","","","","","","","5722.59716796875","5722.59716796875","5722.59716796875"
"16046728","","","","","","","","","","6206.015625","6206.015625","6206.015625","","",""
"16049800","","","","","","","6355.61474609375","6355.61474609375","6355.61474609375","","","","","",""
"16058504","5766.17529296875","5766.17529296875","5766.17529296875","","","","","","","","","","","",""
"16062088","5769.20068359375","5769.20068359375","5769.20068359375","","","","","","","","","","","",""
"16078728","","","","","","","","","","","","","5721.25244140625","5721.25244140625","5721.25244140625"
"16082824","","","","","","","","","","6189.69970703125","6189.69970703125","6189.69970703125","","",""
"16083848","","","","","","","","","","6172.37109375","6172.37109375","6172.37109375","","",""
"16085128","5755.98779296875","5755.98779296875","5755.98779296875","","","","","","","","","","","",""
"16096904","","","","","","","","","","6173.88232421875","6173.88232421875","6173.88232421875","","",""
"16124296","","","","","","","","","","6175.85595703125","6175.85595703125","6175.85595703125","","",""
"16133000","5895.77001953125","5895.77001953125","5895.77001953125","6099.1083984375","6099.1083984375","6099.1083984375","6223.1650390625","6223.1650390625","6223.1650390625","6300.19970703125","6300.19970703125","6300.19970703125","5891.68115234375","5891.68115234375","5891.68115234375"
"16149128","","","","","","","6223.17041015625","6223.17041015625","6223.17041015625","","","","","",""
"16154760","","","","6098.4130859375","6098.4130859375","6098.4130859375","","","","","","","","",""
"16159624","","","","","","","6223.10986328125","6223.10986328125","6223.10986328125","","","","","",""
"16165000","5896.3759765625","5896.3759765625","5896.3759765625","","","","","","","","","","","",""
"16165256","5896.49609375","5896.49609375","5896.49609375","","","","","","","","","","","",""
"16167560","","","","","","","6223.27734375","6223.27734375","6223.27734375","","","","","",""
"16175752","","","","","","","","","","","","","5840.2744140625","5840.2744140625","5840.2744140625"
"16193672","","","","6098.81005859375","6098.81005859375","6098.81005859375","","","","","","","","",""
"16197000","","","","","","","","","","","","","5793.5849609375","5793.5849609375","5793.5849609375"
"16200328","5896.1630859375","5896.1630859375","5896.1630859375","","","","","","","","","","","",""
"16213896","","","","","","","6222.345703125","6222.345703125","6222.345703125","","","","","",""
"16215176","5854.02587890625","5854.02587890625","5854.02587890625","","","","","","","6299.7119140625","6299.7119140625","6299.7119140625","","",""
"16216968","","","","","","","","","","","","","5753.99609375","5753.99609375","5753.99609375"
"16217480","","","","","","","","","","6299.87353515625","6299.87353515625","6299.87353515625","","",""
"16225928","5855.08740234375","5855.08740234375","5855.08740234375","","","","","","","","","","","",""
"16231816","5854.587890625","5854.587890625","5854.587890625","","","","","","","","","","","",""
"16239240","","","","","","","","","","","","","5718.2392578125","5718.2392578125","5718.2392578125"
"16239752","5855.51220703125","5855.51220703125","5855.51220703125","","","","","","","","","","","",""
"16242824","","","","","","","","","","6300.4892578125","6300.4892578125","6300.4892578125","","",""
"16243592","5856.94677734375","5856.94677734375","5856.94677734375","","","","","","","","","","","",""
"16244872","5822.18310546875","5822.18310546875","5822.18310546875","","","","","","","","","","","",""
"16247176","","","","","","","6222.11181640625","6222.11181640625","6222.11181640625","","","","","",""
"16255112","","","","","","","","","","6300.1171875","6300.1171875","6300.1171875","","",""
"16256904","","","","","","","","","","","","","5720.7529296875","5720.7529296875","5720.7529296875"
"16259976","5790.1142578125","5790.1142578125","5790.1142578125","","","","","","","","","","","",""
"16260232","5790.88134765625","5790.88134765625","5790.88134765625","","","","","","","","","","","",""
"16264328","5790.5966796875","5790.5966796875","5790.5966796875","","","","","","","","","","","",""
"16265096","5790.1640625","5790.1640625","5790.1640625","","","","","","","","","","","",""
"16266120","5758.76025390625","5758.76025390625","5758.76025390625","","","","","","","","","","","",""
"16268936","","","","","","","","","","","","","5690.634765625","5690.634765625","5690.634765625"
"16269448","","","","","","","","","","6301.1015625","6301.1015625","6301.1015625","","",""
"16269704","","","","","","","","","","","","","5695.3173828125","5695.3173828125","5695.3173828125"
"16272008","","","","","","","","","","","","","5696.67626953125","5696.67626953125","5696.67626953125"
"16274568","","","","6098.95068359375","6098.95068359375","6098.95068359375","","","","","","","","",""
"16275336","5731.32666015625","5731.32666015625","5731.32666015625","","","","","","","","","","","",""
"16277896","","","","","","","6222.52490234375","6222.52490234375","6222.52490234375","","","","","",""
"16278408","","","","","","","6222.2509765625","6222.2509765625","6222.2509765625","","","","","",""
"16295048","","","","","","","","","","","","","5700.86865234375","5700.86865234375","5700.86865234375"
"16297352","","","","","","","6222.509765625","6222.509765625","6222.509765625","","","","","",""
"16297864","","","","","","","","","","","","","5704.36474609375","5704.36474609375","5704.36474609375"
"16302728","","","","","","","","","","6301.5830078125","6301.5830078125","6301.5830078125","","",""
"16304008","5709.73876953125","5709.73876953125","5709.73876953125","","","","","","","","","","","",""
"16305800","","","","","","","6222.64306640625","6222.64306640625","6222.64306640625","","","","","",""
"16314504","5711.95947265625","5711.95947265625","5711.95947265625","","","","","","","","","","","",""
"16318088","5714.72412109375","5714.72412109375","5714.72412109375","","","","","","","","","","","",""
"16328072","","","","","","","6207.150390625","6207.150390625","6207.150390625","","","","","",""
"16334728","","","","","","","","","","","","","5707.951171875","5707.951171875","5707.951171875"
"16338824","","","","","","","","","","6301.0869140625","6301.0869140625","6301.0869140625","","",""
"16339848","","","","","","","","","","6301.2978515625","6301.2978515625","6301.2978515625","","",""
"16341128","5717.47509765625","5717.47509765625","5717.47509765625","","","","","","","","","","","",""
"16352904","","","","","","","","","","6301.55712890625","6301.55712890625","6301.55712890625","","",""
"16371592","","","","","","","","","","6294.7021484375","6294.7021484375","6294.7021484375","","",""
"16380296","","","","","","","","","","6295.01025390625","6295.01025390625","6295.01025390625","","",""
"16389000","5928.05029296875","5928.05029296875","5928.05029296875","6140.5654296875","6140.5654296875","6140.5654296875","6409.2548828125","6409.2548828125","6409.2548828125","6322.1728515625","6322.1728515625","6322.1728515625","5944.38916015625","5944.38916015625","5944.38916015625"
"16405128","","","","","","","6409.84423828125","6409.84423828125","6409.84423828125","","","","","",""
"16410760","","","","6141.80126953125","6141.80126953125","6141.80126953125","","","","","","","","",""
"16415624","","","","","","","6409.7734375","6409.7734375","6409.7734375","","","","","",""
"16421000","5928.13671875","5928.13671875","5928.13671875","","","","","","","","","","","",""
"16421256","5929.52490234375","5929.52490234375","5929.52490234375","","","","","","","","","","","",""
"16423560","","","","","","","6410.2080078125","6410.2080078125","6410.2080078125","","","","","",""
"16431752","","","","","","","","","","","","","5946.51220703125","5946.51220703125","5946.51220703125"
"16437640","5877.4677734375","5877.4677734375","5877.4677734375","","","","","","","","","","","",""
"16449672","","","","6142.19189453125","6142.19189453125","6142.19189453125","","","","","","","","",""
"16453000","","","","","","","","","","","","","5947.91357421875","5947.91357421875","5947.91357421875"
"16456328","5878.05908203125","5878.05908203125","5878.05908203125","","","","","","","","","","","",""
"16462728","","","","6094.43408203125","6094.43408203125","6094.43408203125","","","","","","","","",""
"16469896","","","","","","","6411.33837890625","6411.33837890625","6411.33837890625","","","","","",""
"16471176","5879.06005859375","5879.06005859375","5879.06005859375","","","","","","","6321.99462890625","6321.99462890625","6321.99462890625","","",""
"16471944","5836.81884765625","5836.81884765625","5836.81884765625","","","","","","","","","","","",""
"16472968","","","","","","","","","","","","","5949.33935546875","5949.33935546875","5949.33935546875"
"16473480","","","","","","","","","","6322.541015625","6322.541015625","6322.541015625","","",""
"16477064","","","","","","","","","","","","","5905.25732421875","5905.25732421875","5905.25732421875"
"16481928","5838.9052734375","5838.9052734375","5838.9052734375","","","","","","","","","","","",""
"16487816","5836.96435546875","5836.96435546875","5836.96435546875","","","","","","","","","","","",""
"16495240","","","","","","","","","","","","","5906.22607421875","5906.22607421875","5906.22607421875"
"16495752","5838.42041015625","5838.42041015625","5838.42041015625","","","","","","","","","","","",""
"16498824","","","","","","","","","","6323.2080078125","6323.2080078125","6323.2080078125","","",""
"16499592","5839.56787109375","5839.56787109375","5839.56787109375","","","","","","","","","","","",""
"16500872","5841.6337890625","5841.6337890625","5841.6337890625","","","","","","","","","","","",""
"16503176","","","","","","","6411.05126953125","6411.05126953125","6411.05126953125","","","","","",""
"16511112","","","","","","","","","","6323.89501953125","6323.89501953125","6323.89501953125","","",""
"16512904","","","","","","","","","","","","","5907.60009765625","5907.60009765625","5907.60009765625"
"16515976","5843.52490234375","5843.52490234375","5843.52490234375","","","","","","","","","","","",""
"16516232","5843.6435546875","5843.6435546875","5843.6435546875","","","","","","","","","","","",""
"16520328","5843.5390625","5843.5390625","5843.5390625","","","","","","","","","","","",""
"16521096","5845.61279296875","5845.61279296875","5845.61279296875","","","","","","","","","","","",""
"16522120","5845.3603515625","5845.3603515625","5845.3603515625","","","","","","","","","","","",""
"16524936","","","","","","","","","","","","","5909.248046875","5909.248046875","5909.248046875"
"16525448","","","","","","","","","","6322.59130859375","6322.59130859375","6322.59130859375","","",""
"16525704","","","","","","","","","","","","","5910.8623046875","5910.8623046875","5910.8623046875"
"16528008","","","","","","","","","","","","","5912.47216796875","5912.47216796875","5912.47216796875"
"16530568","","","","6094.36279296875","6094.36279296875","6094.36279296875","","","","","","","","",""
"16531336","5847.6474609375","5847.6474609375","5847.6474609375","","","","","","","","","","","",""
"16533896","","","","","","","6411.65283203125","6411.65283203125","6411.65283203125","","","","","",""
"16534408","","","","","","","6412.98779296875","6412.98779296875","6412.98779296875","","","","","",""
"16551048","","","","","","","","","","","","","5914.17724609375","5914.17724609375","5914.17724609375"
"16553352","","","","","","","6414.04052734375","6414.04052734375","6414.04052734375","","","","","",""
"16553864","","","","","","","","","","","","","5914.65234375","5914.65234375","5914.65234375"
"16558728","","","","","","","","","","6322.8662109375","6322.8662109375","6322.8662109375","","",""
"16560008","5849.8623046875","5849.8623046875","5849.8623046875","","","","","","","","","","","",""
"16561800","","","","","","","6415.05126953125","6415.05126953125","6415.05126953125","","","","","",""
"16570504","5851.59033203125","5851.59033203125","5851.59033203125","","","","","","","","","","","",""
"16574088","5853.64990234375","5853.64990234375","5853.64990234375","","","","","","","","","","","",""
"16584072","","","","","","","6416.08056640625","6416.08056640625","6416.08056640625","","","","","",""
"16590728","","","","","","","","","","","","","5914.96923828125","5914.96923828125","5914.96923828125"
"16594824","","","","","","","","","","6323.8623046875","6323.8623046875","6323.8623046875","","",""
"16595848","","","","","","","","","","6324.6171875","6324.6171875","6324.6171875","","",""
"16597128","5853.8740234375","5853.8740234375","5853.8740234375","","","","","","","","","","","",""
"16598152","","","","","","","","","","6308.51171875","6308.51171875","6308.51171875","","",""
"16608904","","","","","","","","","","6308.86572265625","6308.86572265625","6308.86572265625","","",""
"16612232","","","","","","","","","","","","","5906.8203125","5906.8203125","5906.8203125"
"16627592","","","","","","","","","","6308.75341796875","6308.75341796875","6308.75341796875","","",""
"16636296","","","","","","","","","","6309.2568359375","6309.2568359375","6309.2568359375","","",""
"16645000","5968.166015625","5968.166015625","5968.166015625","6113.61474609375","6113.61474609375","6113.61474609375","6542.58740234375","6542.58740234375","6542.58740234375","6346.26025390625","6346.26025390625","6346.26025390625","6073.7197265625","6073.7197265625","6073.7197265625"
"16664968","5910.3671875","5910.3671875","5910.3671875","","","","","","","","","","","",""
"16665224","5852.7861328125","5852.7861328125","5852.7861328125","","","","","","","","","","","",""
"16699272","","","","","","","","","","","","","6021.14111328125","6021.14111328125","6021.14111328125"
"16746632","5815.5244140625","5815.5244140625","5815.5244140625","","","","","","","","","","","",""
"16757640","","","","","","","","","","","","","5984.39501953125","5984.39501953125","5984.39501953125"
"16859272","","","","","","","","","","","","","5974.66357421875","5974.66357421875","5974.66357421875"
"16887944","5809.720703125","5809.720703125","5809.720703125","","","","","","","","","","","",""
"16901000","5999.5654296875","5999.5654296875","5999.5654296875","6139.05224609375","6139.05224609375","6139.05224609375","6593.33837890625","6593.33837890625","6593.33837890625","6366.759765625","6366.759765625","6366.759765625","6127.6474609375","6127.6474609375","6127.6474609375"
"16920968","5999.7236328125","5999.7236328125","5999.7236328125","","","","","","","","","","","",""
"16921224","5998.95556640625","5998.95556640625","5998.95556640625","","","","","","","","","","","",""
"16940424","","","","","","","","","","","","","6072.8955078125","6072.8955078125","6072.8955078125"
"16955272","","","","","","","","","","","","","6073.21435546875","6073.21435546875","6073.21435546875"
"16973704","","","","","","","","","","","","","6022.2392578125","6022.2392578125","6022.2392578125"
"16996488","","","","6092.97900390625","6092.97900390625","6092.97900390625","","","","","","","","",""
"17002632","5999.3486328125","5999.3486328125","5999.3486328125","","","","","","","","","","","",""
"17013640","","","","","","","","","","","","","6025.63916015625","6025.63916015625","6025.63916015625"
"17033352","","","","","","","","","","","","","5993.181640625","5993.181640625","5993.181640625"
"17055624","","","","","","","","","","","","","5953.376953125","5953.376953125","5953.376953125"
"17058440","","","","","","","","","","","","","5927.84130859375","5927.84130859375","5927.84130859375"
"17061256","","","","","","","","","","","","","5904.49365234375","5904.49365234375","5904.49365234375"
"17115272","","","","","","","","","","","","","5907.205078125","5907.205078125","5907.205078125"
"17143944","5998.65234375","5998.65234375","5998.65234375","","","","","","","","","","","",""
"17157000","5949.7021484375","5949.7021484375","5949.7021484375","6184.00537109375","6184.00537109375","6184.00537109375","6603.55224609375","6603.55224609375","6603.55224609375","6387.029296875","6387.029296875","6387.029296875","6123.40283203125","6123.40283203125","6123.40283203125"
"17176968","5951.423828125","5951.423828125","5951.423828125","","","","","","","","","","","",""
"17177224","5950.71044921875","5950.71044921875","5950.71044921875","","","","","","","","","","","",""
"17190536","","","","","","","6539.0556640625","6539.0556640625","6539.0556640625","","","","","",""
"17192072","","","","","","","6477.43115234375","6477.43115234375","6477.43115234375","","","","","",""
"17196424","","","","","","","","","","","","","6120.6083984375","6120.6083984375","6120.6083984375"
"17221256","","","","","","","6414.37744140625","6414.37744140625","6414.37744140625","","","","","",""
"17229704","","","","","","","","","","","","","6121.392578125","6121.392578125","6121.392578125"
"17252488","","","","6182.75634765625","6182.75634765625","6182.75634765625","","","","","","","","",""
"17256328","","","","6136.40966796875","6136.40966796875","6136.40966796875","","","","","","","","",""
"17258632","5952.2353515625","5952.2353515625","5952.2353515625","","","","","","","","","","","",""
"17269640","","","","","","","","","","","","","6120.64990234375","6120.64990234375","6120.64990234375"
"17289352","","","","","","","","","","","","","6120.8310546875","6120.8310546875","6120.8310546875"
"17303176","","","","","","","","","","","","","6089.4599609375","6089.4599609375","6089.4599609375"
"17311624","","","","","","","","","","","","","6087.859375","6087.859375","6087.859375"
"17314440","","","","","","","","","","","","","6087.02099609375","6087.02099609375","6087.02099609375"
"17317256","","","","","","","","","","","","","6088.4560546875","6088.4560546875","6088.4560546875"
"17371272","","","","","","","","","","","","","6090.35107421875","6090.35107421875","6090.35107421875"
"17399944","5952.66162109375","5952.66162109375","5952.66162109375","","","","","","","","","","","",""
"17411720","","","","","","","6414.9208984375","6414.9208984375","6414.9208984375","","","","","",""
"17413000","6040.2216796875","6040.2216796875","6040.2216796875","6172.046875","6172.046875","6172.046875","6636.06103515625","6636.06103515625","6636.06103515625","6399.4775390625","6399.4775390625","6399.4775390625","6185.2998046875","6185.2998046875","6185.2998046875"
"17432968","6039.71435546875","6039.71435546875","6039.71435546875","","","","","","","","","","","",""
"17433224","6034.142578125","6034.142578125","6034.142578125","","","","","","","","","","","",""
"17446536","","","","","","","6636.22607421875","6636.22607421875","6636.22607421875","","","","","",""
"17452424","","","","","","","","","","","","","6184.7802734375","6184.7802734375","6184.7802734375"
"17457032","","","","","","","6576.9287109375","6576.9287109375","6576.9287109375","","","","","",""
"17458312","","","","","","","6517.10595703125","6517.10595703125","6517.10595703125","","","","","",""
"17477256","","","","","","","6517.32275390625","6517.32275390625","6517.32275390625","","","","","",""
"17485704","","","","","","","","","","","","","6185.6787109375","6185.6787109375","6185.6787109375"
"17508488","","","","6172.45361328125","6172.45361328125","6172.45361328125","","","","","","","","",""
"17512328","","","","6172.6591796875","6172.6591796875","6172.6591796875","","","","","","","","",""
"17514632","6035.25048828125","6035.25048828125","6035.25048828125","","","","","","","","","","","",""
"17525640","","","","","","","","","","","","","6185.64111328125","6185.64111328125","6185.64111328125"
"17545352","","","","","","","","","","","","","6182.53857421875","6182.53857421875","6182.53857421875"
"17552520","","","","","","","","","","","","","6152.71923828125","6152.71923828125","6152.71923828125"
"17559176","","","","","","","","","","","","","6154.15087890625","6154.15087890625","6154.15087890625"
"17567624","","","","","","","","","","","","","6152.21630859375","6152.21630859375","6152.21630859375"
"17570440","","","","","","","","","","","","","6154.5205078125","6154.5205078125","6154.5205078125"
"17573256","","","","","","","","","","","","","6154.87744140625","6154.87744140625","6154.87744140625"
"17594248","","","","","","","","","","","","","6133.86962890625","6133.86962890625","6133.86962890625"
"17597064","","","","","","","","","","","","","6115.17041015625","6115.17041015625","6115.17041015625"
"17605256","","","","","","","","","","","","","6098.763671875","6098.763671875","6098.763671875"
"17621896","","","","","","","","","","","","","6050.1123046875","6050.1123046875","6050.1123046875"
"17627272","","","","","","","","","","","","","6051.37158203125","6051.37158203125","6051.37158203125"
"17642376","","","","6159.62841796875","6159.62841796875","6159.62841796875","","","","","","","","",""
"17646728","","","","","","","6507.62158203125","6507.62158203125","6507.62158203125","","","","","",""
"17655944","6032.99609375","6032.99609375","6032.99609375","","","","","","","","","","","",""
"17667720","","","","","","","6508.390625","6508.390625","6508.390625","","","","","",""
"17669000","6107.51904296875","6107.51904296875","6107.51904296875","6192.55322265625","6192.55322265625","6192.55322265625","6631.88037109375","6631.88037109375","6631.88037109375","6406.09130859375","6406.09130859375","6406.09130859375","6246.197265625","6246.197265625","6246.197265625"
"17688968","6107.34423828125","6107.34423828125","6107.34423828125","","","","","","","","","","","",""
"17689224","6106.33984375","6106.33984375","6106.33984375","","","","","","","","","","","",""
"17702536","","","","","","","6632.396484375","6632.396484375","6632.396484375","","","","","",""
"17708424","","","","","","","","","","","","","6248.0966796875","6248.0966796875","6248.0966796875"
"17713032","","","","","","","6633.4736328125","6633.4736328125","6633.4736328125","","","","","",""
"17714312","","","","","","","6633.92626953125","6633.92626953125","6633.92626953125","","","","","",""
"17723528","","","","6139.40478515625","6139.40478515625","6139.40478515625","","","","","","","","",""
"17733256","","","","","","","6634.73486328125","6634.73486328125","6634.73486328125","","","","","",""
"17741704","","","","","","","","","","","","","6246.71875","6246.71875","6246.71875"
"17764488","","","","6139.6005859375","6139.6005859375","6139.6005859375","","","","","","","","",""
"17768328","","","","6139.58544921875","6139.58544921875","6139.58544921875","","","","","","","","",""
"17770632","6107.1328125","6107.1328125","6107.1328125","","","","","","","","","","","",""
"17781640","","","","","","","","","","","","","6246.8828125","6246.8828125","6246.8828125"
"17808520","","","","","","","","","","","","","6247.65185546875","6247.65185546875","6247.65185546875"
"17815176","","","","","","","","","","","","","6248.84716796875","6248.84716796875","6248.84716796875"
"17823624","","","","","","","","","","","","","6249.189453125","6249.189453125","6249.189453125"
"17826440","","","","","","","","","","","","","6250.681640625","6250.681640625","6250.681640625"
"17829256","","","","","","","","","","","","","6250.03564453125","6250.03564453125","6250.03564453125"
"17850248","","","","","","","","","","","","","6249.4833984375","6249.4833984375","6249.4833984375"
"17853064","","","","","","","","","","","","","6246.2578125","6246.2578125","6246.2578125"
"17861256","","","","","","","","","","","","","6246.43798828125","6246.43798828125","6246.43798828125"
"17877896","","","","","","","","","","","","","6244.58837890625","6244.58837890625","6244.58837890625"
"17879176","","","","6120.11865234375","6120.11865234375","6120.11865234375","","","","","","","","",""
"17883272","","","","","","","","","","","","","6245.431640625","6245.431640625","6245.431640625"
"17898376","","","","6122.1787109375","6122.1787109375","6122.1787109375","","","","","","","","",""
"17899400","","","","","","","6625.87109375","6625.87109375","6625.87109375","","","","","",""
"17900424","6100.50537109375","6100.50537109375","6100.50537109375","","","","","","","","","","","",""
"17902728","","","","","","","6624.71533203125","6624.71533203125","6624.71533203125","","","","","",""
"17911944","6101.0087890625","6101.0087890625","6101.0087890625","","","","","","","","","","","",""
"17920136","","","","","","","","","","","","","6243.04150390625","6243.04150390625","6243.04150390625"
"17923720","","","","","","","6624.88818359375","6624.88818359375","6624.88818359375","","","","","",""
"17925000","6103.3056640625","6103.3056640625","6103.3056640625","6186.7509765625","6186.7509765625","6186.7509765625","6565.48095703125","6565.48095703125","6565.48095703125","6596.01171875","6596.01171875","6596.01171875","6253.76806640625","6253.76806640625","6253.76806640625"
"17965704","","","","","","","6503.1796875","6503.1796875","6503.1796875","","","","","",""
"18002824","","","","","","","","","","","","","6204.12548828125","6204.12548828125","6204.12548828125"
"18067336","","","","","","","6470.64794921875","6470.64794921875","6470.64794921875","","","","","",""
"18068360","","","","6154.1865234375","6154.1865234375","6154.1865234375","","","","","","","","",""
"18085000","","","","","","","6444.4521484375","6444.4521484375","6444.4521484375","","","","","",""
"18117000","","","","","","","6427.75634765625","6427.75634765625","6427.75634765625","","","","","",""
"18118536","","","","6133.2265625","6133.2265625","6133.2265625","","","","","","","","",""
"18129032","","","","","","","6414.43115234375","6414.43115234375","6414.43115234375","","","","","",""
"18166408","6092.60302734375","6092.60302734375","6092.60302734375","","","","","","","","","","","",""
"18181000","6123.267578125","6123.267578125","6123.267578125","6177.072265625","6177.072265625","6177.072265625","6579.98291015625","6579.98291015625","6579.98291015625","6648.76220703125","6648.76220703125","6648.76220703125","6325.353515625","6325.353515625","6325.353515625"
"18206088","","","","","","","","","","","","","6264.37255859375","6264.37255859375","6264.37255859375"
"18221704","","","","","","","6581.0400390625","6581.0400390625","6581.0400390625","","","","","",""
"18230664","","","","","","","6523.3173828125","6523.3173828125","6523.3173828125","","","","","",""
"18258824","","","","","","","","","","","","","6263.94287109375","6263.94287109375","6263.94287109375"
"18280584","","","","","","","6480.09619140625","6480.09619140625","6480.09619140625","","","","","",""
"18315400","","","","","","","6446.40283203125","6446.40283203125","6446.40283203125","","","","","",""
"18318728","","","","","","","","","","","","","6230.779296875","6230.779296875","6230.779296875"
"18323336","","","","","","","6447.572265625","6447.572265625","6447.572265625","","","","","",""
"18324360","","","","6177.37841796875","6177.37841796875","6177.37841796875","","","","","","","","",""
"18341000","","","","","","","6450.02734375","6450.02734375","6450.02734375","","","","","",""
"18373000","","","","","","","6450.14599609375","6450.14599609375","6450.14599609375","","","","","",""
"18374536","","","","6175.423828125","6175.423828125","6175.423828125","","","","","","","","",""
"18377096","6106.8623046875","6106.8623046875","6106.8623046875","","","","","","","","","","","",""
"18385032","","","","","","","6452.4150390625","6452.4150390625","6452.4150390625","","","","","",""
"18422408","6107.98876953125","6107.98876953125","6107.98876953125","","","","","","","","","","","",""
"18437000","6123.3037109375","6123.3037109375","6123.3037109375","6210.32470703125","6210.32470703125","6210.32470703125","6647.6025390625","6647.6025390625","6647.6025390625","6656.47802734375","6656.47802734375","6656.47802734375","6328.6904296875","6328.6904296875","6328.6904296875"
"18462088","","","","","","","","","","","","","6329.673828125","6329.673828125","6329.673828125"
"18477704","","","","","","","6647.8369140625","6647.8369140625","6647.8369140625","","","","","",""
"18486664","","","","","","","6647.9697265625","6647.9697265625","6647.9697265625","","","","","",""
"18514824","","","","","","","","","","","","","6330.31591796875","6330.31591796875","6330.31591796875"
"18536584","","","","","","","6646.78662109375","6646.78662109375","6646.78662109375","","","","","",""
"18551432","","","","","","","","","","","","","6290.2236328125","6290.2236328125","6290.2236328125"
"18571400","","","","","","","6647.4765625","6647.4765625","6647.4765625","","","","","",""
"18574728","","","","","","","","","","","","","6289.92724609375","6289.92724609375","6289.92724609375"
"18579336","","","","","","","6648.1806640625","6648.1806640625","6648.1806640625","","","","","",""
"18580360","","","","6210.62158203125","6210.62158203125","6210.62158203125","","","","","","","","",""
"18597000","","","","","","","6647.97998046875","6647.97998046875","6647.97998046875","","","","","",""
"18619016","6069.10693359375","6069.10693359375","6069.10693359375","","","","","","","","","","","",""
"18621832","","","","","","","6626.82666015625","6626.82666015625","6626.82666015625","","","","","",""
"18629000","","","","","","","6626.94287109375","6626.94287109375","6626.94287109375","","","","","",""
"18630536","","","","6210.22802734375","6210.22802734375","6210.22802734375","","","","","","","","",""
"18633096","6070.62158203125","6070.62158203125","6070.62158203125","","","","","","","","","","","",""
"18641032","","","","","","","6627.79443359375","6627.79443359375","6627.79443359375","","","","","",""
"18663560","6062.4140625","6062.4140625","6062.4140625","","","","","","","","","","","",""
"18678408","6064.07373046875","6064.07373046875","6064.07373046875","","","","","","","","","","","",""
"18680456","","","","","","","","","","","","","6285.28564453125","6285.28564453125","6285.28564453125"
"18693000","6128.79248046875","6128.79248046875","6128.79248046875","6254.2568359375","6254.2568359375","6254.2568359375","6637.0625","6637.0625","6637.0625","6693.66064453125","6693.66064453125","6693.66064453125","6303.8955078125","6303.8955078125","6303.8955078125"
"18718088","","","","","","","","","","","","","6304.154296875","6304.154296875","6304.154296875"
"18733704","","","","","","","6636.6884765625","6636.6884765625","6636.6884765625","","","","","",""
"18742664","","","","","","","6637.2958984375","6637.2958984375","6637.2958984375","","","","","",""
"18761352","","","","","","","6584.63916015625","6584.63916015625","6584.63916015625","","","","","",""
"18770824","","","","","","","","","","","","","6304.2646484375","6304.2646484375","6304.2646484375"
"18792584","","","","","","","6584.10693359375","6584.10693359375","6584.10693359375","","","","","",""
"18807432","","","","","","","","","","","","","6305.314453125","6305.314453125","6305.314453125"
"18827400","","","","","","","6584.29052734375","6584.29052734375","6584.29052734375","","","","","",""
"18830728","","","","","","","","","","","","","6304.68505859375","6304.68505859375","6304.68505859375"
"18835336","","","","","","","6585.77783203125","6585.77783203125","6585.77783203125","","","","","",""
"18836360","","","","6254.4296875","6254.4296875","6254.4296875","","","","","","","","",""
"18853000","","","","","","","6587.94677734375","6587.94677734375","6587.94677734375","","","","","",""
"18875016","6129.4892578125","6129.4892578125","6129.4892578125","","","","","","","","","","","",""
"18877832","","","","","","","6589.87060546875","6589.87060546875","6589.87060546875","","","","","",""
"18885000","","","","","","","6591.3779296875","6591.3779296875","6591.3779296875","","","","","",""
"18886536","","","","6253.5146484375","6253.5146484375","6253.5146484375","","","","","","","","",""
"18889096","6130.0810546875","6130.0810546875","6130.0810546875","","","","","","","","","","","",""
"18897032","","","","","","","6591.1962890625","6591.1962890625","6591.1962890625","","","","","",""
"18919560","6130.08154296875","6130.08154296875","6130.08154296875","","","","","","","","","","","",""
"18934408","6130.298828125","6130.298828125","6130.298828125","","","","","","","","","","","",""
"18936456","","","","","","","","","","","","","6304.828125","6304.828125","6304.828125"
"18949000","6145.57275390625","6145.57275390625","6145.57275390625","6192.5791015625","6192.5791015625","6192.5791015625","6664.3505859375","6664.3505859375","6664.3505859375","6715.44091796875","6715.44091796875","6715.44091796875","6298.5341796875","6298.5341796875","6298.5341796875"
"18974088","","","","","","","","","","","","","6299.1123046875","6299.1123046875","6299.1123046875"
"18989704","","","","","","","6663.53564453125","6663.53564453125","6663.53564453125","","","","","",""
"18990472","","","","6136.431640625","6136.431640625","6136.431640625","","","","","","","","",""
"18998664","","","","","","","6662.88671875","6662.88671875","6662.88671875","","","","","",""
"19016840","","","","6086.0048828125","6086.0048828125","6086.0048828125","","","","","","","","",""
"19017352","","","","","","","6662.62060546875","6662.62060546875","6662.62060546875","","","","","",""
"19026824","","","","","","","","","","","","","6300.61474609375","6300.61474609375","6300.61474609375"
"19048584","","","","","","","6662.0712890625","6662.0712890625","6662.0712890625","","","","","",""
"19063432","","","","","","","","","","","","","6300.55810546875","6300.55810546875","6300.55810546875"
"19066248","","","","","","","","","","6673.52490234375","6673.52490234375","6673.52490234375","","",""
"19083400","","","","","","","6662.74853515625","6662.74853515625","6662.74853515625","","","","","",""
"19086728","","","","","","","","","","","","","6300.669921875","6300.669921875","6300.669921875"
"19091336","","","","","","","6662.09619140625","6662.09619140625","6662.09619140625","","","","","",""
"19092360","","","","6087.4140625","6087.4140625","6087.4140625","","","","","","","","",""
"19097224","","","","","","","","","","6641.73681640625","6641.73681640625","6641.73681640625","","",""
"19109000","","","","","","","6662.31005859375","6662.31005859375","6662.31005859375","6613.13525390625","6613.13525390625","6613.13525390625","","",""
"19112328","","","","","","","","","","6585.4150390625","6585.4150390625","6585.4150390625","","",""
"19131016","6145.93798828125","6145.93798828125","6145.93798828125","","","","","","","","","","","",""
"19133832","","","","","","","6662.134765625","6662.134765625","6662.134765625","","","","","",""
"19141000","","","","","","","6661.89111328125","6661.89111328125","6661.89111328125","","","","","",""
"19142536","","","","6088.529296875","6088.529296875","6088.529296875","","","","","","","","",""
"19145096","6147.5771484375","6147.5771484375","6147.5771484375","","","","","","","","","","","",""
"19153032","","","","","","","6662.67529296875","6662.67529296875","6662.67529296875","","","","","",""
"19175560","6147.55029296875","6147.55029296875","6147.55029296875","","","","","","","6577.05908203125","6577.05908203125","6577.05908203125","","",""
"19182472","","","","","","","6654.65869140625","6654.65869140625","6654.65869140625","","","","","",""
"19190408","6148.40380859375","6148.40380859375","6148.40380859375","","","","","","","","","","","",""
"19192456","","","","","","","","","","","","","6301.3447265625","6301.3447265625","6301.3447265625"
"19205000","6147.609375","6147.609375","6147.609375","6206.4697265625","6206.4697265625","6206.4697265625","6694.681640625","6694.681640625","6694.681640625","6664.177734375","6664.177734375","6664.177734375","6334.384765625","6334.384765625","6334.384765625"
"19308424","","","","","","","","","","","","","6291.6484375","6291.6484375","6291.6484375"
"19427976","","","","","","","6683.26025390625","6683.26025390625","6683.26025390625","","","","","",""
"19428488","","","","","","","","","","6652.8291015625","6652.8291015625","6652.8291015625","","",""
"19461000","6164.00537109375","6164.00537109375","6164.00537109375","6248.33349609375","6248.33349609375","6248.33349609375","6728.1591796875","6728.1591796875","6728.1591796875","6695.32275390625","6695.32275390625","6695.32275390625","6370.93212890625","6370.93212890625","6370.93212890625"
"19564424","","","","","","","","","","","","","6371.13818359375","6371.13818359375","6371.13818359375"
"19582600","","","","","","","6686.25537109375","6686.25537109375","6686.25537109375","","","","","",""
"19677064","","","","","","","","","","6679.16357421875","6679.16357421875","6679.16357421875","","",""
"19683976","","","","","","","6686.94775390625","6686.94775390625","6686.94775390625","","","","","",""
"19684488","","","","","","","","","","6677.44189453125","6677.44189453125","6677.44189453125","","",""
"19697800","","","","","","","","","","6669.79052734375","6669.79052734375","6669.79052734375","","",""
"19716488","","","","","","","","","","6662.8466796875","6662.8466796875","6662.8466796875","","",""
"19717000","6181.763671875","6181.763671875","6181.763671875","6239.212890625","6239.212890625","6239.212890625","6751.33740234375","6751.33740234375","6751.33740234375","6710.09814453125","6710.09814453125","6710.09814453125","6391.46240234375","6391.46240234375","6391.46240234375"
"19732872","","","","","","","","","","","","","6329.0322265625","6329.0322265625","6329.0322265625"
"19733128","","","","","","","","","","","","","6267.28564453125","6267.28564453125","6267.28564453125"
"19741832","","","","","","","6685.80126953125","6685.80126953125","6685.80126953125","","","","","",""
"19764104","","","","","","","","","","","","","6207.13720703125","6207.13720703125","6207.13720703125"
"19768968","","","","","","","","","","6648.63671875","6648.63671875","6648.63671875","","",""
"19820424","","","","","","","","","","","","","6208.3935546875","6208.3935546875","6208.3935546875"
"19821448","","","","","","","","","","6603.60986328125","6603.60986328125","6603.60986328125","","",""
"19838600","","","","","","","6686.14111328125","6686.14111328125","6686.14111328125","","","","","",""
"19842184","","","","","","","6649.34228515625","6649.34228515625","6649.34228515625","","","","","",""
"19933064","","","","","","","","","","6602.65380859375","6602.65380859375","6602.65380859375","","",""
"19939976","","","","","","","6650.5986328125","6650.5986328125","6650.5986328125","","","","","",""
"19940488","","","","","","","","","","6597.625","6597.625","6597.625","","",""
"19953800","","","","","","","","","","6598.9365234375","6598.9365234375","6598.9365234375","","",""
"19957128","","","","","","","","","","6593.5","6593.5","6593.5","","",""
"19972488","","","","","","","","","","6594.81787109375","6594.81787109375","6594.81787109375","","",""
"19973000","6207.69091796875","6207.69091796875","6207.69091796875","6267.94482421875","6267.94482421875","6267.94482421875","6753.04931640625","6753.04931640625","6753.04931640625","6668.77099609375","6668.77099609375","6668.77099609375","6638.6328125","6638.6328125","6638.6328125"
"19988872","","","","","","","","","","","","","6637.470703125","6637.470703125","6637.470703125"
"19989128","","","","","","","","","","","","","6635.57373046875","6635.57373046875","6635.57373046875"
"19997832","","","","","","","6753.158203125","6753.158203125","6753.158203125","","","","","",""
"20008584","","","","6207.353515625","6207.353515625","6207.353515625","","","","","","","","",""
"20020104","","","","","","","","","","","","","6635.54736328125","6635.54736328125","6635.54736328125"
"20024968","","","","","","","","","","6670.3310546875","6670.3310546875","6670.3310546875","","",""
"20040584","","","","","","","","","","6618.189453125","6618.189453125","6618.189453125","","",""
"20053128","","","","","","","","","","6567.65283203125","6567.65283203125","6567.65283203125","","",""
"20060296","6161.91796875","6161.91796875","6161.91796875","","","","","","","","","","","",""
"20076424","","","","","","","","","","","","","6633.86181640625","6633.86181640625","6633.86181640625"
"20077448","","","","","","","","","","6568.36181640625","6568.36181640625","6568.36181640625","","",""
"20089736","","","","","","","","","","6527.52587890625","6527.52587890625","6527.52587890625","","",""
"20094600","","","","","","","6753.18212890625","6753.18212890625","6753.18212890625","","","","","",""
"20098184","","","","","","","6753.45361328125","6753.45361328125","6753.45361328125","","","","","",""
"20102536","","","","","","","","","","6491.904296875","6491.904296875","6491.904296875","","",""
"20189064","","","","","","","","","","6494.8154296875","6494.8154296875","6494.8154296875","","",""
"20195976","","","","","","","6754.267578125","6754.267578125","6754.267578125","","","","","",""
"20196488","","","","","","","","","","6497.06005859375","6497.06005859375","6497.06005859375","","",""
"20202632","","","","","","","","","","6486.6328125","6486.6328125","6486.6328125","","",""
"20209800","","","","","","","","","","6489.8759765625","6489.8759765625","6489.8759765625","","",""
"20213128","","","","","","","","","","6492.87939453125","6492.87939453125","6492.87939453125","","",""
"20227464","6159.72509765625","6159.72509765625","6159.72509765625","","","","","","","","","","","",""
"20228488","","","","","","","","","","6495.83251953125","6495.83251953125","6495.83251953125","","",""
"20229000","6139.23095703125","6139.23095703125","6139.23095703125","6240.82470703125","6240.82470703125","6240.82470703125","6801.94482421875","6801.94482421875","6801.94482421875","6742.953125","6742.953125","6742.953125","6417.85107421875","6417.85107421875","6417.85107421875"
"20244872","","","","","","","","","","","","","6417.97607421875","6417.97607421875","6417.97607421875"
"20245128","","","","","","","","","","","","","6418.36865234375","6418.36865234375","6418.36865234375"
"20253832","","","","","","","6802.4111328125","6802.4111328125","6802.4111328125","","","","","",""
"20264584","","","","6238.978515625","6238.978515625","6238.978515625","","","","","","","","",""
"20276104","","","","","","","","","","","","","6418.61474609375","6418.61474609375","6418.61474609375"
"20280968","","","","","","","","","","6743.35498046875","6743.35498046875","6743.35498046875","","",""
"20296584","","","","","","","","","","6743.4462890625","6743.4462890625","6743.4462890625","","",""
"20309128","","","","","","","","","","6742.38818359375","6742.38818359375","6742.38818359375","","",""
"20316296","6141.10400390625","6141.10400390625","6141.10400390625","","","","","","","","","","","",""
"20332424","","","","","","","","","","","","","6417.6181640625","6417.6181640625","6417.6181640625"
"20333448","","","","","","","","","","6741.83837890625","6741.83837890625","6741.83837890625","","",""
"20341384","","","","","","","6759.625","6759.625","6759.625","","","","","",""
"20345736","","","","","","","","","","6742.94775390625","6742.94775390625","6742.94775390625","","",""
"20350600","","","","","","","6760.3291015625","6760.3291015625","6760.3291015625","","","","","",""
"20354184","","","","","","","6760.1787109375","6760.1787109375","6760.1787109375","","","","","",""
"20358536","","","","","","","","","","6744.61865234375","6744.61865234375","6744.61865234375","","",""
"20363144","","","","6205.50244140625","6205.50244140625","6205.50244140625","","","","","","","","",""
"20386440","","","","","","","","","","6714.6123046875","6714.6123046875","6714.6123046875","","",""
"20445064","","","","","","","","","","6714.87841796875","6714.87841796875","6714.87841796875","","",""
"20451976","","","","","","","6761.51318359375","6761.51318359375","6761.51318359375","","","","","",""
"20452488","","","","","","","","","","6713.90234375","6713.90234375","6713.90234375","","",""
"20458632","","","","","","","","","","6714.732421875","6714.732421875","6714.732421875","","",""
"20465800","","","","","","","","","","6715.74560546875","6715.74560546875","6715.74560546875","","",""
"20469128","","","","","","","","","","6717.10791015625","6717.10791015625","6717.10791015625","","",""
"20474248","","","","","","","6756.85791015625","6756.85791015625","6756.85791015625","","","","","",""
"20476808","","","","","","","","","","6702.95556640625","6702.95556640625","6702.95556640625","","",""
"20483464","6143.4853515625","6143.4853515625","6143.4853515625","","","","","","","","","","","",""
"20484488","","","","","","","","","","6703.8349609375","6703.8349609375","6703.8349609375","","",""
"20485000","6237.80322265625","6237.80322265625","6237.80322265625","6248.06494140625","6248.06494140625","6248.06494140625","6802.59130859375","6802.59130859375","6802.59130859375","6708.2353515625","6708.2353515625","6708.2353515625","6520.33984375","6520.33984375","6520.33984375"
"20581256","","","","","","","","","","6663.2265625","6663.2265625","6663.2265625","","",""
"20741000","6247.9130859375","6247.9130859375","6247.9130859375","6189.611328125","6189.611328125","6189.611328125","6853.32470703125","6853.32470703125","6853.32470703125","6743.58544921875","6743.58544921875","6743.58544921875","6605.0498046875","6605.0498046875","6605.0498046875"
"20817032","","","","","","","6796.71337890625","6796.71337890625","6796.71337890625","","","","","",""
"20837256","","","","","","","","","","6741.62158203125","6741.62158203125","6741.62158203125","","",""
"20887944","","","","","","","","","","6709.296875","6709.296875","6709.296875","","",""
"20922504","6227.951171875","6227.951171875","6227.951171875","","","","","","","","","","","",""
"20981384","","","","6182.361328125","6182.361328125","6182.361328125","","","","","","","","",""
"20997000","6258.22119140625","6258.22119140625","6258.22119140625","6225.43408203125","6225.43408203125","6225.43408203125","6849.42041015625","6849.42041015625","6849.42041015625","6816.12060546875","6816.12060546875","6816.12060546875","6640.22607421875","6640.22607421875","6640.22607421875"
"21073032","","","","","","","6848.97412109375","6848.97412109375","6848.97412109375","","","","","",""
"21093256","","","","","","","","","","6815.724609375","6815.724609375","6815.724609375","","",""
"21127816","","","","","","","6811.3466796875","6811.3466796875","6811.3466796875","","","","","",""
"21139848","","","","","","","6777.50048828125","6777.50048828125","6777.50048828125","6776.68798828125","6776.68798828125","6776.68798828125","","",""
"21143944","","","","","","","","","","6777.56494140625","6777.56494140625","6777.56494140625","","",""
"21149576","","","","6195.77880859375","6195.77880859375","6195.77880859375","","","","","","","","",""
"21159560","","","","","","","","","","6744.9560546875","6744.9560546875","6744.9560546875","","",""
"21177736","","","","","","","","","","6722.07275390625","6722.07275390625","6722.07275390625","","",""
"21178504","6259.2021484375","6259.2021484375","6259.2021484375","","","","","","","","","","","",""
"21193608","","","","6178.265625","6178.265625","6178.265625","","","","","","","","",""
"21229448","6252.58447265625","6252.58447265625","6252.58447265625","","","","","","","","","","","",""
"21237384","","","","6178.05126953125","6178.05126953125","6178.05126953125","","","","","","","","",""
"21239176","","","","6171.83935546875","6171.83935546875","6171.83935546875","","","","","","","","",""
"21245576","","","","6165.4072265625","6165.4072265625","6165.4072265625","","","","","","","","",""
"21253000","6265.2978515625","6265.2978515625","6265.2978515625","6241.13525390625","6241.13525390625","6241.13525390625","6828.556640625","6828.556640625","6828.556640625","6802.47802734375","6802.47802734375","6802.47802734375","6638.2685546875","6638.2685546875","6638.2685546875"
"21292168","","","","","","","","","","6764.23876953125","6764.23876953125","6764.23876953125","","",""
"21306248","6212.3291015625","6212.3291015625","6212.3291015625","","","","","","","","","","","",""
"21329032","","","","","","","6829.72216796875","6829.72216796875","6829.72216796875","","","","","",""
"21349256","","","","","","","","","","6765.71044921875","6765.71044921875","6765.71044921875","","",""
"21360520","6171.75","6171.75","6171.75","","","","","","","","","","","",""
"21370248","","","","","","","","","","6725.86279296875","6725.86279296875","6725.86279296875","","",""
"21373064","","","","6201.373046875","6201.373046875","6201.373046875","","","","","","","","",""
"21378184","","","","","","","","","","6686.716796875","6686.716796875","6686.716796875","","",""
"21383304","","","","6166.67626953125","6166.67626953125","6166.67626953125","","","","","","","","",""
"21383560","","","","6132.07177734375","6132.07177734375","6132.07177734375","","","","","","","","",""
"21383816","","","","","","","6830.2744140625","6830.2744140625","6830.2744140625","","","","","",""
"21389448","","","","","","","6793.27734375","6793.27734375","6793.27734375","","","","","",""
"21395848","","","","","","","6793.3291015625","6793.3291015625","6793.3291015625","6684.96484375","6684.96484375","6684.96484375","","",""
"21399944","","","","","","","","","","6683.3681640625","6683.3681640625","6683.3681640625","","",""
"21405576","","","","6132.353515625","6132.353515625","6132.353515625","","","","","","","","",""
"21433736","","","","","","","","","","6683.998046875","6683.998046875","6683.998046875","","",""
"21434504","6172.017578125","6172.017578125","6172.017578125","","","","","","","","","","","",""
"21449608","","","","6132.9609375","6132.9609375","6132.9609375","","","","","","","","",""
"21485448","6172.73681640625","6172.73681640625","6172.73681640625","","","","","","","","","","","",""
"21493384","","","","6131.33837890625","6131.33837890625","6131.33837890625","","","","","","","","",""
"21495176","","","","6132.69775390625","6132.69775390625","6132.69775390625","","","","","","","","",""
"21501576","","","","6133.06005859375","6133.06005859375","6133.06005859375","","","","","","","","",""
"21509000","6259.59033203125","6259.59033203125","6259.59033203125","6233.23974609375","6233.23974609375","6233.23974609375","6871.146484375","6871.146484375","6871.146484375","6808.9873046875","6808.9873046875","6808.9873046875","6673.1572265625","6673.1572265625","6673.1572265625"
"21548168","","","","","","","","","","6809.4306640625","6809.4306640625","6809.4306640625","","",""
"21562248","6260.294921875","6260.294921875","6260.294921875","","","","","","","","","","","",""
"21585032","","","","","","","6870.59228515625","6870.59228515625","6870.59228515625","","","","","",""
"21588360","","","","","","","6819.29736328125","6819.29736328125","6819.29736328125","","","","","",""
"21591688","","","","","","","6767.162109375","6767.162109375","6767.162109375","","","","","",""
"21605256","","","","","","","","","","6810.68408203125","6810.68408203125","6810.68408203125","","",""
"21616520","6258.4697265625","6258.4697265625","6258.4697265625","","","","","","","","","","","",""
"21626248","","","","","","","","","","6811.22998046875","6811.22998046875","6811.22998046875","","",""
"21629064","","","","6234.4130859375","6234.4130859375","6234.4130859375","","","","","","","","",""
"21633416","","","","","","","6726.7373046875","6726.7373046875","6726.7373046875","","","","","",""
"21634184","","","","","","","","","","6812.57275390625","6812.57275390625","6812.57275390625","","",""
"21639304","","","","6233.544921875","6233.544921875","6233.544921875","","","","","","","","",""
"21639560","","","","6233.0927734375","6233.0927734375","6233.0927734375","","","","","","","","",""
"21639816","","","","","","","6729.8623046875","6729.8623046875","6729.8623046875","","","","","",""
"21645448","","","","","","","6731.45654296875","6731.45654296875","6731.45654296875","","","","","",""
"21651848","","","","","","","6734.04443359375","6734.04443359375","6734.04443359375","6812.56787109375","6812.56787109375","6812.56787109375","","",""
"21655944","","","","","","","","","","6813.638671875","6813.638671875","6813.638671875","","",""
"21661576","","","","6233.12548828125","6233.12548828125","6233.12548828125","","","","","","","","",""
"21672328","","","","6207.80615234375","6207.80615234375","6207.80615234375","","","","","","","","",""
"21689736","","","","","","","","","","6812.72607421875","6812.72607421875","6812.72607421875","","",""
"21690504","6258.43115234375","6258.43115234375","6258.43115234375","","","","","","","","","","","",""
"21697928","","","","6190.857421875","6190.857421875","6190.857421875","","","","","","","","",""
"21703560","","","","6168.7041015625","6168.7041015625","6168.7041015625","","","","","","","","",""
"21705608","","","","6168.509765625","6168.509765625","6168.509765625","","","","","","","","",""
"21720712","","","","","","","6721.205078125","6721.205078125","6721.205078125","","","","","",""
"21736584","","","","6156.7275390625","6156.7275390625","6156.7275390625","","","","","","","","",""
"21737096","","","","","","","6707.986328125","6707.986328125","6707.986328125","","","","","",""
"21741448","6256.34716796875","6256.34716796875","6256.34716796875","","","","","","","","","","","",""
"21749384","","","","6152.904296875","6152.904296875","6152.904296875","","","","","","","","",""
"21751176","","","","6152.529296875","6152.529296875","6152.529296875","","","","","","","","",""
"21757576","","","","6153.29541015625","6153.29541015625","6153.29541015625","","","","","","","","",""
"21760136","","","","","","","6707.0712890625","6707.0712890625","6707.0712890625","","","","","",""
"21765000","6269.330078125","6269.330078125","6269.330078125","6145.05029296875","6145.05029296875","6145.05029296875","6831.6123046875","6831.6123046875","6831.6123046875","6854.92041015625","6854.92041015625","6854.92041015625","6720.6083984375","6720.6083984375","6720.6083984375"
"21852808","","","","","","","","","","6805.52587890625","6805.52587890625","6805.52587890625","","",""
"21863560","","","","","","","","","","6761.17626953125","6761.17626953125","6761.17626953125","","",""
"21863816","","","","","","","6784.98876953125","6784.98876953125","6784.98876953125","","","","","",""
"21866376","","","","","","","","","","","","","6633.85302734375","6633.85302734375","6633.85302734375"
"21867656","","","","","","","","","","","","","6591.49609375","6591.49609375","6591.49609375"
"21867912","","","","","","","","","","","","","6550.21875","6550.21875","6550.21875"
"21898888","","","","","","","6747.1767578125","6747.1767578125","6747.1767578125","","","","","",""
"21912200","","","","","","","6714.86376953125","6714.86376953125","6714.86376953125","","","","","",""
"21925256","","","","","","","6684.82861328125","6684.82861328125","6684.82861328125","","","","","",""
"21962888","","","","","","","","","","6744.28564453125","6744.28564453125","6744.28564453125","","",""
"21975432","","","","6129.92822265625","6129.92822265625","6129.92822265625","","","","","","","","",""
"22001288","","","","","","","","","","6731.29150390625","6731.29150390625","6731.29150390625","","",""
"22020488","","","","6130.23193359375","6130.23193359375","6130.23193359375","","","","","","","","",""
"22021000","6252.822265625","6252.822265625","6252.822265625","6272.3837890625","6272.3837890625","6272.3837890625","6879.6748046875","6879.6748046875","6879.6748046875","6865.16162109375","6865.16162109375","6865.16162109375","6678.45068359375","6678.45068359375","6678.45068359375"
"22108808","","","","","","","","","","6865.00927734375","6865.00927734375","6865.00927734375","","",""
"22119560","","","","","","","","","","6865.19970703125","6865.19970703125","6865.19970703125","","",""
"22119816","","","","","","","6877.1416015625","6877.1416015625","6877.1416015625","","","","","",""
"22122376","","","","","","","","","","","","","6678.66650390625","6678.66650390625","6678.66650390625"
"22123656","","","","","","","","","","","","","6678.85498046875","6678.85498046875","6678.85498046875"
"22123912","","","","","","","","","","","","","6679.44775390625","6679.44775390625","6679.44775390625"
"22154888","","","","","","","6877.466796875","6877.466796875","6877.466796875","","","","","",""
"22168200","","","","","","","6877.67626953125","6877.67626953125","6877.67626953125","","","","","",""
"22181256","","","","","","","6877.33251953125","6877.33251953125","6877.33251953125","","","","","",""
"22198152","","","","","","","6853.31591796875","6853.31591796875","6853.31591796875","","","","","",""
"22218888","","","","","","","","","","6865.8896484375","6865.8896484375","6865.8896484375","","",""
"22221448","","","","","","","","","","6845.44775390625","6845.44775390625","6845.44775390625","","",""
"22227848","","","","6265.27783203125","6265.27783203125","6265.27783203125","","","","","","","","",""
"22230152","","","","6249.04248046875","6249.04248046875","6249.04248046875","","","","","","","","",""
"22234760","","","","6235.32421875","6235.32421875","6235.32421875","","","","","","","","",""
"22240136","","","","","","","6838.57666015625","6838.57666015625","6838.57666015625","","","","","",""
"22246792","","","","6227.0009765625","6227.0009765625","6227.0009765625","","","","","","","","",""
"22250120","","","","","","","","","","6836.55615234375","6836.55615234375","6836.55615234375","","",""
"22257288","","","","","","","","","","6836.6943359375","6836.6943359375","6836.6943359375","","",""
"22276488","","","","6227.54345703125","6227.54345703125","6227.54345703125","","","","","","","","",""
"22277000","6292.94384765625","6292.94384765625","6292.94384765625","6294.10986328125","6294.10986328125","6294.10986328125","6842.80615234375","6842.80615234375","6842.80615234375","6835.19921875","6835.19921875","6835.19921875","6734.43603515625","6734.43603515625","6734.43603515625"
"22352776","","","","6246.4521484375","6246.4521484375","6246.4521484375","","","","","","","","",""
"22364808","","","","","","","","","","6836.79248046875","6836.79248046875","6836.79248046875","","",""
"22375560","","","","","","","","","","6837.7802734375","6837.7802734375","6837.7802734375","","",""
"22375816","","","","","","","6844.1396484375","6844.1396484375","6844.1396484375","","","","","",""
"22376584","","","","","","","6796.4453125","6796.4453125","6796.4453125","","","","","",""
"22378376","","","","","","","","","","","","","6735.06982421875","6735.06982421875","6735.06982421875"
"22379656","","","","","","","","","","","","","6733.568359375","6733.568359375","6733.568359375"
"22379912","","","","","","","","","","","","","6731.3017578125","6731.3017578125","6731.3017578125"
"22380680","","","","6202.673828125","6202.673828125","6202.673828125","","","","","","","","",""
"22397832","","","","","","","","","","6797.39306640625","6797.39306640625","6797.39306640625","","",""
"22405512","","","","","","","6756.28369140625","6756.28369140625","6756.28369140625","","","","","",""
"22410888","","","","","","","6757.515625","6757.515625","6757.515625","","","","","",""
"22412936","","","","6171.45556640625","6171.45556640625","6171.45556640625","","","","","","","","",""
"22420872","6263.55419921875","6263.55419921875","6263.55419921875","","","","","","","","","","","",""
"22424200","","","","","","","6760.03466796875","6760.03466796875","6760.03466796875","","","","","",""
"22437256","","","","","","","6760.94970703125","6760.94970703125","6760.94970703125","","","","","",""
"22454152","","","","","","","6763.09228515625","6763.09228515625","6763.09228515625","","","","","",""
"22474888","","","","","","","","","","6798.51611328125","6798.51611328125","6798.51611328125","","",""
"22477448","","","","","","","","","","6797.97119140625","6797.97119140625","6797.97119140625","","",""
"22483848","","","","6171.3125","6171.3125","6171.3125","","","","","","","","",""
"22486152","","","","6173.9296875","6173.9296875","6173.9296875","","","","","","","","",""
"22490760","","","","6175.19287109375","6175.19287109375","6175.19287109375","","","","","","","","",""
"22496136","","","","","","","6763.65380859375","6763.65380859375","6763.65380859375","","","","","",""
"22502792","","","","6177.77294921875","6177.77294921875","6177.77294921875","","","","","","","","",""
"22506120","","","","","","","","","","6795.5517578125","6795.5517578125","6795.5517578125","","",""
"22507656","","","","","","","6754.744140625","6754.744140625","6754.744140625","","","","","",""
"22512264","","","","6171.68115234375","6171.68115234375","6171.68115234375","","","","","","","","",""
"22513288","","","","","","","","","","6794.75927734375","6794.75927734375","6794.75927734375","","",""
"22532488","","","","6168.6640625","6168.6640625","6168.6640625","","","","","","","","",""
"22533000","6277.48779296875","6277.48779296875","6277.48779296875","6309.9052734375","6309.9052734375","6309.9052734375","6869.5556640625","6869.5556640625","6869.5556640625","6857.2841796875","6857.2841796875","6857.2841796875","6771.62353515625","6771.62353515625","6771.62353515625"
"22593160","","","","6255.65185546875","6255.65185546875","6255.65185546875","","","","","","","","",""
"22608776","6229.1240234375","6229.1240234375","6229.1240234375","6256.048828125","6256.048828125","6256.048828125","","","","","","","","",""
"22618504","","","","","","","6818.66357421875","6818.66357421875","6818.66357421875","","","","","",""
"22620808","","","","","","","","","","6856.55224609375","6856.55224609375","6856.55224609375","","",""
"22631560","","","","","","","","","","6857.57861328125","6857.57861328125","6857.57861328125","","",""
"22631816","","","","","","","6817.634765625","6817.634765625","6817.634765625","","","","","",""
"22632584","","","","","","","6818.94482421875","6818.94482421875","6818.94482421875","","","","","",""
"22634376","","","","","","","","","","","","","6770.494140625","6770.494140625","6770.494140625"
"22635656","","","","","","","","","","","","","6768.3447265625","6768.3447265625","6768.3447265625"
"22635912","","","","","","","","","","","","","6768.89404296875","6768.89404296875","6768.89404296875"
"22636680","","","","6257.1865234375","6257.1865234375","6257.1865234375","","","","","","","","",""
"22653832","","","","","","","","","","6858.39111328125","6858.39111328125","6858.39111328125","","",""
"22661512","","","","","","","6820.1806640625","6820.1806640625","6820.1806640625","","","","","",""
"22663560","","","","6224.009765625","6224.009765625","6224.009765625","","","","","","","","",""
"22666888","","","","","","","6823.12548828125","6823.12548828125","6823.12548828125","","","","","",""
"22668936","","","","6226.01904296875","6226.01904296875","6226.01904296875","","","","","","","","",""
"22670984","","","","","","","6786.85498046875","6786.85498046875","6786.85498046875","","","","","",""
"22676872","6229.15185546875","6229.15185546875","6229.15185546875","","","","","","","","","","","",""
"22680200","","","","","","","6784.51611328125","6784.51611328125","6784.51611328125","","","","","",""
"22684808","6199.125","6199.125","6199.125","","","","","","","","","","","",""
"22693256","","","","","","","6787.1171875","6787.1171875","6787.1171875","","","","","",""
"22710152","","","","","","","6790.2275390625","6790.2275390625","6790.2275390625","","","","","",""
"22730888","","","","","","","","","","6858.98486328125","6858.98486328125","6858.98486328125","","",""
"22731912","","","","","","","6771.09814453125","6771.09814453125","6771.09814453125","","","","","",""
"22733448","","","","","","","","","","6859.4853515625","6859.4853515625","6859.4853515625","","",""
"22739848","","","","6226.890625","6226.890625","6226.890625","","","","","","","","",""
"22742152","","","","6227.9287109375","6227.9287109375","6227.9287109375","","","","","","","","",""
"22746760","","","","6224.87939453125","6224.87939453125","6224.87939453125","","","","","","","","",""
"22752136","","","","","","","6773.50244140625","6773.50244140625","6773.50244140625","","","","","",""
"22754440","","","","6215.96484375","6215.96484375","6215.96484375","","","","","","","","",""
"22758792","","","","6214.138671875","6214.138671875","6214.138671875","","","","","","","","",""
"22762120","","","","","","","","","","6859.89794921875","6859.89794921875","6859.89794921875","","",""
"22763656","","","","","","","6775.4111328125","6775.4111328125","6775.4111328125","","","","","",""
"22764168","","","","6203.58544921875","6203.58544921875","6203.58544921875","","","","","","","","",""
"22767240","","","","6192.14697265625","6192.14697265625","6192.14697265625","","","","","","","","",""
"22768264","","","","6193.2373046875","6193.2373046875","6193.2373046875","","","","","","","","",""
"22769288","","","","","","","","","","6859.95751953125","6859.95751953125","6859.95751953125","","",""
"22780296","","","","6190.92041015625","6190.92041015625","6190.92041015625","","","","","","","","",""
"22788488","","","","6192.42626953125","6192.42626953125","6192.42626953125","","","","","","","","",""
"22789000","6264.8779296875","6264.8779296875","6264.8779296875","6220.24853515625","6220.24853515625","6220.24853515625","6912.158203125","6912.158203125","6912.158203125","6843.52099609375","6843.52099609375","6843.52099609375","6787.64111328125","6787.64111328125","6787.64111328125"
"22825864","","","","","","","","","","6781.32421875","6781.32421875","6781.32421875","","",""
"22838920","","","","","","","6847.91357421875","6847.91357421875","6847.91357421875","","","","","",""
"22849160","","","","6220.73046875","6220.73046875","6220.73046875","","","","","","","","",""
"22854536","","","","6170.48095703125","6170.48095703125","6170.48095703125","","","","","","","","",""
"22864776","6264.88525390625","6264.88525390625","6264.88525390625","6172.70068359375","6172.70068359375","6172.70068359375","","","","","","","","",""
"22874504","","","","","","","6848.4306640625","6848.4306640625","6848.4306640625","","","","","",""
"22876808","","","","","","","","","","6777.82177734375","6777.82177734375","6777.82177734375","","",""
"22887560","","","","","","","","","","6779.92431640625","6779.92431640625","6779.92431640625","","",""
"22887816","","","","","","","6849.44775390625","6849.44775390625","6849.44775390625","","","","","",""
"22888584","","","","","","","6849.779296875","6849.779296875","6849.779296875","","","","","",""
"22890376","","","","","","","","","","","","","6788.1162109375","6788.1162109375","6788.1162109375"
"22890632","","","","6172.01318359375","6172.01318359375","6172.01318359375","","","","","","","","",""
"22891656","","","","","","","","","","","","","6788.52734375","6788.52734375","6788.52734375"
"22891912","","","","","","","","","","","","","6786.6875","6786.6875","6786.6875"
"22909832","","","","","","","","","","6782.609375","6782.609375","6782.609375","","",""
"22917512","","","","","","","6851.51025390625","6851.51025390625","6851.51025390625","","","","","",""
"22919560","","","","6174.779296875","6174.779296875","6174.779296875","","","","","","","","",""
"22922120","","","","","","","6813.0869140625","6813.0869140625","6813.0869140625","","","","","",""
"22922888","","","","","","","6811.9599609375","6811.9599609375","6811.9599609375","","","","","",""
"22924936","","","","6172.6455078125","6172.6455078125","6172.6455078125","","","","","","","","",""
"22926984","","","","","","","6812.939453125","6812.939453125","6812.939453125","","","","","",""
"22932872","6265.53125","6265.53125","6265.53125","","","","","","","","","","","",""
"22936200","","","","","","","6815.4248046875","6815.4248046875","6815.4248046875","","","","","",""
"22939528","","","","","","","","","","6752.23779296875","6752.23779296875","6752.23779296875","","",""
"22940808","6264.1455078125","6264.1455078125","6264.1455078125","","","","","","","","","","","",""
"22949256","","","","","","","6817.15625","6817.15625","6817.15625","","","","","",""
"22966152","","","","","","","6817.5830078125","6817.5830078125","6817.5830078125","","","","","",""
"22986888","","","","","","","","","","6753.85791015625","6753.85791015625","6753.85791015625","","",""
"22987912","","","","","","","6818.0078125","6818.0078125","6818.0078125","","","","","",""
"22989448","","","","","","","","","","6755.54150390625","6755.54150390625","6755.54150390625","6770.08740234375","6770.08740234375","6770.08740234375"
"22994568","","","","","","","","","","","","","6755.7587890625","6755.7587890625","6755.7587890625"
"22995848","","","","6174.1474609375","6174.1474609375","6174.1474609375","","","","","","","","",""
"22998152","","","","6175.13818359375","6175.13818359375","6175.13818359375","","","","","","","","",""
"23002760","","","","6171.9853515625","6171.9853515625","6171.9853515625","","","","","","","","",""
"23008136","","","","","","","6819.8173828125","6819.8173828125","6819.8173828125","","","","","",""
"23010440","","","","6173.60791015625","6173.60791015625","6173.60791015625","","","","","","","","",""
"23014792","","","","6174.7421875","6174.7421875","6174.7421875","","","","","","","","",""
"23018120","","","","","","","","","","6757.36669921875","6757.36669921875","6757.36669921875","","",""
"23019656","","","","","","","6819.70849609375","6819.70849609375","6819.70849609375","","","","","",""
"23020168","","","","6175.92041015625","6175.92041015625","6175.92041015625","","","","","","","","",""
"23023240","","","","6177.87841796875","6177.87841796875","6177.87841796875","","","","","","","","",""
"23024264","","","","6179.580078125","6179.580078125","6179.580078125","","","","","","","","",""
"23025288","","","","","","","","","","6759.1162109375","6759.1162109375","6759.1162109375","","",""
"23025800","","","","6174.705078125","6174.705078125","6174.705078125","","","","","","","","",""
"23036296","","","","6175.8193359375","6175.8193359375","6175.8193359375","","","","","","","","",""
"23042952","6261.609375","6261.609375","6261.609375","","","","","","","","","","","",""
"23044488","","","","6177.56298828125","6177.56298828125","6177.56298828125","","","","","","","","",""
"23045000","6273.41796875","6273.41796875","6273.41796875","6235.087890625","6235.087890625","6235.087890625","6921.57568359375","6921.57568359375","6921.57568359375","6864.767578125","6864.767578125","6864.767578125","6796.4697265625","6796.4697265625","6796.4697265625"
"23071112","6213.6123046875","6213.6123046875","6213.6123046875","","","","","","","","","","","",""
"23077000","","","","","","","6856.02783203125","6856.02783203125","6856.02783203125","","","","","",""
"23160456","","","","6198.24072265625","6198.24072265625","6198.24072265625","","","","","","","","",""
"23212936","","","","6166.49609375","6166.49609375","6166.49609375","","","","","","","","",""
"23223432","","","","","","","6830.51220703125","6830.51220703125","6830.51220703125","","","","","",""
"23236744","","","","6151.99658203125","6151.99658203125","6151.99658203125","","","","","","","","",""
"23254408","","","","6142.15380859375","6142.15380859375","6142.15380859375","","","","","","","","",""
"23262088","","","","","","","6808.416015625","6808.416015625","6808.416015625","","","","","",""
"23272584","","","","6132.51220703125","6132.51220703125","6132.51220703125","","","","","","","","",""
"23301000","6300.251953125","6300.251953125","6300.251953125","6269.3349609375","6269.3349609375","6269.3349609375","6923.23095703125","6923.23095703125","6923.23095703125","6884.0537109375","6884.0537109375","6884.0537109375","6841.15087890625","6841.15087890625","6841.15087890625"
"23302536","","","","6238.8466796875","6238.8466796875","6238.8466796875","","","","","","","","",""
"23327112","6299.85986328125","6299.85986328125","6299.85986328125","","","","","","","","","","","",""
"23329416","","","","","","","6855.34423828125","6855.34423828125","6855.34423828125","","","","","",""
"23385224","","","","6193.74853515625","6193.74853515625","6193.74853515625","","","","","","","","",""
"23392392","","","","6149.93603515625","6149.93603515625","6149.93603515625","","","","","","","","",""
"23406984","","","","6108.08740234375","6108.08740234375","6108.08740234375","","","","","","","","",""
"23413128","","","","","","","6813.6484375","6813.6484375","6813.6484375","","","","","",""
"23413384","","","","6071.0341796875","6071.0341796875","6071.0341796875","","","","","","","","",""
"23422088","","","","","","","","","","6842.19970703125","6842.19970703125","6842.19970703125","","",""
"23424392","","","","6036.8271484375","6036.8271484375","6036.8271484375","","","","","","","","",""
"23439496","","","","","","","","","","6805.43115234375","6805.43115234375","6805.43115234375","","",""
"23468424","","","","6016.48974609375","6016.48974609375","6016.48974609375","","","","","","","","",""
"23468936","","","","6020.8623046875","6020.8623046875","6020.8623046875","","","","","","","","",""
"23474056","","","","","","","6789.81787109375","6789.81787109375","6789.81787109375","","","","","",""
"23479432","","","","","","","6791.19091796875","6791.19091796875","6791.19091796875","","","","","",""
"23487880","","","","6004.75048828125","6004.75048828125","6004.75048828125","","","","","","","","",""
"23492744","","","","6005.86865234375","6005.86865234375","6005.86865234375","","","","","","","","",""
"23500680","","","","","","","6770.85546875","6770.85546875","6770.85546875","","","","","",""
"23510408","","","","6009.7578125","6009.7578125","6009.7578125","","","","","","","","",""
"23516808","","","","6000.6572265625","6000.6572265625","6000.6572265625","","","","","","","","",""
"23518088","","","","","","","6772.71044921875","6772.71044921875","6772.71044921875","","","","","",""
"23526024","","","","","","","6761.28564453125","6761.28564453125","6761.28564453125","","","","","",""
"23528584","","","","6005.1083984375","6005.1083984375","6005.1083984375","","","","","","","","",""
"23547016","","","","","","","6758.23486328125","6758.23486328125","6758.23486328125","","","","","",""
"23557000","6296.83447265625","6296.83447265625","6296.83447265625","6304.5185546875","6304.5185546875","6304.5185546875","6925.6435546875","6925.6435546875","6925.6435546875","6917.021484375","6917.021484375","6917.021484375","6868.09375","6868.09375","6868.09375"
"23558536","","","","6304.798828125","6304.798828125","6304.798828125","","","","","","","","",""
"23583112","6298.01806640625","6298.01806640625","6298.01806640625","","","","","","","","","","","",""
"23585416","","","","","","","6924.7216796875","6924.7216796875","6924.7216796875","","","","","",""
"23641224","","","","6302.5458984375","6302.5458984375","6302.5458984375","","","","","","","","",""
"23648392","","","","6300.7880859375","6300.7880859375","6300.7880859375","","","","","","","","",""
"23662984","","","","6301.7255859375","6301.7255859375","6301.7255859375","","","","","","","","",""
"23664520","","","","","","","6882.53369140625","6882.53369140625","6882.53369140625","","","","","",""
"23669128","","","","","","","6883.3125","6883.3125","6883.3125","","","","","",""
"23669384","","","","6302.861328125","6302.861328125","6302.861328125","","","","","","","","",""
"23672712","6261.06689453125","6261.06689453125","6261.06689453125","","","","","","","","","","","",""
"23678088","","","","","","","","","","6916.53369140625","6916.53369140625","6916.53369140625","","",""
"23680392","","","","6304.20068359375","6304.20068359375","6304.20068359375","","","","","","","","",""
"23695496","","","","","","","","","","6917.08251953125","6917.08251953125","6917.08251953125","","",""
"23723912","","","","","","","6855.240234375","6855.240234375","6855.240234375","","","","","",""
"23724424","","","","6304.173828125","6304.173828125","6304.173828125","","","","","","","","",""
"23724936","","","","6305.16259765625","6305.16259765625","6305.16259765625","","","","","","","","",""
"23730056","","","","","","","6857.1259765625","6857.1259765625","6857.1259765625","","","","","",""
"23735432","","","","","","","6857.9072265625","6857.9072265625","6857.9072265625","","","","","",""
"23743880","","","","6306.681640625","6306.681640625","6306.681640625","","","","","","","","",""
"23748744","","","","6308.21875","6308.21875","6308.21875","","","","","","","","",""
"23756680","","","","","","","6859.0400390625","6859.0400390625","6859.0400390625","","","","","",""
"23766408","","","","6309.09423828125","6309.09423828125","6309.09423828125","","","","","","","","",""
"23772808","","","","6305.935546875","6305.935546875","6305.935546875","","","","","","","","",""
"23774088","","","","","","","6859.77734375","6859.77734375","6859.77734375","","","","","",""
"23782024","","","","","","","6861.08056640625","6861.08056640625","6861.08056640625","","","","","",""
"23784584","","","","6306.8212890625","6306.8212890625","6306.8212890625","","","","","","","","",""
"23802248","6258.4775390625","6258.4775390625","6258.4775390625","","","","","","","","","","","",""
"23803016","","","","","","","6861.064453125","6861.064453125","6861.064453125","","","","","",""
"23808648","","","","","","","","","","6908.11279296875","6908.11279296875","6908.11279296875","","",""
"23813000","6312.24658203125","6312.24658203125","6312.24658203125","6290.1240234375","6290.1240234375","6290.1240234375","6985.85595703125","6985.85595703125","6985.85595703125","6948.33837890625","6948.33837890625","6948.33837890625","6954.1279296875","6954.1279296875","6954.1279296875"
"23814536","","","","6289.31591796875","6289.31591796875","6289.31591796875","","","","","","","","",""
"23825288","6250.1640625","6250.1640625","6250.1640625","","","","","","","","","","","",""
"23839112","6251.330078125","6251.330078125","6251.330078125","","","","","","","","","","","",""
"23841416","","","","","","","6985.44970703125","6985.44970703125","6985.44970703125","","","","","",""
"23843464","","","","6228.8330078125","6228.8330078125","6228.8330078125","","","","","","","","",""
"23894664","","","","","","","","","","","","","6900.70556640625","6900.70556640625","6900.70556640625"
"23895944","","","","","","","","","","","","","6849.0869140625","6849.0869140625","6849.0869140625"
"23896968","","","","","","","","","","","","","6797.4609375","6797.4609375","6797.4609375"
"23897224","","","","6228.119140625","6228.119140625","6228.119140625","","","","","","","","",""
"23899784","","","","","","","","","","","","","6747.3203125","6747.3203125","6747.3203125"
"23901320","","","","","","","","","","","","","6696.97900390625","6696.97900390625","6696.97900390625"
"23904136","","","","","","","","","","","","","6647.3154296875","6647.3154296875","6647.3154296875"
"23904392","","","","6227.12158203125","6227.12158203125","6227.12158203125","","","","","","","","",""
"23913352","","","","","","","","","","","","","6602.32666015625","6602.32666015625","6602.32666015625"
"23916936","","","","","","","","","","","","","6558.1943359375","6558.1943359375","6558.1943359375"
"23918984","","","","6223.58349609375","6223.58349609375","6223.58349609375","","","","","","","","",""
"23920520","","","","","","","6985.58154296875","6985.58154296875","6985.58154296875","","","","","",""
"23921032","","","","","","","","","","","","","6509.43115234375","6509.43115234375","6509.43115234375"
"23925128","","","","","","","6986.63623046875","6986.63623046875","6986.63623046875","","","","","",""
"23925384","","","","6223.33056640625","6223.33056640625","6223.33056640625","","","","","","","","",""
"23928712","6250.7861328125","6250.7861328125","6250.7861328125","","","","","","","","","","","",""
"23931528","","","","","","","6942.03173828125","6942.03173828125","6942.03173828125","","","","","",""
"23934088","","","","","","","","","","6948.49462890625","6948.49462890625","6948.49462890625","","",""
"23936392","","","","6223.69384765625","6223.69384765625","6223.69384765625","","","","","","","","",""
"23944072","","","","","","","6903.59619140625","6903.59619140625","6903.59619140625","","","","","",""
"23951496","","","","","","","","","","6948.67919921875","6948.67919921875","6948.67919921875","","",""
"23979912","","","","","","","6903.33935546875","6903.33935546875","6903.33935546875","","","","","",""
"23980424","","","","6220.47802734375","6220.47802734375","6220.47802734375","","","","","","","","",""
"23980936","","","","6220.1015625","6220.1015625","6220.1015625","","","","","","","","",""
"23986056","","","","","","","6903.546875","6903.546875","6903.546875","","","","","",""
"23991432","","","","","","","6904.552734375","6904.552734375","6904.552734375","","","","","",""
"23999880","","","","6220.70068359375","6220.70068359375","6220.70068359375","","","","","","","","",""
"24004744","","","","6221.15283203125","6221.15283203125","6221.15283203125","","","","","","","","",""
"24012680","","","","","","","6903.83154296875","6903.83154296875","6903.83154296875","","","","","",""
"24022408","","","","6220.44091796875","6220.44091796875","6220.44091796875","","","","","","","","",""
"24028808","","","","6220.47607421875","6220.47607421875","6220.47607421875","","","","","","","","",""
"24030088","","","","","","","6905.0068359375","6905.0068359375","6905.0068359375","","","","","",""
"24038024","","","","","","","6903.21728515625","6903.21728515625","6903.21728515625","","","","","",""
"24040584","","","","6221.15869140625","6221.15869140625","6221.15869140625","","","","","","","","",""
"24052104","","","","","","","","","","","","","6506.67919921875","6506.67919921875","6506.67919921875"
"24058248","6251.201171875","6251.201171875","6251.201171875","","","","","","","","","","","",""
"24059016","","","","","","","6899.138671875","6899.138671875","6899.138671875","","","","","",""
"24064648","","","","","","","","","","6949.09033203125","6949.09033203125","6949.09033203125","","",""
"24069000","6254.17919921875","6254.17919921875","6254.17919921875","6310.0029296875","6310.0029296875","6310.0029296875","6936.5322265625","6936.5322265625","6936.5322265625","6930.58056640625","6930.58056640625","6930.58056640625","6862.51806640625","6862.51806640625","6862.51806640625"
"24070536","","","","6310.7548828125","6310.7548828125","6310.7548828125","","","","","","","","",""
"24081288","6250.71630859375","6250.71630859375","6250.71630859375","","","","","","","","","","","",""
"24095112","6251.63427734375","6251.63427734375","6251.63427734375","","","","","","","","","","","",""
"24097416","","","","","","","6938.6923828125","6938.6923828125","6938.6923828125","","","","","",""
"24099464","","","","6311.88037109375","6311.88037109375","6311.88037109375","","","","","","","","",""
"24100232","6193.0498046875","6193.0498046875","6193.0498046875","","","","","","","","","","","",""
"24150664","","","","","","","","","","","","","6862.865234375","6862.865234375","6862.865234375"
"24151944","","","","","","","","","","","","","6863.607421875","6863.607421875","6863.607421875"
"24152968","","","","","","","","","","","","","6864.52880859375","6864.52880859375","6864.52880859375"
"24153224","","","","6312.509765625","6312.509765625","6312.509765625","","","","","","","","",""
"24155784","","","","","","","","","","","","","6864.88818359375","6864.88818359375","6864.88818359375"
"24157320","","","","","","","","","","","","","6864.51416015625","6864.51416015625","6864.51416015625"
"24160136","","","","","","","","","","","","","6865.51171875","6865.51171875","6865.51171875"
"24160392","","","","6314.10986328125","6314.10986328125","6314.10986328125","","","","","","","","",""
"24169352","","","","","","","","","","","","","6866.33154296875","6866.33154296875","6866.33154296875"
"24172936","","","","","","","","","","","","","6867.96240234375","6867.96240234375","6867.96240234375"
"24174984","","","","6315.66845703125","6315.66845703125","6315.66845703125","","","","","","","","",""
"24176520","","","","","","","6939.162109375","6939.162109375","6939.162109375","","","","","",""
"24177032","","","","","","","","","","","","","6866.56298828125","6866.56298828125","6866.56298828125"
"24181128","","","","","","","6941.3603515625","6941.3603515625","6941.3603515625","","","","","",""
"24181384","","","","6317.09033203125","6317.09033203125","6317.09033203125","","","","","","","","",""
"24184712","6193.2724609375","6193.2724609375","6193.2724609375","","","","","","","","","","","",""
"24187528","","","","","","","6940.1484375","6940.1484375","6940.1484375","","","","","",""
"24190088","","","","","","","","","","6930.3681640625","6930.3681640625","6930.3681640625","","",""
"24192392","","","","6319.2587890625","6319.2587890625","6319.2587890625","","","","","","","","",""
"24200072","","","","","","","6939.12744140625","6939.12744140625","6939.12744140625","","","","","",""
"24202120","","","","","","","6917.966796875","6917.966796875","6917.966796875","","","","","",""
"24207496","","","","","","","","","","6931.67236328125","6931.67236328125","6931.67236328125","","",""
"24210568","6164.05126953125","6164.05126953125","6164.05126953125","","","","","","","","","","","",""
"24235912","","","","","","","6918.43212890625","6918.43212890625","6918.43212890625","","","","","",""
"24236424","","","","6322.10791015625","6322.10791015625","6322.10791015625","","","","","","","","",""
"24236936","","","","6323.26123046875","6323.26123046875","6323.26123046875","","","","","","","","",""
"24242056","","","","","","","6919.2490234375","6919.2490234375","6919.2490234375","","","","","",""
"24245384","","","","","","","6893.37353515625","6893.37353515625","6893.37353515625","","","","","",""
"24247432","","","","","","","6892.4072265625","6892.4072265625","6892.4072265625","","","","","",""
"24255880","","","","6325.92431640625","6325.92431640625","6325.92431640625","","","","","","","","",""
"24260744","","","","6327.05810546875","6327.05810546875","6327.05810546875","","","","","","","","",""
"24278408","","","","6328.310546875","6328.310546875","6328.310546875","","","","","","","","",""
"24284808","","","","6329.84033203125","6329.84033203125","6329.84033203125","","","","","","","","",""
"24286088","","","","","","","6893.28173828125","6893.28173828125","6893.28173828125","","","","","",""
"24294024","","","","","","","6893.1552734375","6893.1552734375","6893.1552734375","","","","","",""
"24295048","","","","","","","6883.5361328125","6883.5361328125","6883.5361328125","","","","","",""
"24296584","","","","6330.61376953125","6330.61376953125","6330.61376953125","","","","","","","","",""
"24299144","","","","","","","","","","6921.1865234375","6921.1865234375","6921.1865234375","","",""
"24308104","","","","","","","","","","","","","6867.41943359375","6867.41943359375","6867.41943359375"
"24314248","6165.533203125","6165.533203125","6165.533203125","","","","","","","","","","","",""
"24315016","","","","","","","6885.16748046875","6885.16748046875","6885.16748046875","","","","","",""
"24320648","","","","","","","","","","6921.8017578125","6921.8017578125","6921.8017578125","","",""
"24325000","6273.79052734375","6273.79052734375","6273.79052734375","6445.72802734375","6445.72802734375","6445.72802734375","6977.0185546875","6977.0185546875","6977.0185546875","6969.240234375","6969.240234375","6969.240234375","6962.00537109375","6962.00537109375","6962.00537109375"
"24429192","","","","","","","6931.02294921875","6931.02294921875","6931.02294921875","","","","","",""
"24517768","","","","","","","6913.41748046875","6913.41748046875","6913.41748046875","","","","","",""
"24533896","","","","","","","6898.96044921875","6898.96044921875","6898.96044921875","","","","","",""
"24561800","","","","","","","","","","6962.67724609375","6962.67724609375","6962.67724609375","","",""
"24576392","","","","","","","","","","6952.42919921875","6952.42919921875","6952.42919921875","","",""
"24581000","6297.25537109375","6297.25537109375","6297.25537109375","6497.01025390625","6497.01025390625","6497.01025390625","6993.30859375","6993.30859375","6993.30859375","6927.533203125","6927.533203125","6927.533203125","7000.869140625","7000.869140625","7000.869140625"
"24603528","","","","","","","6925.31689453125","6925.31689453125","6925.31689453125","","","","","",""
"24653192","","","","","","","6871.19091796875","6871.19091796875","6871.19091796875","","","","","",""
"24675976","","","","","","","6822.4560546875","6822.4560546875","6822.4560546875","","","","","",""
"24685192","","","","","","","6822.98291015625","6822.98291015625","6822.98291015625","","","","","",""
"24692360","","","","","","","6780.52978515625","6780.52978515625","6780.52978515625","","","","","",""
"24722824","","","","","","","","","","6892.65380859375","6892.65380859375","6892.65380859375","","",""
"24728456","","","","","","","6746.60107421875","6746.60107421875","6746.60107421875","","","","","",""
"24772744","","","","","","","6728.064453125","6728.064453125","6728.064453125","","","","","",""
"24773768","","","","","","","6731.1767578125","6731.1767578125","6731.1767578125","","","","","",""
"24779656","","","","6480.40478515625","6480.40478515625","6480.40478515625","","","","","","","","",""
"24788360","","","","","","","6712.43115234375","6712.43115234375","6712.43115234375","","","","","",""
"24789896","","","","","","","6716.27685546875","6716.27685546875","6716.27685546875","","","","","",""
"24817800","","","","","","","","","","6892.61181640625","6892.61181640625","6892.61181640625","","",""
"24832392","","","","","","","","","","6892.7724609375","6892.7724609375","6892.7724609375","","",""
"24837000","6306.02587890625","6306.02587890625","6306.02587890625","6534.9873046875","6534.9873046875","6534.9873046875","7014.8623046875","7014.8623046875","7014.8623046875","7007.5986328125","7007.5986328125","7007.5986328125","7007.00341796875","7007.00341796875","7007.00341796875"
"24859528","","","","","","","7015.77734375","7015.77734375","7015.77734375","","","","","",""
"24873096","","","","","","","","","","","","","6939.79296875","6939.79296875","6939.79296875"
"24909192","","","","","","","7016.3759765625","7016.3759765625","7016.3759765625","","","","","",""
"24931976","","","","","","","7017.94677734375","7017.94677734375","7017.94677734375","","","","","",""
"24941192","","","","","","","7016.58984375","7016.58984375","7016.58984375","","","","","",""
"24948360","","","","","","","7018.5947265625","7018.5947265625","7018.5947265625","","","","","",""
"24958344","","","","","","","6972.34130859375","6972.34130859375","6972.34130859375","","","","","",""
"24966024","6272.4462890625","6272.4462890625","6272.4462890625","","","","","","","","","","","",""
"24976520","","","","","","","6937.9765625","6937.9765625","6937.9765625","","","","","",""
"24978824","","","","","","","","","","7008.5634765625","7008.5634765625","7008.5634765625","","",""
"24984456","","","","","","","6939.7734375","6939.7734375","6939.7734375","","","","","",""
"24986504","","","","","","","6905.74658203125","6905.74658203125","6905.74658203125","","","","","",""
"24995720","","","","","","","","","","6976.9853515625","6976.9853515625","6976.9853515625","","",""
"25000072","","","","","","","6875.35791015625","6875.35791015625","6875.35791015625","","","","","",""
"25006472","","","","","","","6846.90087890625","6846.90087890625","6846.90087890625","","","","","",""
"25023368","","","","","","","6826.35595703125","6826.35595703125","6826.35595703125","","","","","",""
"25028744","","","","","","","6825.455078125","6825.455078125","6825.455078125","","","","","",""
"25029256","","","","","","","6806.77880859375","6806.77880859375","6806.77880859375","","","","","",""
"25029768","","","","","","","6807.77783203125","6807.77783203125","6807.77783203125","","","","","",""
"25030536","","","","","","","6790.291015625","6790.291015625","6790.291015625","","","","","",""
"25031560","","","","","","","6767.353515625","6767.353515625","6767.353515625","","","","","",""
"25035656","","","","6535.74853515625","6535.74853515625","6535.74853515625","","","","","","","","",""
"25044360","","","","","","","6769.15380859375","6769.15380859375","6769.15380859375","","","","","",""
"25045896","","","","","","","6772.19921875","6772.19921875","6772.19921875","","","","","",""
"25052040","","","","","","","6755.1015625","6755.1015625","6755.1015625","","","","","",""
"25055880","","","","","","","6745.53857421875","6745.53857421875","6745.53857421875","","","","","",""
"25061000","","","","","","","6738.65478515625","6738.65478515625","6738.65478515625","","","","","",""
"25073800","","","","","","","","","","6976.95166015625","6976.95166015625","6976.95166015625","","",""
"25088392","","","","","","","","","","6977.2646484375","6977.2646484375","6977.2646484375","","",""
"25093000","6287.9853515625","6287.9853515625","6287.9853515625","6454.8203125","6454.8203125","6454.8203125","6897.84912109375","6897.84912109375","6897.84912109375","7038.9716796875","7038.9716796875","7038.9716796875","6990.4541015625","6990.4541015625","6990.4541015625"
"25115528","","","","","","","6897.833984375","6897.833984375","6897.833984375","","","","","",""
"25129096","","","","","","","","","","","","","6991.158203125","6991.158203125","6991.158203125"
"25165192","","","","","","","6897.6259765625","6897.6259765625","6897.6259765625","","","","","",""
"25181320","6244.01318359375","6244.01318359375","6244.01318359375","","","","","","","","","","","",""
"25182856","","","","","","","6848.61279296875","6848.61279296875","6848.61279296875","","","","","",""
"25187976","","","","","","","6848.08056640625","6848.08056640625","6848.08056640625","","","","","",""
"25197192","","","","","","","6848.43115234375","6848.43115234375","6848.43115234375","","","","","",""
"25204360","","","","","","","6850.0693359375","6850.0693359375","6850.0693359375","","","","","",""
"25214344","","","","","","","6851.86865234375","6851.86865234375","6851.86865234375","","","","","",""
"25222024","6244.58447265625","6244.58447265625","6244.58447265625","","","","","","","","","","","",""
"25232520","","","","","","","6852.73046875","6852.73046875","6852.73046875","","","","","",""
"25234824","","","","","","","","","","7039.59130859375","7039.59130859375","7039.59130859375","","",""
"25240456","","","","","","","6854.296875","6854.296875","6854.296875","","","","","",""
"25242504","","","","","","","6855.720703125","6855.720703125","6855.720703125","","","","","",""
"25243016","","","","","","","6823.71484375","6823.71484375","6823.71484375","","","","","",""
"25249672","","","","","","","6794.7509765625","6794.7509765625","6794.7509765625","","","","","",""
"25251720","","","","","","","","","","7039.7685546875","7039.7685546875","7039.7685546875","","",""
"25251976","","","","","","","6767.4541015625","6767.4541015625","6767.4541015625","","","","","",""
"25256072","","","","","","","6770.61181640625","6770.61181640625","6770.61181640625","","","","","",""
"25262472","","","","","","","6772.966796875","6772.966796875","6772.966796875","","","","","",""
"25279368","","","","","","","6775.9072265625","6775.9072265625","6775.9072265625","","","","","",""
"25284744","","","","","","","6776.6162109375","6776.6162109375","6776.6162109375","","","","","",""
"25285256","","","","","","","6777.08544921875","6777.08544921875","6777.08544921875","","","","","",""
"25285768","","","","","","","6777.95361328125","6777.95361328125","6777.95361328125","","","","","",""
"25286536","","","","","","","6781.18603515625","6781.18603515625","6781.18603515625","","","","","",""
"25287560","","","","","","","6781.9296875","6781.9296875","6781.9296875","","","","","",""
"25291656","","","","6450.439453125","6450.439453125","6450.439453125","","","","","","","","",""
"25300360","","","","","","","6784.1435546875","6784.1435546875","6784.1435546875","","","","","",""
"25301896","","","","","","","6784.4775390625","6784.4775390625","6784.4775390625","","","","","",""
"25308040","","","","","","","6786.86474609375","6786.86474609375","6786.86474609375","","","","","",""
"25311880","","","","","","","6786.92724609375","6786.92724609375","6786.92724609375","","","","","",""
"25317000","","","","","","","6787.310546875","6787.310546875","6787.310546875","","","","","",""
"25327496","","","","","","","","","","7031.142578125","7031.142578125","7031.142578125","","",""
"25329800","","","","","","","","","","7029.787109375","7029.787109375","7029.787109375","","",""
"25340040","","","","","","","6785.703125","6785.703125","6785.703125","","","","","",""
"25344392","","","","","","","","","","7030.3798828125","7030.3798828125","7030.3798828125","","",""
"25349000","6280.884765625","6280.884765625","6280.884765625","6435.73291015625","6435.73291015625","6435.73291015625","6955.59912109375","6955.59912109375","6955.59912109375","6962.4580078125","6962.4580078125","6962.4580078125","7022.830078125","7022.830078125","7022.830078125"
"25371528","","","","","","","6954.66064453125","6954.66064453125","6954.66064453125","","","","","",""
"25385096","","","","","","","","","","","","","7022.82470703125","7022.82470703125","7022.82470703125"
"25411464","","","","","","","","","","6897.43115234375","6897.43115234375","6897.43115234375","","",""
"25421192","","","","","","","6954.3330078125","6954.3330078125","6954.3330078125","","","","","",""
"25424776","","","","","","","6900.19970703125","6900.19970703125","6900.19970703125","","","","","",""
"25437320","6280.70556640625","6280.70556640625","6280.70556640625","","","","","","","","","","","",""
"25438856","","","","","","","6900.76171875","6900.76171875","6900.76171875","","","","","",""
"25443976","","","","","","","6901.51806640625","6901.51806640625","6901.51806640625","","","","","",""
"25453192","","","","","","","6903.98974609375","6903.98974609375","6903.98974609375","","","","","",""
"25460360","","","","","","","6904.4453125","6904.4453125","6904.4453125","","","","","",""
"25467272","","","","","","","6863.26416015625","6863.26416015625","6863.26416015625","","","","","",""
"25470344","","","","","","","6864.578125","6864.578125","6864.578125","","","","","",""
"25473928","","","","","","","6825.49560546875","6825.49560546875","6825.49560546875","","","","","",""
"25478024","6281.62744140625","6281.62744140625","6281.62744140625","","","","","","","","","","","",""
"25488520","","","","","","","6826.87060546875","6826.87060546875","6826.87060546875","","","","","",""
"25490312","","","","","","","6794.08544921875","6794.08544921875","6794.08544921875","","","","","",""
"25490824","","","","","","","","","","6898.625","6898.625","6898.625","","",""
"25494920","","","","","","","6761.5068359375","6761.5068359375","6761.5068359375","","","","","",""
"25496456","","","","","","","6763.88232421875","6763.88232421875","6763.88232421875","","","","","",""
"25498504","","","","","","","6766.18603515625","6766.18603515625","6766.18603515625","","","","","",""
"25499016","","","","","","","6766.2900390625","6766.2900390625","6766.2900390625","","","","","",""
"25505672","","","","","","","6768.99365234375","6768.99365234375","6768.99365234375","","","","","",""
"25507720","","","","","","","","","","6899.93505859375","6899.93505859375","6899.93505859375","","",""
"25507976","","","","","","","6770.94482421875","6770.94482421875","6770.94482421875","","","","","",""
"25512072","","","","","","","6773.421875","6773.421875","6773.421875","","","","","",""
"25515912","","","","","","","6747.240234375","6747.240234375","6747.240234375","","","","","",""
"25518472","","","","","","","6746.2685546875","6746.2685546875","6746.2685546875","","","","","",""
"25535368","","","","","","","6747.71630859375","6747.71630859375","6747.71630859375","","","","","",""
"25540744","","","","","","","6751.689453125","6751.689453125","6751.689453125","","","","","",""
"25541256","","","","","","","6755.0244140625","6755.0244140625","6755.0244140625","","","","","",""
"25541768","","","","","","","6756.20751953125","6756.20751953125","6756.20751953125","","","","","",""
"25542536","","","","","","","6759.28173828125","6759.28173828125","6759.28173828125","","","","","",""
"25543560","","","","","","","6761.59375","6761.59375","6761.59375","","","","","",""
"25546376","","","","","","","6735.1103515625","6735.1103515625","6735.1103515625","","","","","",""
"25546632","","","","","","","6715.98095703125","6715.98095703125","6715.98095703125","","","","","",""
"25547656","","","","6436.18212890625","6436.18212890625","6436.18212890625","","","","","","","","",""
"25556360","","","","","","","6719.673828125","6719.673828125","6719.673828125","","","","","",""
"25557896","","","","","","","6722.56689453125","6722.56689453125","6722.56689453125","","","","","",""
"25564040","","","","","","","6725.62548828125","6725.62548828125","6725.62548828125","","","","","",""
"25567880","","","","","","","6729.51416015625","6729.51416015625","6729.51416015625","","","","","",""
"25573000","","","","","","","6730.8994140625","6730.8994140625","6730.8994140625","","","","","",""
"25575816","","","","","","","","","","6890.740234375","6890.740234375","6890.740234375","","",""
"25576328","","","","","","","6724.18505859375","6724.18505859375","6724.18505859375","","","","","",""
"25583496","","","","","","","","","","6891.92529296875","6891.92529296875","6891.92529296875","","",""
"25585800","","","","","","","","","","6892.849609375","6892.849609375","6892.849609375","","",""
"25600392","","","","","","","","","","6893.044921875","6893.044921875","6893.044921875","","",""
"25605000","6305.59814453125","6305.59814453125","6305.59814453125","6519.60546875","6519.60546875","6519.60546875","6963.0166015625","6963.0166015625","6963.0166015625","6935.60595703125","6935.60595703125","6935.60595703125","6993.96240234375","6993.96240234375","6993.96240234375"
"25688712","6260.75244140625","6260.75244140625","6260.75244140625","","","","","","","","","","","",""
"25689480","6214.45654296875","6214.45654296875","6214.45654296875","","","","","","","","","","","",""
"25693832","6170.4990234375","6170.4990234375","6170.4990234375","","","","","","","","","","","",""
"25696136","6127.57373046875","6127.57373046875","6127.57373046875","","","","","","","","","","","",""
"25703304","6083.47900390625","6083.47900390625","6083.47900390625","","","","","","","","","","","",""
"25767304","6059.51806640625","6059.51806640625","6059.51806640625","","","","","","","","","","","",""
"25771656","","","","6494.8505859375","6494.8505859375","6494.8505859375","","","","","","","","",""
"25861000","6271.7578125","6271.7578125","6271.7578125","6485.84033203125","6485.84033203125","6485.84033203125","7023.66650390625","7023.66650390625","7023.66650390625","6983.8466796875","6983.8466796875","6983.8466796875","7039.0185546875","7039.0185546875","7039.0185546875"
"25874568","6210.322265625","6210.322265625","6210.322265625","","","","","","","","","","","",""
"25944712","6211.3330078125","6211.3330078125","6211.3330078125","","","","","","","","","","","",""
"25945480","6213.42431640625","6213.42431640625","6213.42431640625","","","","","","","","","","","",""
"25949832","6215.14501953125","6215.14501953125","6215.14501953125","","","","","","","","","","","",""
"25952136","6216.06005859375","6216.06005859375","6216.06005859375","","","","","","","","","","","",""
"25959304","6217.2744140625","6217.2744140625","6217.2744140625","","","","","","","","","","","",""
"25977736","6162.73974609375","6162.73974609375","6162.73974609375","","","","","","","","","","","",""
"26007688","","","","","","","6991.3671875","6991.3671875","6991.3671875","","","","","",""
"26023304","6164.50732421875","6164.50732421875","6164.50732421875","","","","","","","","","","","",""
"26027656","","","","6486.96923828125","6486.96923828125","6486.96923828125","","","","","","","","",""
"26051976","","","","","","","","","","6963.8369140625","6963.8369140625","6963.8369140625","","",""
"26078856","","","","","","","6978.59716796875","6978.59716796875","6978.59716796875","","","","","",""
"26090888","6154.5634765625","6154.5634765625","6154.5634765625","","","","","","","","","","","",""
"26117000","6273.30029296875","6273.30029296875","6273.30029296875","6543.2255859375","6543.2255859375","6543.2255859375","7031.08349609375","7031.08349609375","7031.08349609375","7050.27978515625","7050.27978515625","7050.27978515625","7047.6171875","7047.6171875","7047.6171875"
"26130568","6273.0869140625","6273.0869140625","6273.0869140625","","","","","","","","","","","",""
"26165640","","","","","","","6963.76318359375","6963.76318359375","6963.76318359375","","","","","",""
"26200712","6273.5849609375","6273.5849609375","6273.5849609375","","","","","","","","","","","",""
"26201480","6274.39111328125","6274.39111328125","6274.39111328125","","","","","","","","","","","",""
"26205832","6273.884765625","6273.884765625","6273.884765625","","","","","","","","","","","",""
"26208136","6273.84375","6273.84375","6273.84375","","","","","","","","","","","",""
"26215304","6273.9775390625","6273.9775390625","6273.9775390625","","","","","","","","","","","",""
"26233736","6275.43505859375","6275.43505859375","6275.43505859375","","","","","","","","","","","",""
"26262408","6244.3125","6244.3125","6244.3125","","","","","","","","","","","",""
"26263688","","","","","","","6966.35498046875","6966.35498046875","6966.35498046875","","","","","",""
"26279304","6245.1904296875","6245.1904296875","6245.1904296875","","","","","","","","","","","",""
"26283656","","","","6543.86376953125","6543.86376953125","6543.86376953125","","","","","","","","",""
"26307976","","","","","","","","","","7050.509765625","7050.509765625","7050.509765625","","",""
"26316680","","","","6517.6474609375","6517.6474609375","6517.6474609375","","","","","","","","",""
"26322312","","","","","","","6950.828125","6950.828125","6950.828125","","","","","",""
"26334856","","","","","","","6952.947265625","6952.947265625","6952.947265625","","","","","",""
"26346888","6245.26904296875","6245.26904296875","6245.26904296875","","","","","","","","","","","",""
"26373000","6328.21337890625","6328.21337890625","6328.21337890625","6535.7666015625","6535.7666015625","6535.7666015625","7099.009765625","7099.009765625","7099.009765625","7065.3896484375","7065.3896484375","7065.3896484375","7065.3134765625","7065.3134765625","7065.3134765625"
"26386568","6325.138671875","6325.138671875","6325.138671875","","","","","","","","","","","",""
"26421640","","","","","","","7099.87353515625","7099.87353515625","7099.87353515625","","","","","",""
"26456712","6325.78369140625","6325.78369140625","6325.78369140625","","","","","","","","","","","",""
"26457480","6323.85693359375","6323.85693359375","6323.85693359375","","","","","","","","","","","",""
"26461832","6323.89111328125","6323.89111328125","6323.89111328125","","","","","","","","","","","",""
"26464136","6324.38427734375","6324.38427734375","6324.38427734375","","","","","","","","","","","",""
"26471304","6324.529296875","6324.529296875","6324.529296875","","","","","","","","","","","",""
"26489736","6325.6650390625","6325.6650390625","6325.6650390625","","","","","","","","","","","",""
"26518408","6324.4111328125","6324.4111328125","6324.4111328125","6503.28759765625","6503.28759765625","6503.28759765625","","","","","","","","",""
"26519688","","","","","","","7099.419921875","7099.419921875","7099.419921875","","","","","",""
"26535304","6322.9775390625","6322.9775390625","6322.9775390625","","","","","","","","","","","",""
"26539656","","","","6504.1123046875","6504.1123046875","6504.1123046875","","","","","","","","",""
"26563976","","","","","","","","","","7064.69873046875","7064.69873046875","7064.69873046875","","",""
"26572680","","","","6502.8017578125","6502.8017578125","6502.8017578125","","","","","","","","",""
"26578312","","","","","","","7101.021484375","7101.021484375","7101.021484375","","","","","",""
"26590856","","","","","","","7102.1640625","7102.1640625","7102.1640625","","","","","",""
"26602888","6320.884765625","6320.884765625","6320.884765625","","","","","","","","","","","",""
"26628232","6320.1650390625","6320.1650390625","6320.1650390625","","","","","","","","","","","",""
"26629000","6323.18798828125","6323.18798828125","6323.18798828125","6560.04736328125","6560.04736328125","6560.04736328125","7061.40185546875","7061.40185546875","7061.40185546875","7050.9384765625","7050.9384765625","7050.9384765625","7057.8369140625","7057.8369140625","7057.8369140625"
"26642568","6323.4921875","6323.4921875","6323.4921875","","","","","","","","","","","",""
"26670472","","","","6500.48486328125","6500.48486328125","6500.48486328125","","","","","","","","",""
"26677640","","","","","","","7061.822265625","7061.822265625","7061.822265625","","","","","",""
"26712712","6324.12744140625","6324.12744140625","6324.12744140625","","","","","","","","","","","",""
"26713480","6324.62060546875","6324.62060546875","6324.62060546875","","","","","","","","","","","",""
"26716040","","","","","","","","","","6999.103515625","6999.103515625","6999.103515625","","",""
"26717832","6325.40234375","6325.40234375","6325.40234375","","","","","","","","","","","",""
"26720136","6325.7587890625","6325.7587890625","6325.7587890625","","","","","","","","","","","",""
"26727304","6326.353515625","6326.353515625","6326.353515625","","","","","","","","","","","",""
"26737544","","","","","","","","","","6953.68310546875","6953.68310546875","6953.68310546875","","",""
"26740616","","","","","","","","","","6909.43603515625","6909.43603515625","6909.43603515625","","",""
"26740872","","","","","","","","","","6865.60693359375","6865.60693359375","6865.60693359375","","",""
"26741128","","","","","","","","","","6822.3505859375","6822.3505859375","6822.3505859375","","",""
"26743176","","","","","","","","","","6780.73876953125","6780.73876953125","6780.73876953125","","",""
"26744456","","","","","","","","","","6741.328125","6741.328125","6741.328125","","",""
"26745736","6325.13916015625","6325.13916015625","6325.13916015625","","","","","","","","","","","",""
"26746504","","","","","","","","","","6700.81787109375","6700.81787109375","6700.81787109375","","",""
"26774408","6325.25048828125","6325.25048828125","6325.25048828125","6502.111328125","6502.111328125","6502.111328125","","","","","","","","",""
"26775688","","","","","","","7061.55126953125","7061.55126953125","7061.55126953125","","","","","",""
"26791304","6324.869140625","6324.869140625","6324.869140625","","","","","","","","","","","",""
"26795656","","","","6502.76611328125","6502.76611328125","6502.76611328125","","","","","","","","",""
"26804616","","","","","","","","","","6677.57568359375","6677.57568359375","6677.57568359375","","",""
"26819976","","","","","","","","","","6681.89990234375","6681.89990234375","6681.89990234375","","",""
"26828680","","","","6504.0615234375","6504.0615234375","6504.0615234375","","","","","","","","",""
"26834312","","","","","","","7062.0380859375","7062.0380859375","7062.0380859375","","","","","",""
"26846856","","","","","","","7063.05859375","7063.05859375","7063.05859375","","","","","",""
"26858888","6325.16650390625","6325.16650390625","6325.16650390625","","","","","","","","","","","",""
"26875272","","","","","","","","","","6681.822265625","6681.822265625","6681.822265625","","",""
"26876552","","","","","","","","","","6629.6484375","6629.6484375","6629.6484375","","",""
"26884232","6325.87255859375","6325.87255859375","6325.87255859375","","","","","","","","","","","",""
"26885000","6313.88427734375","6313.88427734375","6313.88427734375","6550.07666015625","6550.07666015625","6550.07666015625","7079.4697265625","7079.4697265625","7079.4697265625","7049.87158203125","7049.87158203125","7049.87158203125","7085.16796875","7085.16796875","7085.16796875"
"26921096","6254.86474609375","6254.86474609375","6254.86474609375","","","","","","","","","","","",""
"26954120","","","","","","","7021.03369140625","7021.03369140625","7021.03369140625","","","","","",""
"26974856","","","","","","","6952.9912109375","6952.9912109375","6952.9912109375","","","","","",""
"27032456","","","","","","","6919.51318359375","6919.51318359375","6919.51318359375","","","","","",""
"27040648","","","","6519.447265625","6519.447265625","6519.447265625","","","","","","","","",""
"27072392","","","","","","","6893.18408203125","6893.18408203125","6893.18408203125","","","","","",""
"27133832","","","","6516.20556640625","6516.20556640625","6516.20556640625","","","","","","","","",""
"27141000","6305.0400390625","6305.0400390625","6305.0400390625","6613.55810546875","6613.55810546875","6613.55810546875","7052.52734375","7052.52734375","7052.52734375","7088.626953125","7088.626953125","7088.626953125","7133.1455078125","7133.1455078125","7133.1455078125"
"27177096","6306.63525390625","6306.63525390625","6306.63525390625","","","","","","","","","","","",""
"27211912","","","","6559.865234375","6559.865234375","6559.865234375","","","","","","","","",""
"27230856","","","","","","","7054.3662109375","7054.3662109375","7054.3662109375","","","","","",""
"27238792","","","","","","","7002.875","7002.875","7002.875","","","","","",""
"27252872","","","","","","","","","","7043.9404296875","7043.9404296875","7043.9404296875","","",""
"27254920","","","","","","","6960.0361328125","6960.0361328125","6960.0361328125","","","","","",""
"27259784","","","","","","","","","","7002.33837890625","7002.33837890625","7002.33837890625","","",""
"27273352","","","","","","","","","","6956.16552734375","6956.16552734375","6956.16552734375","","",""
"27288456","","","","","","","6960.55029296875","6960.55029296875","6960.55029296875","","","","","",""
"27296648","","","","6561.076171875","6561.076171875","6561.076171875","","","","","","","","",""
"27297416","","","","","","","","","","6915.6923828125","6915.6923828125","6915.6923828125","","",""
"27309448","","","","","","","","","","6887.24462890625","6887.24462890625","6887.24462890625","","",""
"27328392","","","","","","","6963.2177734375","6963.2177734375","6963.2177734375","","","","","",""
"27331720","","","","","","","","","","6866.0458984375","6866.0458984375","6866.0458984375","","",""
"27347336","6280.546875","6280.546875","6280.546875","","","","","","","","","","","",""
"27382920","6273.87109375","6273.87109375","6273.87109375","","","","","","","","","","","",""
"27389832","","","","6561.3037109375","6561.3037109375","6561.3037109375","","","","","","","","",""
"27397000","6302.41357421875","6302.41357421875","6302.41357421875","6617.74169921875","6617.74169921875","6617.74169921875","7087.94677734375","7087.94677734375","7087.94677734375","7083.44482421875","7083.44482421875","7083.44482421875","7103.99462890625","7103.99462890625","7103.99462890625"
"27410568","6240.69921875","6240.69921875","6240.69921875","","","","","","","","","","","",""
"27428744","","","","","","","7021.08544921875","7021.08544921875","7021.08544921875","","","","","",""
"27433096","6242.59814453125","6242.59814453125","6242.59814453125","","","","","","","","","","","",""
"27467912","","","","6618.82373046875","6618.82373046875","6618.82373046875","","","","","","","","",""
"27486344","","","","","","","","","","7032.2978515625","7032.2978515625","7032.2978515625","","",""
"27486856","","","","","","","7022.58984375","7022.58984375","7022.58984375","","","","","",""
"27487112","","","","","","","","","","6981.2685546875","6981.2685546875","6981.2685546875","","",""
"27489160","","","","","","","","","","6931.21337890625","6931.21337890625","6931.21337890625","","",""
"27490184","6200.1162109375","6200.1162109375","6200.1162109375","","","","","","","","","","","",""
"27490696","","","","6572.22119140625","6572.22119140625","6572.22119140625","","","","","","","","",""
"27494792","","","","","","","7024.130859375","7024.130859375","7024.130859375","","","","","",""
"27508872","","","","","","","","","","6932.5859375","6932.5859375","6932.5859375","","",""
"27510920","","","","","","","7026.4130859375","7026.4130859375","7026.4130859375","","","","","",""
"27515784","","","","","","","","","","6935.2080078125","6935.2080078125","6935.2080078125","","",""
"27516808","","","","","","","","","","6894.0537109375","6894.0537109375","6894.0537109375","","",""
"27517064","6164.587890625","6164.587890625","6164.587890625","","","","","","","","","","","",""
"27525768","","","","","","","","","","6856.1240234375","6856.1240234375","6856.1240234375","","",""
"27529352","","","","","","","","","","6859.84423828125","6859.84423828125","6859.84423828125","","",""
"27544456","","","","","","","7026.857421875","7026.857421875","7026.857421875","","","","","",""
"27548296","","","","","","","","","","6830.35791015625","6830.35791015625","6830.35791015625","","",""
"27552648","","","","6573.54296875","6573.54296875","6573.54296875","","","","","","","","",""
"27553416","","","","","","","","","","6832.49365234375","6832.49365234375","6832.49365234375","","",""
"27553928","","","","","","","","","","6802.875","6802.875","6802.875","","",""
"27565448","","","","","","","","","","6806.20068359375","6806.20068359375","6806.20068359375","","",""
"27584392","","","","","","","7024.60498046875","7024.60498046875","7024.60498046875","","","","","",""
"27587720","","","","","","","","","","6808.38671875","6808.38671875","6808.38671875","","",""
"27603336","6165.53662109375","6165.53662109375","6165.53662109375","","","","","","","","","","","",""
"27627656","","","","","","","","","","6788.32568359375","6788.32568359375","6788.32568359375","","",""
"27638920","6166.7236328125","6166.7236328125","6166.7236328125","","","","","","","","","","","",""
"27645832","","","","6575.3466796875","6575.3466796875","6575.3466796875","","","","","","","","",""
"27653000","6318.2216796875","6318.2216796875","6318.2216796875","6634.2421875","6634.2421875","6634.2421875","7145.75048828125","7145.75048828125","7145.75048828125","7053.25732421875","7053.25732421875","7053.25732421875","7121.2099609375","7121.2099609375","7121.2099609375"
"27666568","6318.5986328125","6318.5986328125","6318.5986328125","","","","","","","","","","","",""
"27684744","","","","","","","7144.775390625","7144.775390625","7144.775390625","","","","","",""
"27689096","6318.77978515625","6318.77978515625","6318.77978515625","","","","","","","","","","","",""
"27723912","","","","6634.74755859375","6634.74755859375","6634.74755859375","","","","","","","","",""
"27724168","6259.99169921875","6259.99169921875","6259.99169921875","","","","","","","","","","","",""
"27742344","","","","","","","","","","7053.90380859375","7053.90380859375","7053.90380859375","","",""
"27742856","","","","","","","7145.22216796875","7145.22216796875","7145.22216796875","","","","","",""
"27743112","","","","","","","","","","7053.87744140625","7053.87744140625","7053.87744140625","","",""
"27745160","","","","","","","","","","7055.9677734375","7055.9677734375","7055.9677734375","","",""
"27746184","6260.4736328125","6260.4736328125","6260.4736328125","","","","","","","","","","","",""
"27746696","","","","6633.0712890625","6633.0712890625","6633.0712890625","","","","","","","","",""
"27750792","","","","","","","7144.19189453125","7144.19189453125","7144.19189453125","","","","","",""
"27764872","","","","","","","","","","7055.97900390625","7055.97900390625","7055.97900390625","","",""
"27766920","","","","","","","7144.31787109375","7144.31787109375","7144.31787109375","","","","","",""
"27771784","","","","","","","","","","7057.0234375","7057.0234375","7057.0234375","","",""
"27772808","","","","","","","","","","7056.8173828125","7056.8173828125","7056.8173828125","","",""
"27773064","6262.44189453125","6262.44189453125","6262.44189453125","","","","","","","","","","","",""
"27775112","","","","6590.130859375","6590.130859375","6590.130859375","","","","","","","","",""
"27781256","","","","","","","7104.513671875","7104.513671875","7104.513671875","","","","","",""
"27781768","","","","","","","","","","7056.87548828125","7056.87548828125","7056.87548828125","","",""
"27785352","","","","","","","","","","7058.47119140625","7058.47119140625","7058.47119140625","","",""
"27800456","","","","","","","7103.69775390625","7103.69775390625","7103.69775390625","","","","","",""
"27804296","","","","","","","","","","7058.08740234375","7058.08740234375","7058.08740234375","","",""
"27808648","","","","6592.1025390625","6592.1025390625","6592.1025390625","","","","","","","","",""
"27809416","","","","","","","","","","7060.41845703125","7060.41845703125","7060.41845703125","","",""
"27809928","","","","","","","","","","7060.7255859375","7060.7255859375","7060.7255859375","","",""
"27821448","","","","","","","","","","7060.72314453125","7060.72314453125","7060.72314453125","","",""
"27840392","","","","","","","7104.4853515625","7104.4853515625","7104.4853515625","","","","","",""
"27843720","","","","","","","","","","7062.888671875","7062.888671875","7062.888671875","","",""
"27859336","6262.51318359375","6262.51318359375","6262.51318359375","","","","","","","","","","","",""
"27866760","","","","6577.1259765625","6577.1259765625","6577.1259765625","","","","","","","","",""
"27876488","","","","6565.1298828125","6565.1298828125","6565.1298828125","","","","","","","","",""
"27882632","","","","","","","7063.796875","7063.796875","7063.796875","","","","","",""
"27883656","","","","","","","","","","7063.00732421875","7063.00732421875","7063.00732421875","","",""
"27894920","6263.23193359375","6263.23193359375","6263.23193359375","","","","","","","","","","","",""
"27900296","","","","","","","7059.93115234375","7059.93115234375","7059.93115234375","","","","","",""
"27901832","","","","6566.740234375","6566.740234375","6566.740234375","","","","","","","","",""
"27909000","6312.8154296875","6312.8154296875","6312.8154296875","6592.58544921875","6592.58544921875","6592.58544921875","7101.11962890625","7101.11962890625","7101.11962890625","7131.0791015625","7131.0791015625","7131.0791015625","7117.04443359375","7117.04443359375","7117.04443359375"
"27922568","6310.89306640625","6310.89306640625","6310.89306640625","","","","","","","","","","","",""
"27940744","","","","","","","7102.5068359375","7102.5068359375","7102.5068359375","","","","","",""
"27943048","","","","","","","7034.416015625","7034.416015625","7034.416015625","","","","","",""
"27945096","6311.79345703125","6311.79345703125","6311.79345703125","","","","","","","","","","","",""
"27979912","","","","6593.380859375","6593.380859375","6593.380859375","","","","","","","","",""
"27980168","6312.90380859375","6312.90380859375","6312.90380859375","","","","","","","","","","","",""
"27998344","","","","","","","","","","7130.91796875","7130.91796875","7130.91796875","","",""
"27998856","","","","","","","7036.2861328125","7036.2861328125","7036.2861328125","","","","","",""
"27999112","","","","","","","","","","7130.8330078125","7130.8330078125","7130.8330078125","","",""
"28001160","","","","","","","","","","7129.91162109375","7129.91162109375","7129.91162109375","","",""
"28002184","6312.97509765625","6312.97509765625","6312.97509765625","","","","","","","","","","","",""
"28002696","","","","6594.34130859375","6594.34130859375","6594.34130859375","","","","","","","","",""
"28020872","","","","","","","","","","7130.490234375","7130.490234375","7130.490234375","","",""
"28022920","","","","","","","7038.583984375","7038.583984375","7038.583984375","","","","","",""
"28027784","","","","","","","","","","7130.93310546875","7130.93310546875","7130.93310546875","","",""
"28028808","","","","","","","","","","7131.24560546875","7131.24560546875","7131.24560546875","","",""
"28029064","6314.08447265625","6314.08447265625","6314.08447265625","","","","","","","","","","","",""
"28031112","","","","6595.72900390625","6595.72900390625","6595.72900390625","","","","","","","","",""
"28037000","","","","","","","6997.55615234375","6997.55615234375","6997.55615234375","","","","","",""
"28037256","","","","","","","7001.1416015625","7001.1416015625","7001.1416015625","","","","","",""
"28037768","","","","","","","","","","7131.6474609375","7131.6474609375","7131.6474609375","","",""
"28041352","","","","","","","","","","7127.080078125","7127.080078125","7127.080078125","","",""
"28054152","","","","6562.853515625","6562.853515625","6562.853515625","","","","","","","","",""
"28056456","","","","","","","7002.05126953125","7002.05126953125","7002.05126953125","","","","","",""
"28060296","","","","","","","","","","7127.29150390625","7127.29150390625","7127.29150390625","","",""
"28064648","","","","6562.44921875","6562.44921875","6562.44921875","","","","","","","","",""
"28065416","","","","","","","","","","7128.12353515625","7128.12353515625","7128.12353515625","","",""
"28065928","","","","","","","","","","7127.6923828125","7127.6923828125","7127.6923828125","","",""
"28074120","","","","","","","6971.45166015625","6971.45166015625","6971.45166015625","","","","","",""
"28077448","","","","","","","","","","7127.291015625","7127.291015625","7127.291015625","","",""
"28096392","","","","","","","6968.58544921875","6968.58544921875","6968.58544921875","","","","","",""
"28099720","","","","","","","","","","7127.33837890625","7127.33837890625","7127.33837890625","","",""
"28115336","6314.908203125","6314.908203125","6314.908203125","","","","","","","","","","","",""
"28122760","","","","6562.7255859375","6562.7255859375","6562.7255859375","","","","","","","","",""
"28132488","","","","6560.533203125","6560.533203125","6560.533203125","","","","","","","","",""
"28138632","","","","","","","6970.1552734375","6970.1552734375","6970.1552734375","","","","","",""
"28139656","","","","","","","","","","7127.54443359375","7127.54443359375","7127.54443359375","","",""
"28150920","6314.779296875","6314.779296875","6314.779296875","","","","","","","","","","","",""
"28157832","","","","6561.78857421875","6561.78857421875","6561.78857421875","","","","","","","","",""
"28165000","6324.0322265625","6324.0322265625","6324.0322265625","6599.97314453125","6599.97314453125","6599.97314453125","7199.02099609375","7199.02099609375","7199.02099609375","7098.8125","7098.8125","7098.8125","7113.22607421875","7113.22607421875","7113.22607421875"
"28229512","","","","","","","7138.576171875","7138.576171875","7138.576171875","","","","","",""
"28272008","","","","","","","7092.77294921875","7092.77294921875","7092.77294921875","","","","","",""
"28323464","","","","","","","","","","7068.205078125","7068.205078125","7068.205078125","","",""
"28346248","","","","6577.6025390625","6577.6025390625","6577.6025390625","","","","","","","","",""
"28377480","","","","6561.6904296875","6561.6904296875","6561.6904296875","","","","","","","","",""
"28409992","","","","","","","7088.419921875","7088.419921875","7088.419921875","","","","","",""
"28414088","","","","","","","7084.583984375","7084.583984375","7084.583984375","","","","","",""
"28421000","6336.69091796875","6336.69091796875","6336.69091796875","6663.29296875","6663.29296875","6663.29296875","7183.3583984375","7183.3583984375","7183.3583984375","7119.5625","7119.5625","7119.5625","7127.07470703125","7127.07470703125","7127.07470703125"
"28432264","6274.30419921875","6274.30419921875","6274.30419921875","","","","","","","","","","","",""
"28439944","","","","","","","","","","","","","7057.318359375","7057.318359375","7057.318359375"
"28448648","","","","","","","7113.8623046875","7113.8623046875","7113.8623046875","","","","","",""
"28485512","","","","","","","7113.08056640625","7113.08056640625","7113.08056640625","","","","","",""
"28528008","","","","","","","7113.904296875","7113.904296875","7113.904296875","","","","","",""
"28559496","","","","","","","7078.2080078125","7078.2080078125","7078.2080078125","","","","","",""
"28579464","","","","","","","","","","7120.00341796875","7120.00341796875","7120.00341796875","","",""
"28594312","","","","","","","7050.54931640625","7050.54931640625","7050.54931640625","","","","","",""
"28602248","","","","6662.435546875","6662.435546875","6662.435546875","","","","","","","","",""
"28632456","","","","6637.361328125","6637.361328125","6637.361328125","","","","","","","","",""
"28633480","","","","6637.30859375","6637.30859375","6637.30859375","","","","","","","","",""
"28665992","","","","","","","7052.00048828125","7052.00048828125","7052.00048828125","","","","","",""
"28670088","","","","","","","7054.48876953125","7054.48876953125","7054.48876953125","","","","","",""
"28676744","","","","","","","","","","7112.76416015625","7112.76416015625","7112.76416015625","","",""
"28677000","6350.36572265625","6350.36572265625","6350.36572265625","6648.89599609375","6648.89599609375","6648.89599609375","7199.150390625","7199.150390625","7199.150390625","7087.77294921875","7087.77294921875","7087.77294921875","7102.02001953125","7102.02001953125","7102.02001953125"
"28688264","6351.23876953125","6351.23876953125","6351.23876953125","","","","","","","","","","","",""
"28695944","","","","","","","","","","","","","7101.240234375","7101.240234375","7101.240234375"
"28704648","","","","","","","7197.67724609375","7197.67724609375","7197.67724609375","","","","","",""
"28711048","6289.98876953125","6289.98876953125","6289.98876953125","","","","","","","","","","","",""
"28741512","","","","","","","7198.06298828125","7198.06298828125","7198.06298828125","","","","","",""
"28784008","","","","","","","7199.05810546875","7199.05810546875","7199.05810546875","","","","","",""
"28799112","","","","","","","7155.79296875","7155.79296875","7155.79296875","","","","","",""
"28815496","","","","","","","7157.52294921875","7157.52294921875","7157.52294921875","","","","","",""
"28824456","","","","6630.51171875","6630.51171875","6630.51171875","","","","","","","","",""
"28835464","","","","","","","","","","7089.41748046875","7089.41748046875","7089.41748046875","","",""
"28850312","","","","","","","7155.9560546875","7155.9560546875","7155.9560546875","","","","","",""
"28858248","","","","6632.525390625","6632.525390625","6632.525390625","","","","","","","","",""
"28869512","","","","","","","7133.359375","7133.359375","7133.359375","","","","","",""
"28875400","","","","","","","7115.0185546875","7115.0185546875","7115.0185546875","","","","","",""
"28889480","","","","6634.57373046875","6634.57373046875","6634.57373046875","","","","","","","","",""
"28894088","","","","","","","","","","7076.15478515625","7076.15478515625","7076.15478515625","","",""
"28908168","6282.2265625","6282.2265625","6282.2265625","","","","","","","","","","","",""
"28921992","","","","","","","7112.59814453125","7112.59814453125","7112.59814453125","","","","","",""
"28926088","","","","","","","7113.595703125","7113.595703125","7113.595703125","","","","","",""
"28932744","","","","","","","","","","7075.10302734375","7075.10302734375","7075.10302734375","","",""
"28933000","6375.2578125","6375.2578125","6375.2578125","6732.681640625","6732.681640625","6732.681640625","7177.34033203125","7177.34033203125","7177.34033203125","7152.33349609375","7152.33349609375","7152.33349609375","7148.59912109375","7148.59912109375","7148.59912109375"
"28944264","6375.55126953125","6375.55126953125","6375.55126953125","","","","","","","","","","","",""
"28951688","","","","","","","7106.8017578125","7106.8017578125","7106.8017578125","","","","","",""
"28951944","","","","","","","","","","","","","7148.61279296875","7148.61279296875","7148.61279296875"
"28957576","","","","","","","","","","","","","7079.080078125","7079.080078125","7079.080078125"
"28960648","","","","","","","7105.76123046875","7105.76123046875","7105.76123046875","","","","","",""
"28961672","","","","","","","7037.01123046875","7037.01123046875","7037.01123046875","","","","","",""
"28967048","6374.60791015625","6374.60791015625","6374.60791015625","","","","","","","","","","","",""
"28997512","","","","","","","7038.06494140625","7038.06494140625","7038.06494140625","","","","","",""
"29040008","","","","","","","7039.1875","7039.1875","7039.1875","","","","","",""
"29053832","","","","","","","","","","7110.65869140625","7110.65869140625","7110.65869140625","","",""
"29055112","","","","","","","7042.521484375","7042.521484375","7042.521484375","","","","","",""
"29056648","","","","","","","","","","7070.294921875","7070.294921875","7070.294921875","","",""
"29064328","","","","","","","","","","7030.38720703125","7030.38720703125","7030.38720703125","","",""
"29067400","","","","","","","","","","6990.3994140625","6990.3994140625","6990.3994140625","","",""
"29071496","","","","","","","7044.63916015625","7044.63916015625","7044.63916015625","","","","","",""
"29080456","","","","6733.42431640625","6733.42431640625","6733.42431640625","","","","","","","","",""
"29091464","","","","","","","","","","6990.47314453125","6990.47314453125","6990.47314453125","","",""
"29106312","","","","","","","7047.458984375","7047.458984375","7047.458984375","","","","","",""
"29114248","","","","6734.439453125","6734.439453125","6734.439453125","","","","","","","","",""
"29120136","","","","6714.17529296875","6714.17529296875","6714.17529296875","","","","","","","","",""
"29125512","","","","","","","7048.72314453125","7048.72314453125","7048.72314453125","","","","","",""
"29131400","","","","","","","7049.4775390625","7049.4775390625","7049.4775390625","","","","","",""
"29145480","","","","6714.923828125","6714.923828125","6714.923828125","","","","","","","","",""
"29150088","","","","","","","","","","6992.71630859375","6992.71630859375","6992.71630859375","","",""
"29164168","6372.76611328125","6372.76611328125","6372.76611328125","","","","","","","","","","","",""
"29177992","","","","","","","7051.19482421875","7051.19482421875","7051.19482421875","","","","","",""
"29182088","","","","","","","7053.875","7053.875","7053.875","","","","","",""
"29188744","","","","","","","","","","6995.1748046875","6995.1748046875","6995.1748046875","","",""
"29189000","6395.400390625","6395.400390625","6395.400390625","6728.48681640625","6728.48681640625","6728.48681640625","7183.9296875","7183.9296875","7183.9296875","7058.99658203125","7058.99658203125","7058.99658203125","7132.00048828125","7132.00048828125","7132.00048828125"
"29200264","6395.59033203125","6395.59033203125","6395.59033203125","","","","","","","","","","","",""
"29207688","","","","","","","7183.0771484375","7183.0771484375","7183.0771484375","","","","","",""
"29207944","","","","","","","","","","","","","7132.36181640625","7132.36181640625","7132.36181640625"
"29211528","6333.77001953125","6333.77001953125","6333.77001953125","","","","","","","","","","","",""
"29213576","","","","","","","","","","","","","7132.5","7132.5","7132.5"
"29216648","","","","","","","7183.6259765625","7183.6259765625","7183.6259765625","","","","","",""
"29217672","","","","","","","7184.70166015625","7184.70166015625","7184.70166015625","","","","","",""
"29223048","6334.9755859375","6334.9755859375","6334.9755859375","","","","","","","","","","","",""
"29253512","","","","","","","7185.80419921875","7185.80419921875","7185.80419921875","","","","","",""
"29296008","","","","","","","7181.62744140625","7181.62744140625","7181.62744140625","","","","","",""
"29309832","","","","","","","","","","7060.24560546875","7060.24560546875","7060.24560546875","","",""
"29311112","","","","","","","7180.58837890625","7180.58837890625","7180.58837890625","","","","","",""
"29312648","","","","","","","","","","7060.78466796875","7060.78466796875","7060.78466796875","","",""
"29320328","","","","","","","","","","7062.81298828125","7062.81298828125","7062.81298828125","","",""
"29323400","","","","","","","","","","7065.0244140625","7065.0244140625","7065.0244140625","","",""
"29327496","","","","","","","7182.822265625","7182.822265625","7182.822265625","","","","","",""
"29336456","","","","6725.2900390625","6725.2900390625","6725.2900390625","","","","","","","","",""
"29347464","","","","","","","","","","7066.19775390625","7066.19775390625","7066.19775390625","","",""
"29362312","","","","","","","7183.73046875","7183.73046875","7183.73046875","","","","","",""
"29364872","","","","","","","","","","7052.15966796875","7052.15966796875","7052.15966796875","","",""
"29369224","","","","","","","7158.70849609375","7158.70849609375","7158.70849609375","","","","","",""
"29370248","","","","6726.9111328125","6726.9111328125","6726.9111328125","","","","","","","","",""
"29376136","","","","6727.56494140625","6727.56494140625","6727.56494140625","","","","","","","","",""
"29381512","","","","","","","7160.12255859375","7160.12255859375","7160.12255859375","","","","","",""
"29387400","","","","","","","7160.373046875","7160.373046875","7160.373046875","","","","","",""
"29397640","","","","","","","7144.439453125","7144.439453125","7144.439453125","","","","","",""
"29401480","","","","6728.29150390625","6728.29150390625","6728.29150390625","","","","","","","","",""
"29420168","6334.767578125","6334.767578125","6334.767578125","","","","","","","","","","","",""
"29433992","","","","","","","7144.880859375","7144.880859375","7144.880859375","","","","","",""
"29438088","","","","","","","7146.52880859375","7146.52880859375","7146.52880859375","","","","","",""
"29444744","","","","","","","","","","7054.9599609375","7054.9599609375","7054.9599609375","","",""
"29445000","6370.32275390625","6370.32275390625","6370.32275390625","6765.9228515625","6765.9228515625","6765.9228515625","7221.77734375","7221.77734375","7221.77734375","7174.32421875","7174.32421875","7174.32421875","7157.53466796875","7157.53466796875","7157.53466796875"
"29467016","","","","","","","","","","7104.6162109375","7104.6162109375","7104.6162109375","","",""
"29521544","6322.84033203125","6322.84033203125","6322.84033203125","","","","","","","","","","","",""
"29632648","","","","","","","7200.51806640625","7200.51806640625","7200.51806640625","","","","","",""
"29645448","","","","","","","7181.74462890625","7181.74462890625","7181.74462890625","","","","","",""
"29697672","","","","","","","","","","7102.83837890625","7102.83837890625","7102.83837890625","","",""
"29701000","6382.2744140625","6382.2744140625","6382.2744140625","6794.2197265625","6794.2197265625","6794.2197265625","7287.255859375","7287.255859375","7287.255859375","7155.13720703125","7155.13720703125","7155.13720703125","7201.88671875","7201.88671875","7201.88671875"
"29723016","","","","","","","","","","7154.525390625","7154.525390625","7154.525390625","","",""
"29756296","6325.625","6325.625","6325.625","","","","","","","","","","","",""
"29777544","6324.8916015625","6324.8916015625","6324.8916015625","","","","","","","","","","","",""
"29796488","","","","6745.9619140625","6745.9619140625","6745.9619140625","","","","","","","","",""
"29880968","","","","","","","","","","7125.634765625","7125.634765625","7125.634765625","","",""
"29888648","","","","","","","7287.40869140625","7287.40869140625","7287.40869140625","","","","","",""
"29901448","","","","","","","7286.65283203125","7286.65283203125","7286.65283203125","","","","","",""
"29930632","","","","","","","7277.54052734375","7277.54052734375","7277.54052734375","","","","","",""
"29952136","","","","6738.291015625","6738.291015625","6738.291015625","","","","","","","","",""
"29953672","","","","","","","","","","7125.201171875","7125.201171875","7125.201171875","","",""
"29957000","6403.8896484375","6403.8896484375","6403.8896484375","6761.8115234375","6761.8115234375","6761.8115234375","7252.3359375","7252.3359375","7252.3359375","7168.5234375","7168.5234375","7168.5234375","7161.8125","7161.8125","7161.8125"
"29979016","","","","","","","","","","7166.6005859375","7166.6005859375","7166.6005859375","","",""
"30007176","","","","","","","","","","","","","7096.33837890625","7096.33837890625","7096.33837890625"
"30012296","6402.3828125","6402.3828125","6402.3828125","","","","","","","","","","","",""
"30033544","6402.0322265625","6402.0322265625","6402.0322265625","","","","","","","","","","","",""
"30052488","","","","6762.06787109375","6762.06787109375","6762.06787109375","","","","","","","","",""
"30108808","","","","","","","","","","7134.53369140625","7134.53369140625","7134.53369140625","","",""
"30126216","","","","","","","7224.2197265625","7224.2197265625","7224.2197265625","","","","","",""
"30136968","","","","","","","","","","7134.8818359375","7134.8818359375","7134.8818359375","","",""
"30144648","","","","","","","7225.11669921875","7225.11669921875","7225.11669921875","","","","","",""
"30157448","","","","","","","7226.75732421875","7226.75732421875","7226.75732421875","","","","","",""
"30186632","","","","","","","7228.56494140625","7228.56494140625","7228.56494140625","","","","","",""
"30208136","","","","6762.91748046875","6762.91748046875","6762.91748046875","","","","","","","","",""
"30209672","","","","","","","","","","7131.51123046875","7131.51123046875","7131.51123046875","","",""
"30213000","6373.01123046875","6373.01123046875","6373.01123046875","6766.32470703125","6766.32470703125","6766.32470703125","7317.79052734375","7317.79052734375","7317.79052734375","7152.38037109375","7152.38037109375","7152.38037109375","7175.5537109375","7175.5537109375","7175.5537109375"
"30235016","","","","","","","","","","7153.98046875","7153.98046875","7153.98046875","","",""
"30253704","","","","","","","7246.666015625","7246.666015625","7246.666015625","","","","","",""
"30263176","","","","","","","","","","","","","7175.63671875","7175.63671875","7175.63671875"
"30268296","6372.4296875","6372.4296875","6372.4296875","","","","","","","","","","","",""
"30289544","6372.46533203125","6372.46533203125","6372.46533203125","","","","","","","","","","","",""
"30308488","","","","6766.01025390625","6766.01025390625","6766.01025390625","","","","","","","","",""
"30309000","6329.04345703125","6329.04345703125","6329.04345703125","","","","","","","","","","","",""
"30313352","","","","6721.7275390625","6721.7275390625","6721.7275390625","","","","","","","","",""
"30319496","","","","6672.9833984375","6672.9833984375","6672.9833984375","","","","","","","","",""
"30343560","","","","","","","","","","7113.666015625","7113.666015625","7113.666015625","","",""
"30364808","","","","","","","","","","7115.44970703125","7115.44970703125","7115.44970703125","","",""
"30365832","","","","","","","","","","7073.0068359375","7073.0068359375","7073.0068359375","","",""
"30382216","","","","","","","7245.00927734375","7245.00927734375","7245.00927734375","","","","","",""
"30392968","","","","","","","","","","7075.56494140625","7075.56494140625","7075.56494140625","","",""
"30400648","","","","","","","7245.50439453125","7245.50439453125","7245.50439453125","","","","","",""
"30413448","","","","","","","7245.5693359375","7245.5693359375","7245.5693359375","","","","","",""
"30429832","","","","","","","7232.7080078125","7232.7080078125","7232.7080078125","","","","","",""
"30440072","","","","6661.232421875","6661.232421875","6661.232421875","","","","","","","","",""
"30442632","","","","","","","7232.5380859375","7232.5380859375","7232.5380859375","","","","","",""
"30464136","","","","6662.78564453125","6662.78564453125","6662.78564453125","","","","","","","","",""
"30465672","","","","","","","","","","7075.6640625","7075.6640625","7075.6640625","","",""
"30469000","6412.75439453125","6412.75439453125","6412.75439453125","6772.1298828125","6772.1298828125","6772.1298828125","7204.337890625","7204.337890625","7204.337890625","7186.27099609375","7186.27099609375","7186.27099609375","7163.6484375","7163.6484375","7163.6484375"
"30484872","6350.2119140625","6350.2119140625","6350.2119140625","","","","","","","","","","","",""
"30491016","","","","","","","7134.06787109375","7134.06787109375","7134.06787109375","7185.03662109375","7185.03662109375","7185.03662109375","","",""
"30509704","","","","","","","7134.67236328125","7134.67236328125","7134.67236328125","","","","","",""
"30517128","","","","","","","7067.505859375","7067.505859375","7067.505859375","","","","","",""
"30519176","","","","","","","","","","","","","7163.6767578125","7163.6767578125","7163.6767578125"
"30524296","6351.19091796875","6351.19091796875","6351.19091796875","","","","","","","","","","","",""
"30545544","6347.37060546875","6347.37060546875","6347.37060546875","","","","","","","","","","","",""
"30564488","","","","6771.32373046875","6771.32373046875","6771.32373046875","","","","","","","","",""
"30565000","6348.013671875","6348.013671875","6348.013671875","","","","","","","","","","","",""
"30569352","","","","6772.0322265625","6772.0322265625","6772.0322265625","","","","","","","","",""
"30575496","","","","6772.72607421875","6772.72607421875","6772.72607421875","","","","","","","","",""
"30599560","","","","","","","","","","7182.587890625","7182.587890625","7182.587890625","","",""
"30606728","","","","6729.52587890625","6729.52587890625","6729.52587890625","","","","","","","","",""
"30620808","","","","","","","","","","7183.16943359375","7183.16943359375","7183.16943359375","","",""
"30621832","","","","","","","","","","7183.1103515625","7183.1103515625","7183.1103515625","","",""
"30638216","","","","","","","7068.060546875","7068.060546875","7068.060546875","","","","","",""
"30648968","","","","","","","","","","7182.32470703125","7182.32470703125","7182.32470703125","","",""
"30656392","","","","6705.513671875","6705.513671875","6705.513671875","","","","","","","","",""
"30656648","","","","","","","7068.8193359375","7068.8193359375","7068.8193359375","","","","","",""
"30669448","","","","","","","7071.00927734375","7071.00927734375","7071.00927734375","","","","","",""
"30685832","","","","","","","7073.2802734375","7073.2802734375","7073.2802734375","","","","","",""
"30696072","","","","6705.70068359375","6705.70068359375","6705.70068359375","","","","","","","","",""
"30698632","","","","","","","7074.2998046875","7074.2998046875","7074.2998046875","","","","","",""
"30720136","","","","6706.57568359375","6706.57568359375","6706.57568359375","","","","","","","","",""
"30721672","","","","","","","","","","7182.666015625","7182.666015625","7182.666015625","","",""
"30725000","6409.40478515625","6409.40478515625","6409.40478515625","6799.25","6799.25","6799.25","7206.8759765625","7206.8759765625","7206.8759765625","7176.7119140625","7176.7119140625","7176.7119140625","7194.9609375","7194.9609375","7194.9609375"
"30754952","","","","","","","7136.7236328125","7136.7236328125","7136.7236328125","","","","","",""
"30788488","","","","","","","","","","7114.55224609375","7114.55224609375","7114.55224609375","","",""
"30843528","","","","","","","","","","7066.4384765625","7066.4384765625","7066.4384765625","","",""
"30981000","6425.076171875","6425.076171875","6425.076171875","6826.30419921875","6826.30419921875","6826.30419921875","7267.8310546875","7267.8310546875","7267.8310546875","7167.5703125","7167.5703125","7167.5703125","7204.5927734375","7204.5927734375","7204.5927734375"
"31008904","","","","","","","","","","","","","7134.4052734375","7134.4052734375","7134.4052734375"
"31010952","","","","","","","7267.01318359375","7267.01318359375","7267.01318359375","","","","","",""
"31016072","","","","","","","","","","7098.27099609375","7098.27099609375","7098.27099609375","","",""
"31021192","","","","","","","7196.20556640625","7196.20556640625","7196.20556640625","","","","","",""
"31036552","6368.19287109375","6368.19287109375","6368.19287109375","","","","","","","","","","","",""
"31044488","","","","","","","","","","7099.79248046875","7099.79248046875","7099.79248046875","","",""
"31099528","","","","","","","","","","7101.03125","7101.03125","7101.03125","","",""
"31135880","","","","","","","","","","7068.45068359375","7068.45068359375","7068.45068359375","","",""
"31171976","","","","","","","","","","7046.69921875","7046.69921875","7046.69921875","","",""
"31222920","","","","","","","7192.98779296875","7192.98779296875","7192.98779296875","","","","","",""
"31237000","6363.595703125","6363.595703125","6363.595703125","6802.775390625","6802.775390625","6802.775390625","7247.22216796875","7247.22216796875","7247.22216796875","7174.31689453125","7174.31689453125","7174.31689453125","7209.2685546875","7209.2685546875","7209.2685546875"
"31250568","6301.25634765625","6301.25634765625","6301.25634765625","","","","","","","","","","","",""
"31253384","6240.0029296875","6240.0029296875","6240.0029296875","","","","","","","","","","","",""
"31260552","6179.83544921875","6179.83544921875","6179.83544921875","","","","","","","","","","","",""
"31263624","6120.69091796875","6120.69091796875","6120.69091796875","","","","","","","","","","","",""
"31264904","","","","","","","","","","","","","7208.88818359375","7208.88818359375","7208.88818359375"
"31266952","","","","","","","7248.31787109375","7248.31787109375","7248.31787109375","","","","","",""
"31272072","","","","","","","","","","7175.59912109375","7175.59912109375","7175.59912109375","","",""
"31277192","","","","","","","7247.63525390625","7247.63525390625","7247.63525390625","","","","","",""
"31292552","6122.556640625","6122.556640625","6122.556640625","","","","","","","","","","","",""
"31300488","","","","","","","","","","7175.31787109375","7175.31787109375","7175.31787109375","","",""
"31355528","","","","","","","","","","7176.07275390625","7176.07275390625","7176.07275390625","","",""
"31371400","","","","","","","7208.0634765625","7208.0634765625","7208.0634765625","","","","","",""
"31373448","","","","","","","7169.95751953125","7169.95751953125","7169.95751953125","","","","","",""
"31391880","","","","","","","","","","7176.46923828125","7176.46923828125","7176.46923828125","","",""
"31418504","6101.56884765625","6101.56884765625","6101.56884765625","","","","","","","","","","","",""
"31427976","","","","","","","","","","7176.87158203125","7176.87158203125","7176.87158203125","","",""
"31478920","","","","","","","7171.140625","7171.140625","7171.140625","","","","","",""
"31493000","6411.28564453125","6411.28564453125","6411.28564453125","6862.84375","6862.84375","6862.84375","7249.06689453125","7249.06689453125","7249.06689453125","7163.23974609375","7163.23974609375","7163.23974609375","7179.107421875","7179.107421875","7179.107421875"
"31506568","6412.6103515625","6412.6103515625","6412.6103515625","","","","","","","","","","","",""
"31509384","6411.35595703125","6411.35595703125","6411.35595703125","","","","","","","","","","","",""
"31514760","","","","","","","7177.83837890625","7177.83837890625","7177.83837890625","","","","","",""
"31516552","6412.16064453125","6412.16064453125","6412.16064453125","","","","","","","","","","","",""
"31519624","6411.609375","6411.609375","6411.609375","","","","","","","","","","","",""
"31520904","","","","","","","","","","","","","7178.244140625","7178.244140625","7178.244140625"
"31522952","","","","","","","7176.85986328125","7176.85986328125","7176.85986328125","","","","","",""
"31528072","","","","","","","","","","7163.77880859375","7163.77880859375","7163.77880859375","","",""
"31533192","","","","","","","7177.310546875","7177.310546875","7177.310546875","","","","","",""
"31548552","6411.04052734375","6411.04052734375","6411.04052734375","","","","","","","","","","","",""
"31556488","","","","","","","","","","7163.68115234375","7163.68115234375","7163.68115234375","","",""
"31557512","","","","","","","","","","7104.14990234375","7104.14990234375","7104.14990234375","","",""
"31568008","","","","","","","7117.15869140625","7117.15869140625","7117.15869140625","","","","","",""
"31611528","","","","","","","","","","7104.412109375","7104.412109375","7104.412109375","","",""
"31627400","","","","","","","7118.5146484375","7118.5146484375","7118.5146484375","","","","","",""
"31629448","","","","","","","7118.734375","7118.734375","7118.734375","","","","","",""
"31647880","","","","","","","","","","7105.81494140625","7105.81494140625","7105.81494140625","","",""
"31653256","","","","","","","7087.51318359375","7087.51318359375","7087.51318359375","","","","","",""
"31666568","","","","","","","","","","7078.32666015625","7078.32666015625","7078.32666015625","","",""
"31674504","6408.21337890625","6408.21337890625","6408.21337890625","","","","","","","","","","","",""
"31678088","","","","","","","7067.634765625","7067.634765625","7067.634765625","","","","","",""
"31683976","","","","","","","","","","7080.45654296875","7080.45654296875","7080.45654296875","","",""
"31734920","","","","","","","7069.73486328125","7069.73486328125","7069.73486328125","","","","","",""
"31749000","6418.05029296875","6418.05029296875","6418.05029296875","6841.78662109375","6841.78662109375","6841.78662109375","7216.57275390625","7216.57275390625","7216.57275390625","7140.615234375","7140.615234375","7140.615234375","7194.01220703125","7194.01220703125","7194.01220703125"
"31762568","6418.85107421875","6418.85107421875","6418.85107421875","","","","","","","","","","","",""
"31762824","6355.85986328125","6355.85986328125","6355.85986328125","","","","","","","","","","","",""
"31765384","6356.525390625","6356.525390625","6356.525390625","","","","","","","","","","","",""
"31770760","","","","","","","7215.236328125","7215.236328125","7215.236328125","","","","","",""
"31772552","6356.72607421875","6356.72607421875","6356.72607421875","","","","","","","","","","","",""
"31775624","6358.435546875","6358.435546875","6358.435546875","","","","","","","","","","","",""
"31776904","","","","","","","","","","","","","7193.4873046875","7193.4873046875","7193.4873046875"
"31778952","","","","","","","7215.8515625","7215.8515625","7215.8515625","","","","","",""
"31783304","6298.82470703125","6298.82470703125","6298.82470703125","","","","","","","","","","","",""
"31784072","","","","","","","","","","7141.77294921875","7141.77294921875","7141.77294921875","","",""
"31789192","","","","","","","7216.82861328125","7216.82861328125","7216.82861328125","","","","","",""
"31804552","6300.80224609375","6300.80224609375","6300.80224609375","","","","","","","","","","","",""
"31812488","","","","","","","","","","7143.1015625","7143.1015625","7143.1015625","","",""
"31813512","","","","","","","","","","7142.96923828125","7142.96923828125","7142.96923828125","","",""
"31824008","","","","","","","7217.3662109375","7217.3662109375","7217.3662109375","","","","","",""
"31832200","","","","","","","7163.017578125","7163.017578125","7163.017578125","","","","","",""
"31845000","","","","","","","7150.31005859375","7150.31005859375","7150.31005859375","","","","","",""
"31867528","","","","","","","","","","7143.27001953125","7143.27001953125","7143.27001953125","","",""
"31885448","","","","","","","7153.205078125","7153.205078125","7153.205078125","","","","","",""
"31903880","","","","","","","","","","7143.8603515625","7143.8603515625","7143.8603515625","","",""
"31909256","","","","","","","7151.98876953125","7151.98876953125","7151.98876953125","","","","","",""
"31912584","","","","","","","7122.76806640625","7122.76806640625","7122.76806640625","","","","","",""
"31922568","","","","","","","","","","7144.6806640625","7144.6806640625","7144.6806640625","","",""
"31930504","6302.91748046875","6302.91748046875","6302.91748046875","","","","","","","","","","","",""
"31934088","","","","","","","7125.15283203125","7125.15283203125","7125.15283203125","","","","","",""
"31939976","","","","","","","","","","7144.15380859375","7144.15380859375","7144.15380859375","","",""
"31971720","","","","","","","","","","7131.87841796875","7131.87841796875","7131.87841796875","","",""
"31990920","","","","","","","7126.87060546875","7126.87060546875","7126.87060546875","","","","","",""
"32005000","6410.904296875","6410.904296875","6410.904296875","6864.88037109375","6864.88037109375","6864.88037109375","7270.59228515625","7270.59228515625","7270.59228515625","7174.40234375","7174.40234375","7174.40234375","7190.1943359375","7190.1943359375","7190.1943359375"
"32159880","","","","","","","7237.16748046875","7237.16748046875","7237.16748046875","","","","","",""
"32254344","","","","","","","7233.779296875","7233.779296875","7233.779296875","","","","","",""
"32261000","6404.96240234375","6404.96240234375","6404.96240234375","6827.37109375","6827.37109375","6827.37109375","7292.63037109375","7292.63037109375","7292.63037109375","7204.06787109375","7204.06787109375","7204.06787109375","7227.85986328125","7227.85986328125","7227.85986328125"
"32382344","","","","","","","7249.171875","7249.171875","7249.171875","","","","","",""
"32415880","","","","","","","7248.2099609375","7248.2099609375","7248.2099609375","","","","","",""
"32510344","","","","","","","7246.7646484375","7246.7646484375","7246.7646484375","","","","","",""
"32517000","6429.375","6429.375","6429.375","6893.1787109375","6893.1787109375","6893.1787109375","7313.86962890625","7313.86962890625","7313.86962890625","7207.697265625","7207.697265625","7207.697265625","7209.9228515625","7209.9228515625","7209.9228515625"
"32555400","6368.19287109375","6368.19287109375","6368.19287109375","","","","","","","","","","","",""
"32638344","","","","","","","7315.09619140625","7315.09619140625","7315.09619140625","","","","","",""
"32667272","","","","","","","","","","7173.9775390625","7173.9775390625","7173.9775390625","","",""
"32671880","","","","","","","7314.84228515625","7314.84228515625","7314.84228515625","","","","","",""
"32734344","","","","","","","","","","7161.38623046875","7161.38623046875","7161.38623046875","","",""
"32766344","","","","","","","7317.3173828125","7317.3173828125","7317.3173828125","","","","","",""
"32773000","6425.75","6425.75","6425.75","6927.435546875","6927.435546875","6927.435546875","7452.583984375","7452.583984375","7452.583984375","7217.66796875","7217.66796875","7217.66796875","7227.087890625","7227.087890625","7227.087890625"
"32791688","","","","","","","7379.50341796875","7379.50341796875","7379.50341796875","","","","","",""
"32811400","6425.640625","6425.640625","6425.640625","","","","","","","","","","","",""
"32894344","","","","","","","7379.74609375","7379.74609375","7379.74609375","","","","","",""
"32923272","","","","","","","","","","7217.5849609375","7217.5849609375","7217.5849609375","","",""
"32927880","","","","","","","7378.6416015625","7378.6416015625","7378.6416015625","","","","","",""
"32956296","","","","6902.5615234375","6902.5615234375","6902.5615234375","","","","","","","","",""
"32990344","","","","","","","","","","7217.54150390625","7217.54150390625","7217.54150390625","","",""
"33022344","","","","","","","7374.62548828125","7374.62548828125","7374.62548828125","","","","","",""
"33029000","6478.0087890625","6478.0087890625","6478.0087890625","6944.63671875","6944.63671875","6944.63671875","7004.89990234375","7004.89990234375","7004.89990234375","7220.05224609375","7220.05224609375","7220.05224609375","7243.55712890625","7243.55712890625","7243.55712890625"
"33047688","","","","","","","7005.8623046875","7005.8623046875","7005.8623046875","","","","","",""
"33067400","6477.28125","6477.28125","6477.28125","","","","","","","","","","","",""
"33084808","","","","","","","6946.31103515625","6946.31103515625","6946.31103515625","","","","","",""
"33086856","","","","","","","6886.1875","6886.1875","6886.1875","","","","","",""
"33088136","","","","","","","6825.61474609375","6825.61474609375","6825.61474609375","","","","","",""
"33090952","","","","","","","6768.212890625","6768.212890625","6768.212890625","","","","","",""
"33093000","","","","","","","6710.650390625","6710.650390625","6710.650390625","","","","","",""
"33093768","","","","","","","6654.91162109375","6654.91162109375","6654.91162109375","","","","","",""
"33112456","","","","","","","6600.7998046875","6600.7998046875","6600.7998046875","","","","","",""
"33140616","","","","","","","6543.43994140625","6543.43994140625","6543.43994140625","","","","","",""
"33144712","","","","6903.3369140625","6903.3369140625","6903.3369140625","","","","","","","","",""
"33150344","","","","","","","6548.42236328125","6548.42236328125","6548.42236328125","","","","","",""
"33179272","","","","","","","","","","7219.28662109375","7219.28662109375","7219.28662109375","","",""
"33183624","","","","6869.56005859375","6869.56005859375","6869.56005859375","","","","","","","","",""
"33183880","","","","","","","6549.1953125","6549.1953125","6549.1953125","","","","","",""
"33212296","","","","6868.642578125","6868.642578125","6868.642578125","","","","","","","","",""
"33246344","","","","","","","","","","7220.060546875","7220.060546875","7220.060546875","","",""
"33278344","","","","","","","6554.74755859375","6554.74755859375","6554.74755859375","","","","","",""
"33285000","6493.3310546875","6493.3310546875","6493.3310546875","6925.0244140625","6925.0244140625","6925.0244140625","7187.109375","7187.109375","7187.109375","7218.220703125","7218.220703125","7218.220703125","7226.744140625","7226.744140625","7226.744140625"
"33467272","","","","6901.60400390625","6901.60400390625","6901.60400390625","","","","","","","","",""
"33541000","6521.96337890625","6521.96337890625","6521.96337890625","6883.7685546875","6883.7685546875","6883.7685546875","7380.2509765625","7380.2509765625","7380.2509765625","7244.70849609375","7244.70849609375","7244.70849609375","7244.4091796875","7244.4091796875","7244.4091796875"
"33570952","","","","","","","7307.9453125","7307.9453125","7307.9453125","","","","","",""
"33723272","","","","6885.32177734375","6885.32177734375","6885.32177734375","","","","","","","","",""
"33797000","6538.12841796875","6538.12841796875","6538.12841796875","6949.20751953125","6949.20751953125","6949.20751953125","7381.52685546875","7381.52685546875","7381.52685546875","7260.82666015625","7260.82666015625","7260.82666015625","7243.89306640625","7243.89306640625","7243.89306640625"
"33826952","","","","","","","7382.16845703125","7382.16845703125","7382.16845703125","","","","","",""
"33842312","","","","","","","7315.2802734375","7315.2802734375","7315.2802734375","","","","","",""
"33928072","","","","","","","","","","7219.97119140625","7219.97119140625","7219.97119140625","","",""
"33979272","","","","6948.162109375","6948.162109375","6948.162109375","","","","","","","","",""
"34032264","","","","6934.66357421875","6934.66357421875","6934.66357421875","","","","","","","","",""
"34053000","6545.36669921875","6545.36669921875","6545.36669921875","6936.7568359375","6936.7568359375","6936.7568359375","7369.31787109375","7369.31787109375","7369.31787109375","7230.09912109375","7230.09912109375","7230.09912109375","7232.56005859375","7232.56005859375","7232.56005859375"
"34069384","6481.21630859375","6481.21630859375","6481.21630859375","","","","","","","","","","","",""
"34080392","6419.30029296875","6419.30029296875","6419.30029296875","","","","","","","","","","","",""
"34082952","","","","","","","7370.25927734375","7370.25927734375","7370.25927734375","","","","","",""
"34097032","","","","","","","7304.3134765625","7304.3134765625","7304.3134765625","","","","","",""
"34098312","","","","","","","7302.80810546875","7302.80810546875","7302.80810546875","","","","","",""
"34122120","","","","","","","","","","7169.72802734375","7169.72802734375","7169.72802734375","","",""
"34184072","","","","","","","","","","7170.626953125","7170.626953125","7170.626953125","","",""
"34221960","","","","","","","","","","7105.111328125","7105.111328125","7105.111328125","","",""
"34222984","","","","","","","","","","7077.68603515625","7077.68603515625","7077.68603515625","","",""
"34235272","","","","6936.9267578125","6936.9267578125","6936.9267578125","","","","","","","","",""
"34236552","","","","","","","","","","7054.2490234375","7054.2490234375","7054.2490234375","","",""
"34265224","6401.2890625","6401.2890625","6401.2890625","","","","","","","","","","","",""
"34288264","","","","6938.43408203125","6938.43408203125","6938.43408203125","","","","","","","","",""
"34290056","","","","","","","7297.1279296875","7297.1279296875","7297.1279296875","","","","","",""
"34302344","","","","","","","7292.298828125","7292.298828125","7292.298828125","","","","","",""
"34309000","6546.50341796875","6546.50341796875","6546.50341796875","6947.90478515625","6947.90478515625","6947.90478515625","7388.9921875","7388.9921875","7388.9921875","7165.34814453125","7165.34814453125","7165.34814453125","7260.171875","7260.171875","7260.171875"
"34325384","6546.58984375","6546.58984375","6546.58984375","","","","","","","","","","","",""
"34336392","6547.744140625","6547.744140625","6547.744140625","","","","","","","","","","","",""
"34338952","","","","","","","7387.716796875","7387.716796875","7387.716796875","","","","","",""
"34353032","","","","","","","7388.2958984375","7388.2958984375","7388.2958984375","","","","","",""
"34354312","","","","","","","7323.5078125","7323.5078125","7323.5078125","","","","","",""
"34378120","","","","","","","","","","7165.3740234375","7165.3740234375","7165.3740234375","","",""
"34440072","","","","","","","","","","7166.16357421875","7166.16357421875","7166.16357421875","","",""
"34477960","","","","","","","","","","7167.2216796875","7167.2216796875","7167.2216796875","","",""
"34478984","","","","","","","","","","7168.63916015625","7168.63916015625","7168.63916015625","","",""
"34491272","","","","6947.31689453125","6947.31689453125","6947.31689453125","","","","","","","","",""
"34492552","","","","","","","","","","7167.9287109375","7167.9287109375","7167.9287109375","","",""
"34521224","6544.53369140625","6544.53369140625","6544.53369140625","","","","","","","","","","","",""
"34538888","","","","","","","","","","7159.01123046875","7159.01123046875","7159.01123046875","","",""
"34544264","","","","6947.73779296875","6947.73779296875","6947.73779296875","","","","","","","","",""
"34546056","","","","","","","7323.54248046875","7323.54248046875","7323.54248046875","","","","","",""
"34558344","","","","","","","7320.31005859375","7320.31005859375","7320.31005859375","","","","","",""
"34565000","6562.94482421875","6562.94482421875","6562.94482421875","6976.482421875","6976.482421875","6976.482421875","7410.4384765625","7410.4384765625","7410.4384765625","7223.49853515625","7223.49853515625","7223.49853515625","7235.5087890625","7235.5087890625","7235.5087890625"
"34604424","","","","","","","7340.212890625","7340.212890625","7340.212890625","","","","","",""
"34645384","","","","","","","","","","7166.11865234375","7166.11865234375","7166.11865234375","","",""
"34743688","","","","6949.17041015625","6949.17041015625","6949.17041015625","","","","","","","","",""
"34818952","","","","","","","","","","7160.3173828125","7160.3173828125","7160.3173828125","","",""
"34821000","6574.9296875","6574.9296875","6574.9296875","7012.47607421875","7012.47607421875","7012.47607421875","7435.96728515625","7435.96728515625","7435.96728515625","7249.1005859375","7249.1005859375","7249.1005859375","7266.87353515625","7266.87353515625","7266.87353515625"
"34839432","","","","","","","","","","7177.9267578125","7177.9267578125","7177.9267578125","","",""
"34843272","","","","","","","7362.7412109375","7362.7412109375","7362.7412109375","","","","","",""
"34860424","","","","","","","7362.5205078125","7362.5205078125","7362.5205078125","","","","","",""
"34901384","","","","","","","","","","7178.71240234375","7178.71240234375","7178.71240234375","","",""
"34932616","","","","6965.9072265625","6965.9072265625","6965.9072265625","","","","","","","","",""
"34973064","6544.92431640625","6544.92431640625","6544.92431640625","","","","","","","","","","","",""
"34983560","","","","","","","","","","7149.57421875","7149.57421875","7149.57421875","","",""
"34987144","","","","","","","","","","7120.005859375","7120.005859375","7120.005859375","","",""
"34998408","","","","","","","","","","7093.85498046875","7093.85498046875","7093.85498046875","","",""
"34999688","","","","6964.9404296875","6964.9404296875","6964.9404296875","","","","","","","","",""
"35074952","","","","","","","","","","7096.2861328125","7096.2861328125","7096.2861328125","","",""
"35077000","6562.82861328125","6562.82861328125","6562.82861328125","6990.7197265625","6990.7197265625","6990.7197265625","7454.1279296875","7454.1279296875","7454.1279296875","7219.107421875","7219.107421875","7219.107421875","7264.0703125","7264.0703125","7264.0703125"
"35095432","","","","","","","","","","7219.90283203125","7219.90283203125","7219.90283203125","","",""
"35099272","","","","","","","7454.39306640625","7454.39306640625","7454.39306640625","","","","","",""
"35116424","","","","","","","7452.92333984375","7452.92333984375","7452.92333984375","","","","","",""
"35157384","","","","","","","","","","7216.9541015625","7216.9541015625","7216.9541015625","","",""
"35188616","","","","6991.927734375","6991.927734375","6991.927734375","","","","","","","","",""
"35229064","6562.923828125","6562.923828125","6562.923828125","","","","","","","","","","","",""
"35239560","","","","","","","","","","7216.9150390625","7216.9150390625","7216.9150390625","","",""
"35243144","","","","","","","","","","7216.50341796875","7216.50341796875","7216.50341796875","","",""
"35254408","","","","","","","","","","7216.73193359375","7216.73193359375","7216.73193359375","","",""
"35255688","","","","6991.3515625","6991.3515625","6991.3515625","","","","","","","","",""
"35330184","6561.82568359375","6561.82568359375","6561.82568359375","","","","","","","","","","","",""
"35330952","","","","","","","","","","7217.72802734375","7217.72802734375","7217.72802734375","","",""
"35333000","6617.376953125","6617.376953125","6617.376953125","6996.66162109375","6996.66162109375","6996.66162109375","7443.77880859375","7443.77880859375","7443.77880859375","7250.1923828125","7250.1923828125","7250.1923828125","7262.87255859375","7262.87255859375","7262.87255859375"
"35351432","","","","","","","","","","7250.0224609375","7250.0224609375","7250.0224609375","","",""
"35355272","","","","","","","7443.3828125","7443.3828125","7443.3828125","","","","","",""
"35372424","","","","","","","7443.68505859375","7443.68505859375","7443.68505859375","","","","","",""
"35395976","","","","","","","7381.27978515625","7381.27978515625","7381.27978515625","","","","","",""
"35413384","","","","","","","","","","7248.02099609375","7248.02099609375","7248.02099609375","","",""
"35444616","","","","6997.2646484375","6997.2646484375","6997.2646484375","","","","","","","","",""
"35485064","6617.44091796875","6617.44091796875","6617.44091796875","","","","","","","","","","","",""
"35495560","","","","","","","","","","7248.10400390625","7248.10400390625","7248.10400390625","","",""
"35499144","","","","","","","","","","7247.77880859375","7247.77880859375","7247.77880859375","","",""
"35510408","","","","","","","","","","7248.07568359375","7248.07568359375","7248.07568359375","","",""
"35511688","","","","6997.83349609375","6997.83349609375","6997.83349609375","","","","","","","","",""
"35586184","6617.98974609375","6617.98974609375","6617.98974609375","","","","","","","","","","","",""
"35586952","","","","","","","","","","7247.78662109375","7247.78662109375","7247.78662109375","","",""
"35589000","6605.94921875","6605.94921875","6605.94921875","7039.09228515625","7039.09228515625","7039.09228515625","7427.291015625","7427.291015625","7427.291015625","7191.27099609375","7191.27099609375","7191.27099609375","7261.39990234375","7261.39990234375","7261.39990234375"
"35607432","","","","","","","","","","7191.77685546875","7191.77685546875","7191.77685546875","","",""
"35611272","","","","","","","7428.060546875","7428.060546875","7428.060546875","","","","","",""
"35628424","","","","","","","7428.48974609375","7428.48974609375","7428.48974609375","","","","","",""
"35651976","","","","","","","7428.0009765625","7428.0009765625","7428.0009765625","","","","","",""
"35669384","","","","","","","","","","7192.12109375","7192.12109375","7192.12109375","","",""
"35687048","","","","","","","","","","","","","7213.48974609375","7213.48974609375","7213.48974609375"
"35700616","","","","7037.79736328125","7037.79736328125","7037.79736328125","","","","","","","","",""
"35741064","6606.40087890625","6606.40087890625","6606.40087890625","","","","","","","","","","","",""
"35751560","","","","","","","","","","7192.4892578125","7192.4892578125","7192.4892578125","","",""
"35755144","","","","","","","","","","7192.4775390625","7192.4775390625","7192.4775390625","","",""
"35755400","","","","","","","","","","7161.18505859375","7161.18505859375","7161.18505859375","","",""
"35766408","","","","","","","","","","7162.19091796875","7162.19091796875","7162.19091796875","","",""
"35767688","","","","7036.416015625","7036.416015625","7036.416015625","","","","","","","","",""
"35842184","6605.81982421875","6605.81982421875","6605.81982421875","","","","","","","","","","","",""
"35842952","","","","","","","","","","7163.09716796875","7163.09716796875","7163.09716796875","","",""
"35845000","6622.0498046875","6622.0498046875","6622.0498046875","7015.99853515625","7015.99853515625","7015.99853515625","7334.69921875","7334.69921875","7334.69921875","7211.97216796875","7211.97216796875","7211.97216796875","7250.228515625","7250.228515625","7250.228515625"
"35891848","","","","","","","","","","7146.24853515625","7146.24853515625","7146.24853515625","","",""
"35999368","","","","","","","","","","7094.2958984375","7094.2958984375","7094.2958984375","","",""
"36030856","","","","","","","","","","7031.4853515625","7031.4853515625","7031.4853515625","","",""
"36101000","6616.9404296875","6616.9404296875","6616.9404296875","7063.55615234375","7063.55615234375","7063.55615234375","7440.7802734375","7440.7802734375","7440.7802734375","7209.86474609375","7209.86474609375","7209.86474609375","7244.193359375","7244.193359375","7244.193359375"
"36140680","","","","","","","7369.97802734375","7369.97802734375","7369.97802734375","","","","","",""
"36147848","","","","","","","","","","7205.97119140625","7205.97119140625","7205.97119140625","","",""
"36182664","","","","","","","","","","7146.39990234375","7146.39990234375","7146.39990234375","","",""
"36216712","6576.5712890625","6576.5712890625","6576.5712890625","","","","","","","","","","","",""
"36233096","","","","","","","","","","7081.3759765625","7081.3759765625","7081.3759765625","","",""
"36242824","6542.9072265625","6542.9072265625","6542.9072265625","","","","","","","","","","","",""
"36255368","","","","","","","","","","7083.34814453125","7083.34814453125","7083.34814453125","","",""
"36286856","","","","","","","","","","7085.583984375","7085.583984375","7085.583984375","","",""
"36357000","6636.72998046875","6636.72998046875","6636.72998046875","7046.12841796875","7046.12841796875","7046.12841796875","7422.29736328125","7422.29736328125","7422.29736328125","7146.81005859375","7146.81005859375","7146.81005859375","7259.11181640625","7259.11181640625","7259.11181640625"
"36384648","6572.1005859375","6572.1005859375","6572.1005859375","","","","","","","","","","","",""
"36396680","","","","","","","7422.98779296875","7422.98779296875","7422.98779296875","","","","","",""
"36403336","","","","","","","7351.439453125","7351.439453125","7351.439453125","","","","","",""
"36403848","","","","","","","","","","7144.80859375","7144.80859375","7144.80859375","","",""
"36436616","","","","6987.18212890625","6987.18212890625","6987.18212890625","","","","","","","","",""
"36472712","6573.18505859375","6573.18505859375","6573.18505859375","","","","","","","","","","","",""
"36475784","","","","","","","","","","7092.90380859375","7092.90380859375","7092.90380859375","","",""
"36489096","","","","","","","","","","7094.23291015625","7094.23291015625","7094.23291015625","","",""
"36498824","6574.42431640625","6574.42431640625","6574.42431640625","","","","","","","","","","","",""
"36511368","","","","","","","","","","7094.71630859375","7094.71630859375","7094.71630859375","","",""
"36519816","6545.22314453125","6545.22314453125","6545.22314453125","","","","","","","","","","","",""
"36523144","","","","6955.59619140625","6955.59619140625","6955.59619140625","","","","","","","","",""
"36542856","","","","","","","","","","7095.6298828125","7095.6298828125","7095.6298828125","","",""
"36562056","","","","6925.4755859375","6925.4755859375","6925.4755859375","","","","","","","","",""
"36581000","","","","","","","","","","7082.55908203125","7082.55908203125","7082.55908203125","","",""
"36613000","6583.6318359375","6583.6318359375","6583.6318359375","6980.4541015625","6980.4541015625","6980.4541015625","7441.81396484375","7441.81396484375","7441.81396484375","7175.49365234375","7175.49365234375","7175.49365234375","7239.51171875","7239.51171875","7239.51171875"
"36636040","","","","","","","7368.9091796875","7368.9091796875","7368.9091796875","","","","","",""
"36640648","6583.82421875","6583.82421875","6583.82421875","","","","","","","","","","","",""
"36652680","","","","","","","7367.8896484375","7367.8896484375","7367.8896484375","","","","","",""
"36659336","","","","","","","7368.98974609375","7368.98974609375","7368.98974609375","","","","","",""
"36659848","","","","","","","","","","7173.11962890625","7173.11962890625","7173.11962890625","","",""
"36689288","","","","","","","7309.83984375","7309.83984375","7309.83984375","","","","","",""
"36692616","","","","6978.65087890625","6978.65087890625","6978.65087890625","","","","","","","","",""
"36712072","","","","6924.62109375","6924.62109375","6924.62109375","","","","","","","","",""
"36722568","","","","","","","","","","7123.55029296875","7123.55029296875","7123.55029296875","","",""
"36728712","6583.68505859375","6583.68505859375","6583.68505859375","","","","","","","","","","","",""
"36731784","","","","","","","","","","7120.02294921875","7120.02294921875","7120.02294921875","","",""
"36745096","","","","","","","","","","7083.91162109375","7083.91162109375","7083.91162109375","","",""
"36754824","6583.6435546875","6583.6435546875","6583.6435546875","","","","","","","","","","","",""
"36767368","","","","","","","","","","7086.390625","7086.390625","7086.390625","","",""
"36775816","6585.00732421875","6585.00732421875","6585.00732421875","","","","","","","","","","","",""
"36779144","","","","6923.5","6923.5","6923.5","","","","","","","","",""
"36798856","","","","","","","","","","7088.1923828125","7088.1923828125","7088.1923828125","","",""
"36818056","","","","6924.9384765625","6924.9384765625","6924.9384765625","","","","","","","","",""
"36834696","","","","","","","","","","7076.28466796875","7076.28466796875","7076.28466796875","","",""
"36837000","","","","","","","","","","7076.818359375","7076.818359375","7076.818359375","","",""
"36849032","","","","","","","","","","7067.91748046875","7067.91748046875","7067.91748046875","","",""
"36869000","6660.595703125","6660.595703125","6660.595703125","7101.63623046875","7101.63623046875","7101.63623046875","7426.94775390625","7426.94775390625","7426.94775390625","7172.49365234375","7172.49365234375","7172.49365234375","7224.38232421875","7224.38232421875","7224.38232421875"
"36892040","","","","","","","7422.8974609375","7422.8974609375","7422.8974609375","","","","","",""
"36896648","6660.748046875","6660.748046875","6660.748046875","","","","","","","","","","","",""
"36900232","","","","","","","","","","","","","7154.046875","7154.046875","7154.046875"
"36908680","","","","","","","7424.2900390625","7424.2900390625","7424.2900390625","","","","","",""
"36915336","","","","","","","7424.7900390625","7424.7900390625","7424.7900390625","","","","","",""
"36915848","","","","","","","","","","7173.64990234375","7173.64990234375","7173.64990234375","","",""
"36945288","","","","","","","7424.14111328125","7424.14111328125","7424.14111328125","","","","","",""
"36948616","","","","7101.8798828125","7101.8798828125","7101.8798828125","","","","","","","","",""
"36968072","","","","7100.93359375","7100.93359375","7100.93359375","","","","","","","","",""
"36978568","","","","","","","","","","7174.0927734375","7174.0927734375","7174.0927734375","","",""
"36984712","6660.30810546875","6660.30810546875","6660.30810546875","","","","","","","","","","","",""
"36987784","","","","","","","","","","7174.72216796875","7174.72216796875","7174.72216796875","","",""
"37001096","","","","","","","","","","7176.6484375","7176.6484375","7176.6484375","","",""
"37010824","6659.38818359375","6659.38818359375","6659.38818359375","","","","","","","","","","","",""
"37023368","","","","","","","","","","7177.4755859375","7177.4755859375","7177.4755859375","","",""
"37031816","6659.61962890625","6659.61962890625","6659.61962890625","","","","","","","","","","","",""
"37035144","","","","7101.0048828125","7101.0048828125","7101.0048828125","","","","","","","","",""
"37054856","","","","","","","","","","7177.69921875","7177.69921875","7177.69921875","","",""
"37074056","","","","7101.552734375","7101.552734375","7101.552734375","","","","","","","","",""
"37090696","","","","","","","","","","7177.82421875","7177.82421875","7177.82421875","","",""
"37093000","","","","","","","","","","7179.00341796875","7179.00341796875","7179.00341796875","","",""
"37105032","","","","","","","","","","7179.57275390625","7179.57275390625","7179.57275390625","","",""
"37125000","6673.8359375","6673.8359375","6673.8359375","7104.64990234375","7104.64990234375","7104.64990234375","7499.197265625","7499.197265625","7499.197265625","7204.3349609375","7204.3349609375","7204.3349609375","7285.69189453125","7285.69189453125","7285.69189453125"
"37151624","6609.3291015625","6609.3291015625","6609.3291015625","","","","","","","","","","","",""
"37173384","6545.138671875","6545.138671875","6545.138671875","","","","","","","","","","","",""
"37184392","","","","","","","7434.685546875","7434.685546875","7434.685546875","","","","","",""
"37281416","","","","7069.037109375","7069.037109375","7069.037109375","","","","","","","","",""
"37381000","6654.6025390625","6654.6025390625","6654.6025390625","7142.05908203125","7142.05908203125","7142.05908203125","7476.22216796875","7476.22216796875","7476.22216796875","7249.44287109375","7249.44287109375","7249.44287109375","7291.58984375","7291.58984375","7291.58984375"
"37408648","6591.474609375","6591.474609375","6591.474609375","","","","","","","","","","","",""
"37409672","6528.27099609375","6528.27099609375","6528.27099609375","","","","","","","","","","","",""
"37425288","","","","","","","7408.4580078125","7408.4580078125","7408.4580078125","","","","","",""
"37429384","6527.94384765625","6527.94384765625","6527.94384765625","","","","","","","","","","","",""
"37440392","","","","","","","7405.14599609375","7405.14599609375","7405.14599609375","","","","","",""
"37449864","","","","","","","7332.33349609375","7332.33349609375","7332.33349609375","","","","","",""
"37528968","","","","","","","","","","7215.10986328125","7215.10986328125","7215.10986328125","","",""
"37537416","","","","7142.88818359375","7142.88818359375","7142.88818359375","","","","","","","","",""
"37617032","","","","","","","","","","7204.83740234375","7204.83740234375","7204.83740234375","","",""
"37636488","","","","7138.7998046875","7138.7998046875","7138.7998046875","","","","","","","","",""
"37637000","6657.7998046875","6657.7998046875","6657.7998046875","7131.8369140625","7131.8369140625","7131.8369140625","7469.890625","7469.890625","7469.890625","7193.8798828125","7193.8798828125","7193.8798828125","7235.09033203125","7235.09033203125","7235.09033203125"
"37657736","6592.75439453125","6592.75439453125","6592.75439453125","","","","","","","","","","","",""
"37662088","6530.09130859375","6530.09130859375","6530.09130859375","","","","","","","","","","","",""
"37664648","6531.703125","6531.703125","6531.703125","","","","","","","","","","","",""
"37665672","6531.61669921875","6531.61669921875","6531.61669921875","","","","","","","","","","","",""
"37669256","","","","","","","7398.0947265625","7398.0947265625","7398.0947265625","","","","","",""
"37682056","","","","","","","","","","7125.0810546875","7125.0810546875","7125.0810546875","","",""
"37685384","6533.169921875","6533.169921875","6533.169921875","","","","","","","","","","","",""
"37696392","","","","","","","7398.8369140625","7398.8369140625","7398.8369140625","","","","","",""
"37703048","","","","","","","","","","7058.56103515625","7058.56103515625","7058.56103515625","","",""
"37705864","","","","","","","7400.54443359375","7400.54443359375","7400.54443359375","","","","","",""
"37777800","6501.404296875","6501.404296875","6501.404296875","","","","","","","","","","","",""
"37784968","","","","","","","","","","7059.8505859375","7059.8505859375","7059.8505859375","","",""
"37793416","","","","7131.09375","7131.09375","7131.09375","","","","","","","","",""
"37841032","","","","7115.46630859375","7115.46630859375","7115.46630859375","","","","","","","","",""
"37841288","","","","7099.90380859375","7099.90380859375","7099.90380859375","","","","","","","","",""
"37841544","","","","7084.97216796875","7084.97216796875","7084.97216796875","","","","","","","","",""
"37842312","","","","","","","","","","7044.0234375","7044.0234375","7044.0234375","","",""
"37847176","","","","7071.95361328125","7071.95361328125","7071.95361328125","","","","","","","","",""
"37852552","","","","7058.30419921875","7058.30419921875","7058.30419921875","","","","","","","","",""
"37873032","","","","","","","","","","7045.58056640625","7045.58056640625","7045.58056640625","","",""
"37878920","6498.931640625","6498.931640625","6498.931640625","","","","","","","","","","","",""
"37892488","","","","7059.65087890625","7059.65087890625","7059.65087890625","","","","","","","","",""
"37893000","6695.076171875","6695.076171875","6695.076171875","7106.06982421875","7106.06982421875","7106.06982421875","7486.447265625","7486.447265625","7486.447265625","7206.43603515625","7206.43603515625","7206.43603515625","7257.08935546875","7257.08935546875","7257.08935546875"
"37904008","6629.24560546875","6629.24560546875","6629.24560546875","","","","","","","","","","","",""
"37905032","6563.998046875","6563.998046875","6563.998046875","","","","","","","","","","","",""
"37913736","6565.2568359375","6565.2568359375","6565.2568359375","","","","","","","","","","","",""
"37918088","6567.9560546875","6567.9560546875","6567.9560546875","","","","","","","","","","","",""
"37920648","6568.90380859375","6568.90380859375","6568.90380859375","","","","","","","","","","","",""
"37921672","6570.9521484375","6570.9521484375","6570.9521484375","","","","","","","","","","","",""
"37925256","","","","","","","7487.6953125","7487.6953125","7487.6953125","","","","","",""
"37927560","","","","7039.0244140625","7039.0244140625","7039.0244140625","","","","","","","","",""
"37935496","6508.5517578125","6508.5517578125","6508.5517578125","","","","","","","","","","","",""
"37938056","","","","","","","","","","7206.6083984375","7206.6083984375","7206.6083984375","","",""
"37941384","6510.14599609375","6510.14599609375","6510.14599609375","","","","","","","","","","","",""
"37952392","","","","","","","7488.29150390625","7488.29150390625","7488.29150390625","","","","","",""
"37959048","","","","","","","","","","7206.1181640625","7206.1181640625","7206.1181640625","","",""
"37961864","","","","","","","7489.685546875","7489.685546875","7489.685546875","","","","","",""
"38033800","6511.8759765625","6511.8759765625","6511.8759765625","","","","","","","","","","","",""
"38034056","6479.39501953125","6479.39501953125","6479.39501953125","","","","","","","","","","","",""
"38040968","","","","","","","","","","7205.66552734375","7205.66552734375","7205.66552734375","","",""
"38049416","","","","7041.03857421875","7041.03857421875","7041.03857421875","","","","","","","","",""
"38097032","","","","7041.29296875","7041.29296875","7041.29296875","","","","","","","","",""
"38097288","","","","7041.80126953125","7041.80126953125","7041.80126953125","","","","","","","","",""
"38097544","","","","7043.349609375","7043.349609375","7043.349609375","","","","","","","","",""
"38098312","","","","","","","","","","7206.2109375","7206.2109375","7206.2109375","","",""
"38103176","","","","7042.98486328125","7042.98486328125","7042.98486328125","","","","","","","","",""
"38108552","","","","7043.658203125","7043.658203125","7043.658203125","","","","","","","","",""
"38117768","","","","7032.05126953125","7032.05126953125","7032.05126953125","","","","","","","","",""
"38129032","","","","","","","","","","7202.44482421875","7202.44482421875","7202.44482421875","","",""
"38134920","6481.7734375","6481.7734375","6481.7734375","","","","","","","","","","","",""
"38148488","","","","7033.46435546875","7033.46435546875","7033.46435546875","","","","","","","","",""
"38149000","6701.17041015625","6701.17041015625","6701.17041015625","7135.0048828125","7135.0048828125","7135.0048828125","7510.74755859375","7510.74755859375","7510.74755859375","7202.9140625","7202.9140625","7202.9140625","7285.63623046875","7285.63623046875","7285.63623046875"
"38160008","6700.87158203125","6700.87158203125","6700.87158203125","","","","","","","","","","","",""
"38162568","6635.0380859375","6635.0380859375","6635.0380859375","","","","","","","","","","","",""
"38169736","6635.326171875","6635.326171875","6635.326171875","","","","","","","","","","","",""
"38172040","6571.673828125","6571.673828125","6571.673828125","","","","","","","","","","","",""
"38174088","6571.44921875","6571.44921875","6571.44921875","","","","","","","","","","","",""
"38176648","6572.5048828125","6572.5048828125","6572.5048828125","","","","","","","","","","","",""
"38177672","6573.68994140625","6573.68994140625","6573.68994140625","","","","","","","","","","","",""
"38178184","6511.63623046875","6511.63623046875","6511.63623046875","","","","","","","","","","","",""
"38181256","","","","","","","7511.45068359375","7511.45068359375","7511.45068359375","","","","","",""
"38183560","","","","7134.24462890625","7134.24462890625","7134.24462890625","","","","","","","","",""
"38191496","6513.8974609375","6513.8974609375","6513.8974609375","","","","","","","","","","","",""
"38194056","","","","","","","","","","7204.42724609375","7204.42724609375","7204.42724609375","","",""
"38197384","6515.79248046875","6515.79248046875","6515.79248046875","","","","","","","","","","","",""
"38208392","","","","","","","7508.31591796875","7508.31591796875","7508.31591796875","","","","","",""
"38215048","","","","","","","","","","7204.6953125","7204.6953125","7204.6953125","","",""
"38217864","","","","","","","7509.478515625","7509.478515625","7509.478515625","","","","","",""
"38239624","","","","","","","","","","7149.8974609375","7149.8974609375","7149.8974609375","","",""
"38242952","6469.5546875","6469.5546875","6469.5546875","","","","","","","","","","","",""
"38244744","6426.5009765625","6426.5009765625","6426.5009765625","","","","","","","","","","","",""
"38289800","6428.9404296875","6428.9404296875","6428.9404296875","","","","","","","","","","","",""
"38290056","6430.68408203125","6430.68408203125","6430.68408203125","","","","","","","","","","","",""
"38296968","","","","","","","","","","7151.68994140625","7151.68994140625","7151.68994140625","","",""
"38305416","","","","7134.6650390625","7134.6650390625","7134.6650390625","","","","","","","","",""
"38330504","","","","7112.58349609375","7112.58349609375","7112.58349609375","","","","","","","","",""
"38353032","","","","7113.3818359375","7113.3818359375","7113.3818359375","","","","","","","","",""
"38353288","","","","7112.998046875","7112.998046875","7112.998046875","","","","","","","","",""
"38353544","","","","7113.99853515625","7113.99853515625","7113.99853515625","","","","","","","","",""
"38354312","","","","","","","","","","7153.55615234375","7153.55615234375","7153.55615234375","","",""
"38359176","","","","7113.91650390625","7113.91650390625","7113.91650390625","","","","","","","","",""
"38364552","","","","7112.86474609375","7112.86474609375","7112.86474609375","","","","","","","","",""
"38370696","6413.94873046875","6413.94873046875","6413.94873046875","","","","","","","","","","","",""
"38373768","","","","7112.2236328125","7112.2236328125","7112.2236328125","","","","","","","","",""
"38385032","","","","","","","","","","7153.44775390625","7153.44775390625","7153.44775390625","","",""
"38390920","6417.150390625","6417.150390625","6417.150390625","","","","","","","","","","","",""
"38404488","","","","7113.40966796875","7113.40966796875","7113.40966796875","","","","","","","","",""
"38405000","6666.884765625","6666.884765625","6666.884765625","7149.5","7149.5","7149.5","7522.05419921875","7522.05419921875","7522.05419921875","7224.224609375","7224.224609375","7224.224609375","7271.0830078125","7271.0830078125","7271.0830078125"
"38425736","6601.8955078125","6601.8955078125","6601.8955078125","","","","","","","","","","","",""
"38431368","6538.43994140625","6538.43994140625","6538.43994140625","","","","","","","","","","","",""
"38432136","6476.1025390625","6476.1025390625","6476.1025390625","","","","","","","","","","","",""
"38435208","6351.32666015625","6351.32666015625","6351.32666015625","","","","","","","","","","","",""
"38454152","","","","","","","","","","7160.048828125","7160.048828125","7160.048828125","","",""
"38546312","6320.4892578125","6320.4892578125","6320.4892578125","","","","","","","","","","","",""
"38560648","6294.18115234375","6294.18115234375","6294.18115234375","","","","","","","","","","","",""
"38619016","6278.97900390625","6278.97900390625","6278.97900390625","","","","","","","","","","","",""
"38661000","6688.52001953125","6688.52001953125","6688.52001953125","7173.59912109375","7173.59912109375","7173.59912109375","7458.1279296875","7458.1279296875","7458.1279296875","7263.2412109375","7263.2412109375","7263.2412109375","7319.1328125","7319.1328125","7319.1328125"
"38681736","6687.904296875","6687.904296875","6687.904296875","","","","","","","","","","","",""
"38682760","6622.98095703125","6622.98095703125","6622.98095703125","","","","","","","","","","","",""
"38687368","6623.6630859375","6623.6630859375","6623.6630859375","","","","","","","","","","","",""
"38688136","6621.72607421875","6621.72607421875","6621.72607421875","","","","","","","","","","","",""
"38691208","6624.880859375","6624.880859375","6624.880859375","","","","","","","","","","","",""
"38710152","","","","","","","","","","7260.80810546875","7260.80810546875","7260.80810546875","","",""
"38734984","","","","7113.6611328125","7113.6611328125","7113.6611328125","","","","","","","","",""
"38741896","","","","","","","","","","7200.826171875","7200.826171875","7200.826171875","","",""
"38802312","6625.4130859375","6625.4130859375","6625.4130859375","","","","","","","","","","","",""
"38809736","6588.75439453125","6588.75439453125","6588.75439453125","","","","","","","","","","","",""
"38816648","6590.53173828125","6590.53173828125","6590.53173828125","","","","","","","","","","","",""
"38875016","6588.953125","6588.953125","6588.953125","","","","","","","","","","","",""
"38887304","","","","","","","","","","7182.80126953125","7182.80126953125","7182.80126953125","","",""
"38917000","6686.45361328125","6686.45361328125","6686.45361328125","7152.32373046875","7152.32373046875","7152.32373046875","7530.0859375","7530.0859375","7530.0859375","7240.0205078125","7240.0205078125","7240.0205078125","7297.1494140625","7297.1494140625","7297.1494140625"
"38937736","6686.2744140625","6686.2744140625","6686.2744140625","","","","","","","","","","","",""
"38938760","6685.21923828125","6685.21923828125","6685.21923828125","","","","","","","","","","","",""
"38941832","","","","","","","","","","","","","7226.916015625","7226.916015625","7226.916015625"
"38943368","6683.7177734375","6683.7177734375","6683.7177734375","","","","","","","","","","","",""
"38944136","6681.93359375","6681.93359375","6681.93359375","","","","","","","","","","","",""
"38947208","6674.71533203125","6674.71533203125","6674.71533203125","","","","","","","","","","","",""
"38959240","","","","","","","7457.04296875","7457.04296875","7457.04296875","","","","","",""
"38961032","","","","7084.96923828125","7084.96923828125","7084.96923828125","","","","","","","","",""
"38966152","","","","","","","","","","7240.8984375","7240.8984375","7240.8984375","","",""
"38979464","6613.5771484375","6613.5771484375","6613.5771484375","","","","","","","","","","","",""
"38990984","","","","7084.853515625","7084.853515625","7084.853515625","","","","","","","","",""
"38997896","","","","","","","","","","7239.32666015625","7239.32666015625","7239.32666015625","","",""
"39058312","6614.5693359375","6614.5693359375","6614.5693359375","","","","","","","","","","","",""
"39065736","6614.1435546875","6614.1435546875","6614.1435546875","","","","","","","","","","","",""
"39072648","6615.61181640625","6615.61181640625","6615.61181640625","","","","","","","","","","","",""
"39081352","","","","7055.0478515625","7055.0478515625","7055.0478515625","","","","","","","","",""
"39131016","6617.84814453125","6617.84814453125","6617.84814453125","","","","","","","","","","","",""
"39143304","","","","","","","","","","7239.9560546875","7239.9560546875","7239.9560546875","","",""
"39150216","","","","","","","","","","7230.64990234375","7230.64990234375","7230.64990234375","","",""
"39173000","6698.572265625","6698.572265625","6698.572265625","7169.32421875","7169.32421875","7169.32421875","7607.62548828125","7607.62548828125","7607.62548828125","7265.7509765625","7265.7509765625","7265.7509765625","7305.42431640625","7305.42431640625","7305.42431640625"
"39193736","6699.12255859375","6699.12255859375","6699.12255859375","","","","","","","","","","","",""
"39194760","6699.28369140625","6699.28369140625","6699.28369140625","","","","","","","","","","","",""
"39197832","","","","","","","","","","","","","7305.01416015625","7305.01416015625","7305.01416015625"
"39199112","","","","","","","7534.66357421875","7534.66357421875","7534.66357421875","","","","","",""
"39199368","6699.36865234375","6699.36865234375","6699.36865234375","","","","","","","","","","","",""
"39200136","6700.2509765625","6700.2509765625","6700.2509765625","","","","","","","","","","","",""
"39203208","6702.609375","6702.609375","6702.609375","","","","","","","","","","","",""
"39215240","","","","","","","7534.76123046875","7534.76123046875","7534.76123046875","","","","","",""
"39217032","","","","7168.34716796875","7168.34716796875","7168.34716796875","","","","","","","","",""
"39222152","","","","","","","","","","7266.140625","7266.140625","7266.140625","","",""
"39228040","","","","7105.85546875","7105.85546875","7105.85546875","","","","","","","","",""
"39233928","","","","","","","","","","7204.4091796875","7204.4091796875","7204.4091796875","","",""
"39235464","6701.685546875","6701.685546875","6701.685546875","","","","","","","","","","","",""
"39246984","","","","7107.138671875","7107.138671875","7107.138671875","","","","","","","","",""
"39253896","","","","","","","","","","7204.44091796875","7204.44091796875","7204.44091796875","","",""
"39255176","","","","","","","","","","7149.3193359375","7149.3193359375","7149.3193359375","","",""
"39274888","","","","","","","7484.15380859375","7484.15380859375","7484.15380859375","","","","","",""
"39292808","","","","","","","","","","7107.90185546875","7107.90185546875","7107.90185546875","","",""
"39314312","6701.2890625","6701.2890625","6701.2890625","","","","","","","","","","","",""
"39317128","","","","","","","7444.0869140625","7444.0869140625","7444.0869140625","","","","","",""
"39321736","6700.93359375","6700.93359375","6700.93359375","","","","","","","","","","","",""
"39325064","6669.54150390625","6669.54150390625","6669.54150390625","","","","","","","","","","","",""
"39328648","6669.322265625","6669.322265625","6669.322265625","","","","","","","","","","","",""
"39337352","","","","7109.0693359375","7109.0693359375","7109.0693359375","","","","","","","","",""
"39363976","6647.775390625","6647.775390625","6647.775390625","","","","","","","","","","","",""
"39387016","6647.580078125","6647.580078125","6647.580078125","","","","","","","","","","","",""
"39389320","6635.505859375","6635.505859375","6635.505859375","","","","","","","","","","","",""
"39399304","","","","","","","","","","7108.65625","7108.65625","7108.65625","","",""
"39406216","","","","","","","","","","7111.3115234375","7111.3115234375","7111.3115234375","","",""
"39429000","6704.6025390625","6704.6025390625","6704.6025390625","7194.23974609375","7194.23974609375","7194.23974609375","7533.5390625","7533.5390625","7533.5390625","7246.82470703125","7246.82470703125","7246.82470703125","7310.40283203125","7310.40283203125","7310.40283203125"
"39443592","","","","","","","7459.22216796875","7459.22216796875","7459.22216796875","","","","","",""
"39449736","6703.97802734375","6703.97802734375","6703.97802734375","","","","","","","","","","","",""
"39450760","6704.71923828125","6704.71923828125","6704.71923828125","","","","","","","","","","","",""
"39452808","","","","","","","7385.9609375","7385.9609375","7385.9609375","","","","","",""
"39453832","","","","","","","","","","","","","7310.77880859375","7310.77880859375","7310.77880859375"
"39455112","","","","","","","7388.587890625","7388.587890625","7388.587890625","","","","","",""
"39455368","6706.13232421875","6706.13232421875","6706.13232421875","","","","","","","","","","","",""
"39456136","6706.45068359375","6706.45068359375","6706.45068359375","","","","","","","","","","","",""
"39459208","6705.6787109375","6705.6787109375","6705.6787109375","","","","","","","","","","","",""
"39471240","","","","","","","7390.681640625","7390.681640625","7390.681640625","","","","","",""
"39473032","","","","7194.482421875","7194.482421875","7194.482421875","","","","","","","","",""
"39478152","","","","","","","","","","7246.3603515625","7246.3603515625","7246.3603515625","","",""
"39484040","","","","7194.96533203125","7194.96533203125","7194.96533203125","","","","","","","","",""
"39489928","","","","","","","","","","7246.53466796875","7246.53466796875","7246.53466796875","","",""
"39491464","6707.0498046875","6707.0498046875","6707.0498046875","","","","","","","","","","","",""
"39502984","","","","7194.32177734375","7194.32177734375","7194.32177734375","","","","","","","","",""
"39509896","","","","","","","","","","7246.337890625","7246.337890625","7246.337890625","","",""
"39511176","","","","","","","","","","7248.1142578125","7248.1142578125","7248.1142578125","","",""
"39513480","","","","7133.08251953125","7133.08251953125","7133.08251953125","","","","","","","","",""
"39530888","","","","","","","7391.86181640625","7391.86181640625","7391.86181640625","","","","","",""
"39542920","","","","7079.73291015625","7079.73291015625","7079.73291015625","","","","","","","","",""
"39548808","","","","","","","","","","7249.111328125","7249.111328125","7249.111328125","","",""
"39570312","6707.85546875","6707.85546875","6707.85546875","","","","","","","","","","","",""
"39573128","","","","","","","7393.2978515625","7393.2978515625","7393.2978515625","","","","","",""
"39577736","6708.6796875","6708.6796875","6708.6796875","","","","","","","","","","","",""
"39581064","6707.7705078125","6707.7705078125","6707.7705078125","","","","","","","","","","","",""
"39584648","6708.5","6708.5","6708.5","","","","","","","","","","","",""
"39593352","","","","7079.6884765625","7079.6884765625","7079.6884765625","","","","","","","","",""
"39619976","6708.419921875","6708.419921875","6708.419921875","","","","","","","","","","","",""
"39643016","6708.95849609375","6708.95849609375","6708.95849609375","","","","","","","","","","","",""
"39645320","6709.44482421875","6709.44482421875","6709.44482421875","","","","","","","","","","","",""
"39653768","","","","","","","","","","7230.62109375","7230.62109375","7230.62109375","","",""
"39655304","","","","","","","","","","7232.197265625","7232.197265625","7232.197265625","","",""
"39662216","","","","","","","","","","7231.94921875","7231.94921875","7231.94921875","","",""
"39664520","","","","","","","","","","7224.3916015625","7224.3916015625","7224.3916015625","","",""
"39665288","","","","","","","7385.31982421875","7385.31982421875","7385.31982421875","","","","","",""
"39666568","","","","","","","","","","7217.64306640625","7217.64306640625","7217.64306640625","","",""
"39685000","6736.38232421875","6736.38232421875","6736.38232421875","7155.734375","7155.734375","7155.734375","7550.66064453125","7550.66064453125","7550.66064453125","7248.408203125","7248.408203125","7248.408203125","7288.962890625","7288.962890625","7288.962890625"
"39723144","","","","","","","7478.08349609375","7478.08349609375","7478.08349609375","","","","","",""
"39827592","6703.4609375","6703.4609375","6703.4609375","","","","","","","","","","","",""
"39844232","6671.26904296875","6671.26904296875","6671.26904296875","","","","","","","","","","","",""
"39877768","6645.74462890625","6645.74462890625","6645.74462890625","","","","","","","","","","","",""
"39897736","6633.37158203125","6633.37158203125","6633.37158203125","","","","","","","","","","","",""
"39934856","6630.203125","6630.203125","6630.203125","","","","","","","","","","","",""
"39941000","6732.00732421875","6732.00732421875","6732.00732421875","7185.7333984375","7185.7333984375","7185.7333984375","7575.59033203125","7575.59033203125","7575.59033203125","7281.6259765625","7281.6259765625","7281.6259765625","7328.8310546875","7328.8310546875","7328.8310546875"
"39961480","","","","","","","7501.13623046875","7501.13623046875","7501.13623046875","","","","","",""
"39977608","","","","","","","7430.8369140625","7430.8369140625","7430.8369140625","","","","","",""
"39979144","","","","","","","7433.71728515625","7433.71728515625","7433.71728515625","","","","","",""
"39988104","","","","","","","","","","7215.681640625","7215.681640625","7215.681640625","","",""
"40003464","","","","","","","","","","7152.982421875","7152.982421875","7152.982421875","","",""
"40059272","6692.65283203125","6692.65283203125","6692.65283203125","","","","","","","","","","","",""
"40083592","6693.5966796875","6693.5966796875","6693.5966796875","","","","","","","","","","","",""
"40100232","6693.91064453125","6693.91064453125","6693.91064453125","","","","","","","","","","","",""
"40133768","6694.1328125","6694.1328125","6694.1328125","","","","","","","","","","","",""
"40136584","6676.4384765625","6676.4384765625","6676.4384765625","","","","","","","","","","","",""
"40153736","6677.56787109375","6677.56787109375","6677.56787109375","","","","","","","","","","","",""
"40176008","6663.28662109375","6663.28662109375","6663.28662109375","","","","","","","","","","","",""
"40190856","6663.7685546875","6663.7685546875","6663.7685546875","","","","","","","","","","","",""
"40194184","6661.4677734375","6661.4677734375","6661.4677734375","","","","","","","","","","","",""
"40197000","6729.02734375","6729.02734375","6729.02734375","7172.220703125","7172.220703125","7172.220703125","7551.013671875","7551.013671875","7551.013671875","7333.43408203125","7333.43408203125","7333.43408203125","7315.25927734375","7315.25927734375","7315.25927734375"
"40217480","","","","","","","7550.84130859375","7550.84130859375","7550.84130859375","","","","","",""
"40231816","6664.7958984375","6664.7958984375","6664.7958984375","","","","","","","","","","","",""
"40233608","","","","","","","7550.68359375","7550.68359375","7550.68359375","","","","","",""
"40235144","","","","","","","7548.85693359375","7548.85693359375","7548.85693359375","","","","","",""
"40244104","","","","","","","","","","7333.5830078125","7333.5830078125","7333.5830078125","","",""
"40256136","","","","","","","","","","7270.6171875","7270.6171875","7270.6171875","","",""
"40259464","","","","","","","","","","7271.521484375","7271.521484375","7271.521484375","","",""
"40273800","6631.2333984375","6631.2333984375","6631.2333984375","","","","","","","","","","","",""
"40315272","6632.9833984375","6632.9833984375","6632.9833984375","","","","","","","","","","","",""
"40339592","6632.8447265625","6632.8447265625","6632.8447265625","","","","","","","","","","","",""
"40356232","6634.6240234375","6634.6240234375","6634.6240234375","","","","","","","","","","","",""
"40357256","6603.9921875","6603.9921875","6603.9921875","","","","","","","","","","","",""
"40389768","6604.740234375","6604.740234375","6604.740234375","","","","","","","","","","","",""
"40409736","6605.1171875","6605.1171875","6605.1171875","","","","","","","","","","","",""
"40432008","6604.8203125","6604.8203125","6604.8203125","","","","","","","","","","","",""
"40446856","6605.42431640625","6605.42431640625","6605.42431640625","","","","","","","","","","","",""
"40453000","6722.8359375","6722.8359375","6722.8359375","7203.15087890625","7203.15087890625","7203.15087890625","7572.74853515625","7572.74853515625","7572.74853515625","7297.1494140625","7297.1494140625","7297.1494140625","7310.9423828125","7310.9423828125","7310.9423828125"
"40473480","","","","","","","7573.09716796875","7573.09716796875","7573.09716796875","","","","","",""
"40487816","6720.31787109375","6720.31787109375","6720.31787109375","","","","","","","","","","","",""
"40489608","","","","","","","7574.021484375","7574.021484375","7574.021484375","","","","","",""
"40491144","","","","","","","7573.1728515625","7573.1728515625","7573.1728515625","","","","","",""
"40500104","","","","","","","","","","7297.3369140625","7297.3369140625","7297.3369140625","","",""
"40503176","","","","","","","","","","","","","7243.85107421875","7243.85107421875","7243.85107421875"
"40512136","","","","","","","","","","7297.27099609375","7297.27099609375","7297.27099609375","","",""
"40515464","","","","7140.9853515625","7140.9853515625","7140.9853515625","","","","7297.58935546875","7297.58935546875","7297.58935546875","","",""
"40524424","6666.9521484375","6666.9521484375","6666.9521484375","","","","","","","","","","","",""
"40529800","6667.04443359375","6667.04443359375","6667.04443359375","","","","","","","","","","","",""
"40530056","","","","7082.6640625","7082.6640625","7082.6640625","","","","","","","","",""
"40571272","6668.83056640625","6668.83056640625","6668.83056640625","","","","","","","","","","","",""
"40590984","","","","7044.32666015625","7044.32666015625","7044.32666015625","","","","","","","","",""
"40595592","6669.69091796875","6669.69091796875","6669.69091796875","","","","","","","","","","","",""
"40612232","6671.17236328125","6671.17236328125","6671.17236328125","","","","","","","","","","","",""
"40613256","6668.4990234375","6668.4990234375","6668.4990234375","","","","","","","","","","","",""
"40645768","6666.9150390625","6666.9150390625","6666.9150390625","","","","","","","","","","","",""
"40665736","6667.537109375","6667.537109375","6667.537109375","","","","","","","","","","","",""
"40688008","6668.10595703125","6668.10595703125","6668.10595703125","","","","","","","","","","","",""
"40702856","6669.91796875","6669.91796875","6669.91796875","","","","","","","","","","","",""
"40709000","6751.1103515625","6751.1103515625","6751.1103515625","7187.6103515625","7187.6103515625","7187.6103515625","7558.47119140625","7558.47119140625","7558.47119140625","7237.0927734375","7237.0927734375","7237.0927734375","7285.7109375","7285.7109375","7285.7109375"
"40729480","","","","","","","7558.09521484375","7558.09521484375","7558.09521484375","","","","","",""
"40738952","","","","","","","7485.03466796875","7485.03466796875","7485.03466796875","","","","","",""
"40743816","6749.62255859375","6749.62255859375","6749.62255859375","","","","","","","","","","","",""
"40745608","","","","","","","7486.337890625","7486.337890625","7486.337890625","","","","","",""
"40747144","","","","","","","7486.78125","7486.78125","7486.78125","","","","","",""
"40749192","","","","","","","","","","","","","7216.3623046875","7216.3623046875","7216.3623046875"
"40756104","","","","","","","","","","7236.6865234375","7236.6865234375","7236.6865234375","","",""
"40759176","","","","","","","","","","","","","7216.31298828125","7216.31298828125","7216.31298828125"
"40768136","","","","","","","","","","7237.234375","7237.234375","7237.234375","","",""
"40771464","","","","7187.68603515625","7187.68603515625","7187.68603515625","","","","7238.0048828125","7238.0048828125","7238.0048828125","","",""
"40780424","6747.978515625","6747.978515625","6747.978515625","","","","","","","","","","","",""
"40785800","6746.8125","6746.8125","6746.8125","","","","","","","","","","","",""
"40786056","","","","7186.77587890625","7186.77587890625","7186.77587890625","","","","","","","","",""
"40827272","6746.96435546875","6746.96435546875","6746.96435546875","","","","","","","","","","","",""
"40838280","","","","7148.58349609375","7148.58349609375","7148.58349609375","","","","","","","","",""
"40846984","","","","7149.44873046875","7149.44873046875","7149.44873046875","","","","","","","","",""
"40850568","","","","7112.92724609375","7112.92724609375","7112.92724609375","","","","","","","","",""
"40851592","6746.96533203125","6746.96533203125","6746.96533203125","","","","","","","","","","","",""
"40860296","6712.01220703125","6712.01220703125","6712.01220703125","","","","","","","","","","","",""
"40868232","6713.36376953125","6713.36376953125","6713.36376953125","","","","","","","","","","","",""
"40869256","6713.4931640625","6713.4931640625","6713.4931640625","","","","","","","","","","","",""
"40901768","6713.74658203125","6713.74658203125","6713.74658203125","","","","","","","","","","","",""
"40903560","6692.22216796875","6692.22216796875","6692.22216796875","","","","","","","","","","","",""
"40921736","6693.43359375","6693.43359375","6693.43359375","","","","","","","","","","","",""
"40941448","6692.5869140625","6692.5869140625","6692.5869140625","","","","","","","","","","","",""
"40945288","6685.978515625","6685.978515625","6685.978515625","","","","","","","","","","","",""
"40951176","6675.544921875","6675.544921875","6675.544921875","","","","","","","","","","","",""
"40951944","6669.90966796875","6669.90966796875","6669.90966796875","","","","","","","","","","","",""
"40958856","6665.591796875","6665.591796875","6665.591796875","","","","","","","","","","","",""
"40965000","6694.6328125","6694.6328125","6694.6328125","7232.0712890625","7232.0712890625","7232.0712890625","7513.99462890625","7513.99462890625","7513.99462890625","7329.009765625","7329.009765625","7329.009765625","7296.88720703125","7296.88720703125","7296.88720703125"
"41038216","","","","","","","7450.3349609375","7450.3349609375","7450.3349609375","","","","","",""
"41111176","6662.982421875","6662.982421875","6662.982421875","","","","","","","","","","","",""
"41144712","","","","7204.7392578125","7204.7392578125","7204.7392578125","","","","","","","","",""
"41161096","","","","7184.40625","7184.40625","7184.40625","","","","","","","","",""
"41221000","6744.00244140625","6744.00244140625","6744.00244140625","7208.88916015625","7208.88916015625","7208.88916015625","7575.06787109375","7575.06787109375","7575.06787109375","7341.4404296875","7341.4404296875","7341.4404296875","7321.53466796875","7321.53466796875","7321.53466796875"
"41241736","6678.75244140625","6678.75244140625","6678.75244140625","","","","","","","","","","","",""
"41254536","","","","","","","7502.17529296875","7502.17529296875","7502.17529296875","","","","","",""
"41265288","","","","","","","7430.87841796875","7430.87841796875","7430.87841796875","","","","","",""
"41270920","","","","7142.9384765625","7142.9384765625","7142.9384765625","","","","","","","","",""
"41294216","","","","","","","7431.80419921875","7431.80419921875","7431.80419921875","","","","","",""
"41315208","","","","7091.49658203125","7091.49658203125","7091.49658203125","","","","","","","","",""
"41367176","6678.767578125","6678.767578125","6678.767578125","","","","","","","","","","","",""
"41400712","","","","7092.38818359375","7092.38818359375","7092.38818359375","","","","","","","","",""
"41417096","","","","7093.34423828125","7093.34423828125","7093.34423828125","","","","","","","","",""
"41464200","","","","7087.27490234375","7087.27490234375","7087.27490234375","","","","","","","","",""
"41477000","6758.69921875","6758.69921875","6758.69921875","7191.806640625","7191.806640625","7191.806640625","7531.64404296875","7531.64404296875","7531.64404296875","7312.791015625","7312.791015625","7312.791015625","7312.09033203125","7312.09033203125","7312.09033203125"
"41497736","6759.02490234375","6759.02490234375","6759.02490234375","","","","","","","","","","","",""
"41505672","","","","","","","7459.14111328125","7459.14111328125","7459.14111328125","","","","","",""
"41510536","","","","","","","7461.68798828125","7461.68798828125","7461.68798828125","","","","","",""
"41521288","","","","","","","7460.87353515625","7460.87353515625","7460.87353515625","","","","","",""
"41522056","","","","","","","","","","7246.7900390625","7246.7900390625","7246.7900390625","","",""
"41526920","","","","7192.53857421875","7192.53857421875","7192.53857421875","","","","","","","","",""
"41550216","","","","","","","7462.53173828125","7462.53173828125","7462.53173828125","","","","","",""
"41571208","","","","7191.8974609375","7191.8974609375","7191.8974609375","","","","","","","","",""
"41623176","6757.8046875","6757.8046875","6757.8046875","","","","","","","","","","","",""
"41643656","","","","7160.8623046875","7160.8623046875","7160.8623046875","","","","","","","","",""
"41656712","","","","7160.7109375","7160.7109375","7160.7109375","","","","","","","","",""
"41673096","","","","7161.65478515625","7161.65478515625","7161.65478515625","","","","","","","","",""
"41720200","","","","7159.2060546875","7159.2060546875","7159.2060546875","","","","","","","","",""
"41733000","6683.48974609375","6683.48974609375","6683.48974609375","7182.07470703125","7182.07470703125","7182.07470703125","7533.95751953125","7533.95751953125","7533.95751953125","7345.61865234375","7345.61865234375","7345.61865234375","7309.85498046875","7309.85498046875","7309.85498046875"
"41753736","6684.5556640625","6684.5556640625","6684.5556640625","","","","","","","","","","","",""
"41761416","","","","","","","","","","7275.384765625","7275.384765625","7275.384765625","","",""
"41761672","","","","","","","7534.947265625","7534.947265625","7534.947265625","","","","","",""
"41766536","","","","","","","7535.8974609375","7535.8974609375","7535.8974609375","","","","","",""
"41769352","","","","","","","","","","7207.255859375","7207.255859375","7207.255859375","","",""
"41776008","","","","","","","7461.7236328125","7461.7236328125","7461.7236328125","","","","","",""
"41777288","","","","","","","7462.1162109375","7462.1162109375","7462.1162109375","","","","","",""
"41778056","","","","","","","","","","7209.0947265625","7209.0947265625","7209.0947265625","","",""
"41782920","","","","7181.71337890625","7181.71337890625","7181.71337890625","","","","","","","","",""
"41793160","","","","7118.97998046875","7118.97998046875","7118.97998046875","","","","","","","","",""
"41806216","","","","","","","7464.36669921875","7464.36669921875","7464.36669921875","","","","","",""
"41827208","","","","7119.388671875","7119.388671875","7119.388671875","","","","","","","","",""
"41853320","6644.02978515625","6644.02978515625","6644.02978515625","","","","","","","","","","","",""
"41879176","6643.916015625","6643.916015625","6643.916015625","","","","","","","","","","","",""
"41889672","6615.169921875","6615.169921875","6615.169921875","","","","","","","","","","","",""
"41899656","","","","7119.31689453125","7119.31689453125","7119.31689453125","","","","","","","","",""
"41912712","","","","7120.9228515625","7120.9228515625","7120.9228515625","","","","","","","","",""
"41926280","","","","","","","","","","7189.021484375","7189.021484375","7189.021484375","","",""
"41929096","","","","7120.06982421875","7120.06982421875","7120.06982421875","","","","","","","","",""
"41967752","","","","7111.828125","7111.828125","7111.828125","","","","","","","","",""
"41976200","","","","7112.4130859375","7112.4130859375","7112.4130859375","","","","","","","","",""
"41982856","6613.0458984375","6613.0458984375","6613.0458984375","","","","","","","","","","","",""
"41989000","6661.98876953125","6661.98876953125","6661.98876953125","7200.2744140625","7200.2744140625","7200.2744140625","7559.9560546875","7559.9560546875","7559.9560546875","7338.947265625","7338.947265625","7338.947265625","7302.40283203125","7302.40283203125","7302.40283203125"
"42009736","6663.509765625","6663.509765625","6663.509765625","","","","","","","","","","","",""
"42014088","","","","","","","7486.39794921875","7486.39794921875","7486.39794921875","","","","","",""
"42017416","","","","","","","","","","7339.84619140625","7339.84619140625","7339.84619140625","","",""
"42017672","","","","","","","7487.27001953125","7487.27001953125","7487.27001953125","","","","","",""
"42022536","","","","","","","7488.8671875","7488.8671875","7488.8671875","","","","","",""
"42024840","","","","","","","","","","7271.19189453125","7271.19189453125","7271.19189453125","","",""
"42025352","","","","","","","","","","7270.81298828125","7270.81298828125","7270.81298828125","","",""
"42032008","","","","","","","7489.96484375","7489.96484375","7489.96484375","","","","","",""
"42033288","","","","","","","7487.21630859375","7487.21630859375","7487.21630859375","","","","","",""
"42034056","","","","","","","","","","7269.02001953125","7269.02001953125","7269.02001953125","","",""
"42038920","","","","7200.3203125","7200.3203125","7200.3203125","","","","","","","","",""
"42045576","","","","","","","","","","7202.95068359375","7202.95068359375","7202.95068359375","","",""
"42049160","","","","7200.4990234375","7200.4990234375","7200.4990234375","","","","","","","","",""
"42062216","","","","","","","7487.93798828125","7487.93798828125","7487.93798828125","","","","","",""
"42062472","6609.3681640625","6609.3681640625","6609.3681640625","","","","","","","","","","","",""
"42083208","","","","7199.92236328125","7199.92236328125","7199.92236328125","","","","","","","","",""
"42109320","6608.6728515625","6608.6728515625","6608.6728515625","","","","","","","","","","","",""
"42132872","6578.59423828125","6578.59423828125","6578.59423828125","","","","","","","","","","","",""
"42133384","","","","","","","","","","7165.1650390625","7165.1650390625","7165.1650390625","","",""
"42135176","6581.0322265625","6581.0322265625","6581.0322265625","","","","","","","","","","","",""
"42145672","6582.45068359375","6582.45068359375","6582.45068359375","","","","","","","","","","","",""
"42147464","6553.03564453125","6553.03564453125","6553.03564453125","","","","","","","","","","","",""
"42155656","","","","7200.826171875","7200.826171875","7200.826171875","","","","","","","","",""
"42168712","","","","7201.5927734375","7201.5927734375","7201.5927734375","","","","","","","","",""
"42182280","","","","","","","","","","7167.09814453125","7167.09814453125","7167.09814453125","","",""
"42185096","","","","7202.375","7202.375","7202.375","","","","","","","","",""
"42198920","","","","","","","7472.4248046875","7472.4248046875","7472.4248046875","","","","","",""
"42223752","","","","7201.00244140625","7201.00244140625","7201.00244140625","","","","","","","","",""
"42232200","","","","7197.05419921875","7197.05419921875","7197.05419921875","","","","","","","","",""
"42238856","6554.47412109375","6554.47412109375","6554.47412109375","","","","","","","","","","","",""
"42245000","6709.63037109375","6709.63037109375","6709.63037109375","7169.75048828125","7169.75048828125","7169.75048828125","7607.0087890625","7607.0087890625","7607.0087890625","7308.8125","7308.8125","7308.8125","7297.83154296875","7297.83154296875","7297.83154296875"
"42291336","","","","7104.806640625","7104.806640625","7104.806640625","","","","","","","","",""
"42292104","","","","","","","","","","7242.69677734375","7242.69677734375","7242.69677734375","","",""
"42302088","","","","","","","","","","7180.9912109375","7180.9912109375","7180.9912109375","","",""
"42304392","","","","","","","","","","7117.056640625","7117.056640625","7117.056640625","","",""
"42345352","","","","7056.96337890625","7056.96337890625","7056.96337890625","","","","","","","","",""
"42382216","","","","7020.9853515625","7020.9853515625","7020.9853515625","","","","","","","","",""
"42403976","","","","","","","","","","7075.4462890625","7075.4462890625","7075.4462890625","","",""
"42466440","6694.529296875","6694.529296875","6694.529296875","","","","","","","","","","","",""
"42501000","6755.03857421875","6755.03857421875","6755.03857421875","7219.177734375","7219.177734375","7219.177734375","7589.1279296875","7589.1279296875","7589.1279296875","7290.5478515625","7290.5478515625","7290.5478515625","7318.533203125","7318.533203125","7318.533203125"
"42531208","","","","","","","7515.5302734375","7515.5302734375","7515.5302734375","","","","","",""
"42547336","","","","7219.384765625","7219.384765625","7219.384765625","","","","","","","","",""
"42548104","","","","","","","","","","7291.15966796875","7291.15966796875","7291.15966796875","","",""
"42558088","","","","","","","","","","7291.73876953125","7291.73876953125","7291.73876953125","","",""
"42560392","","","","","","","","","","7293.25","7293.25","7293.25","","",""
"42561416","","","","7152.875","7152.875","7152.875","","","","","","","","",""
"42570120","","","","","","","7447.8037109375","7447.8037109375","7447.8037109375","","","","","",""
"42581128","6698.4296875","6698.4296875","6698.4296875","","","","","","","","","","","",""
"42601352","","","","7153.38525390625","7153.38525390625","7153.38525390625","","","","","","","","",""
"42619528","","","","7110.36962890625","7110.36962890625","7110.36962890625","","","","","","","","",""
"42638216","","","","7110.962890625","7110.962890625","7110.962890625","","","","","","","","",""
"42659976","","","","","","","","","","7294.3759765625","7294.3759765625","7294.3759765625","","",""
"42722440","6699.6279296875","6699.6279296875","6699.6279296875","","","","","","","","","","","",""
"42757000","6764.123046875","6764.123046875","6764.123046875","7165.7255859375","7165.7255859375","7165.7255859375","7537.1416015625","7537.1416015625","7537.1416015625","7341.86474609375","7341.86474609375","7341.86474609375","7316.685546875","7316.685546875","7316.685546875"
"42777224","","","","","","","7463.45166015625","7463.45166015625","7463.45166015625","","","","","",""
"42787208","","","","","","","7464.96630859375","7464.96630859375","7464.96630859375","","","","","",""
"42803336","","","","7166.46875","7166.46875","7166.46875","","","","","","","","",""
"42804104","","","","","","","","","","7342.87548828125","7342.87548828125","7342.87548828125","","",""
"42814088","","","","","","","","","","7342.7646484375","7342.7646484375","7342.7646484375","","",""
"42816392","","","","","","","","","","7343.9541015625","7343.9541015625","7343.9541015625","","",""
"42817416","","","","7165.1279296875","7165.1279296875","7165.1279296875","","","","","","","","",""
"42821000","","","","","","","","","","7281.5947265625","7281.5947265625","7281.5947265625","","",""
"42826120","","","","","","","7465.4736328125","7465.4736328125","7465.4736328125","","","","","",""
"42833032","6711.72412109375","6711.72412109375","6711.72412109375","","","","","","","","","","","",""
"42837128","6713.453125","6713.453125","6713.453125","","","","","","","","","","","",""
"42857352","","","","7163.607421875","7163.607421875","7163.607421875","","","","","","","","",""
"42875528","","","","7161.94677734375","7161.94677734375","7161.94677734375","","","","","","","","",""
"42894216","","","","7162.44970703125","7162.44970703125","7162.44970703125","","","","","","","","",""
"42915976","","","","","","","","","","7283.2880859375","7283.2880859375","7283.2880859375","","",""
"42922888","6686.447265625","6686.447265625","6686.447265625","","","","","","","","","","","",""
"42924680","6655.81298828125","6655.81298828125","6655.81298828125","","","","","","","","","","","",""
"42951560","6637.00244140625","6637.00244140625","6637.00244140625","","","","","","","","","","","",""
"42972808","","","","7148.30615234375","7148.30615234375","7148.30615234375","","","","","","","","",""
"42976904","6618.3330078125","6618.3330078125","6618.3330078125","","","","","","","","","","","",""
"42978440","6620.5546875","6620.5546875","6620.5546875","","","","","","","","","","","",""
"43007112","","","","7145.3603515625","7145.3603515625","7145.3603515625","","","","","","","","",""
"43013000","6770.259765625","6770.259765625","6770.259765625","7181.7529296875","7181.7529296875","7181.7529296875","7616.412109375","7616.412109375","7616.412109375","7348.90234375","7348.90234375","7348.90234375","7311.40625","7311.40625","7311.40625"
"43033224","","","","","","","7615.404296875","7615.404296875","7615.404296875","","","","","",""
"43034760","","","","","","","","","","7277.00537109375","7277.00537109375","7277.00537109375","","",""
"43041160","","","","","","","","","","7206.2587890625","7206.2587890625","7206.2587890625","","",""
"43043208","","","","","","","7615.78271484375","7615.78271484375","7615.78271484375","","","","","",""
"43059336","","","","7181.935546875","7181.935546875","7181.935546875","","","","","","","","",""
"43060104","","","","","","","","","","7207.11474609375","7207.11474609375","7207.11474609375","","",""
"43069320","","","","","","","7548.53466796875","7548.53466796875","7548.53466796875","","","","","",""
"43070088","","","","","","","","","","7209.20556640625","7209.20556640625","7209.20556640625","","",""
"43072392","","","","","","","","","","7210.546875","7210.546875","7210.546875","","",""
"43073416","","","","7180.76416015625","7180.76416015625","7180.76416015625","","","","","","","","",""
"43077000","","","","","","","","","","7212.01611328125","7212.01611328125","7212.01611328125","","",""
"43082120","","","","","","","7550.31494140625","7550.31494140625","7550.31494140625","","","","","",""
"43089032","6769.548828125","6769.548828125","6769.548828125","","","","","","","","","","","",""
"43093128","6770.3046875","6770.3046875","6770.3046875","","","","","","","","","","","",""
"43113352","","","","7182.205078125","7182.205078125","7182.205078125","","","","","","","","",""
"43131528","","","","7182.796875","7182.796875","7182.796875","","","","","","","","",""
"43150216","","","","7182.94970703125","7182.94970703125","7182.94970703125","","","","","","","","",""
"43171976","","","","","","","","","","7214.00341796875","7214.00341796875","7214.00341796875","","",""
"43178888","6770.58837890625","6770.58837890625","6770.58837890625","","","","","","","","","","","",""
"43180680","6768.9443359375","6768.9443359375","6768.9443359375","","","","","","","","","","","",""
"43206280","","","","","","","","","","7192.71044921875","7192.71044921875","7192.71044921875","","",""
"43207560","6769.81494140625","6769.81494140625","6769.81494140625","","","","","","","","","","","",""
"43228808","","","","7183.60791015625","7183.60791015625","7183.60791015625","","","","","","","","",""
"43231624","","","","","","","","","","7179.95166015625","7179.95166015625","7179.95166015625","","",""
"43232904","6770.77880859375","6770.77880859375","6770.77880859375","","","","","","","","","","","",""
"43234440","6770.35595703125","6770.35595703125","6770.35595703125","","","","","","","","","","","",""
"43263112","","","","7184.384765625","7184.384765625","7184.384765625","","","","","","","","",""
"43269000","6747.681640625","6747.681640625","6747.681640625","7194.15869140625","7194.15869140625","7194.15869140625","7616.20556640625","7616.20556640625","7616.20556640625","7234.5029296875","7234.5029296875","7234.5029296875","7296.498046875","7296.498046875","7296.498046875"
"43289224","","","","","","","7616.95751953125","7616.95751953125","7616.95751953125","","","","","",""
"43290760","","","","","","","","","","7230.9130859375","7230.9130859375","7230.9130859375","","",""
"43297160","","","","","","","","","","7232.271484375","7232.271484375","7232.271484375","","",""
"43299208","","","","","","","7616.771484375","7616.771484375","7616.771484375","","","","","",""
"43315336","","","","7193.8662109375","7193.8662109375","7193.8662109375","","","","","","","","",""
"43316104","","","","","","","","","","7233.482421875","7233.482421875","7233.482421875","","",""
"43321992","","","","","","","","","","7169.94775390625","7169.94775390625","7169.94775390625","","",""
"43325320","","","","","","","7617.19775390625","7617.19775390625","7617.19775390625","","","","","",""
"43326088","","","","","","","","","","7168.5361328125","7168.5361328125","7168.5361328125","","",""
"43328392","","","","","","","","","","7170.8017578125","7170.8017578125","7170.8017578125","","",""
"43329416","","","","7194.666015625","7194.666015625","7194.666015625","","","","","","","","",""
"43333000","","","","","","","","","","7173.20068359375","7173.20068359375","7173.20068359375","","",""
"43338120","","","","","","","7616.29736328125","7616.29736328125","7616.29736328125","","","","","",""
"43341704","","","","7136.939453125","7136.939453125","7136.939453125","","","","","","","","",""
"43345032","6746.931640625","6746.931640625","6746.931640625","","","","","","","","","","","",""
"43347080","","","","7080.2841796875","7080.2841796875","7080.2841796875","","","","","","","","",""
"43349128","6747.755859375","6747.755859375","6747.755859375","","","","","","","","","","","",""
"43369352","","","","7080.98193359375","7080.98193359375","7080.98193359375","","","","","","","","",""
"43373704","6703.6162109375","6703.6162109375","6703.6162109375","","","","","","","","","","","",""
"43387528","","","","7082.974609375","7082.974609375","7082.974609375","","","","","","","","",""
"43406216","","","","7085.0185546875","7085.0185546875","7085.0185546875","","","","","","","","",""
"43427976","","","","","","","","","","7173.9248046875","7173.9248046875","7173.9248046875","","",""
"43434888","6703.869140625","6703.869140625","6703.869140625","","","","","","","","","","","",""
"43436680","6704.80029296875","6704.80029296875","6704.80029296875","","","","","","","","","","","",""
"43462280","","","","","","","","","","7176.265625","7176.265625","7176.265625","","",""
"43463560","6706.38818359375","6706.38818359375","6706.38818359375","","","","","","","","","","","",""
"43484808","","","","7086.44775390625","7086.44775390625","7086.44775390625","","","","","","","","",""
"43487624","","","","","","","","","","7178.4140625","7178.4140625","7178.4140625","","",""
"43488904","6707.78857421875","6707.78857421875","6707.78857421875","","","","","","","","","","","",""
"43489416","6692.5380859375","6692.5380859375","6692.5380859375","","","","","","","","","","","",""
"43490440","6692.28173828125","6692.28173828125","6692.28173828125","","","","","","","","","","","",""
"43500680","6686.8310546875","6686.8310546875","6686.8310546875","","","","","","","","","","","",""
"43519112","","","","7088.35302734375","7088.35302734375","7088.35302734375","","","","","","","","",""
"43525000","6711.38916015625","6711.38916015625","6711.38916015625","7229.353515625","7229.353515625","7229.353515625","7637.94287109375","7637.94287109375","7637.94287109375","7359.6572265625","7359.6572265625","7359.6572265625","7309.89794921875","7309.89794921875","7309.89794921875"
"43563656","","","","7162.02783203125","7162.02783203125","7162.02783203125","","","","","","","","",""
"43692424","","","","7134.6259765625","7134.6259765625","7134.6259765625","","","","","","","","",""
"43781000","6806.8916015625","6806.8916015625","6806.8916015625","7213.80224609375","7213.80224609375","7213.80224609375","7680.8837890625","7680.8837890625","7680.8837890625","7345.6181640625","7345.6181640625","7345.6181640625","7330.3916015625","7330.3916015625","7330.3916015625"
"43811976","","","","","","","7607.5498046875","7607.5498046875","7607.5498046875","","","","","",""
"43819656","","","","7213.94091796875","7213.94091796875","7213.94091796875","","","","","","","","",""
"43827848","","","","","","","7538.88671875","7538.88671875","7538.88671875","","","","","",""
"43838344","","","","","","","","","","7281.54443359375","7281.54443359375","7281.54443359375","","",""
"43843464","","","","","","","","","","7217.63232421875","7217.63232421875","7217.63232421875","","",""
"43844488","","","","7150.41845703125","7150.41845703125","7150.41845703125","","","","","","","","",""
"43883656","","","","","","","","","","7160.93115234375","7160.93115234375","7160.93115234375","","",""
"43945864","6780.09814453125","6780.09814453125","6780.09814453125","","","","","","","","","","","",""
"43948424","","","","7151.349609375","7151.349609375","7151.349609375","","","","","","","","",""
"43961480","","","","","","","","","","7133.294921875","7133.294921875","7133.294921875","","",""
"44037000","6766.548828125","6766.548828125","6766.548828125","7236.568359375","7236.568359375","7236.568359375","7616.42333984375","7616.42333984375","7616.42333984375","7269.94775390625","7269.94775390625","7269.94775390625","7308.4697265625","7308.4697265625","7308.4697265625"
"44059272","","","","","","","7542.3134765625","7542.3134765625","7542.3134765625","","","","","",""
"44067976","","","","","","","7544.09716796875","7544.09716796875","7544.09716796875","","","","","",""
"44075656","","","","7236.744140625","7236.744140625","7236.744140625","","","","","","","","",""
"44083848","","","","","","","7543.9892578125","7543.9892578125","7543.9892578125","","","","","",""
"44094344","","","","","","","","","","7269.2724609375","7269.2724609375","7269.2724609375","","",""
"44099464","","","","","","","","","","7267.990234375","7267.990234375","7267.990234375","","",""
"44100488","","","","7236.283203125","7236.283203125","7236.283203125","","","","","","","","",""
"44103560","","","","","","","","","","7201.51611328125","7201.51611328125","7201.51611328125","","",""
"44139656","","","","","","","","","","7203.6572265625","7203.6572265625","7203.6572265625","","",""
"44201864","6764.85693359375","6764.85693359375","6764.85693359375","","","","","","","","","","","",""
"44204424","","","","7237.1171875","7237.1171875","7237.1171875","","","","","","","","",""
"44217480","","","","","","","","","","7204.88427734375","7204.88427734375","7204.88427734375","","",""
"44235912","","","","7217.6884765625","7217.6884765625","7217.6884765625","","","","","","","","",""
"44278408","","","","7208.275390625","7208.275390625","7208.275390625","","","","","","","","",""
"44286856","","","","","","","","","","7204.4375","7204.4375","7204.4375","","",""
"44293000","6789.353515625","6789.353515625","6789.353515625","7209.5029296875","7209.5029296875","7209.5029296875","7643.4423828125","7643.4423828125","7643.4423828125","7366.88525390625","7366.88525390625","7366.88525390625","7313.1240234375","7313.1240234375","7313.1240234375"
"44312456","","","","","","","7568.3505859375","7568.3505859375","7568.3505859375","","","","","",""
"44315272","","","","","","","7568.8369140625","7568.8369140625","7568.8369140625","","","","","",""
"44316296","6724.263671875","6724.263671875","6724.263671875","","","","","","","","","","","",""
"44323976","","","","","","","7568.6875","7568.6875","7568.6875","","","","","",""
"44331656","","","","7210.28125","7210.28125","7210.28125","","","","","","","","",""
"44339848","","","","","","","7570.013671875","7570.013671875","7570.013671875","","","","","",""
"44346760","","","","","","","","","","","","","7244.42626953125","7244.42626953125","7244.42626953125"
"44350344","","","","","","","","","","7366.88232421875","7366.88232421875","7366.88232421875","","",""
"44355464","","","","","","","","","","7367.451171875","7367.451171875","7367.451171875","","",""
"44356488","","","","7211.15283203125","7211.15283203125","7211.15283203125","","","","","","","","",""
"44358536","","","","7148.26220703125","7148.26220703125","7148.26220703125","","","","","","","","",""
"44359560","","","","","","","","","","7368.57421875","7368.57421875","7368.57421875","","",""
"44395656","","","","","","","","","","7366.52783203125","7366.52783203125","7366.52783203125","","",""
"44457864","6725.650390625","6725.650390625","6725.650390625","","","","","","","","","","","",""
"44460424","","","","7148.7841796875","7148.7841796875","7148.7841796875","","","","","","","","",""
"44462728","","","","7119.68115234375","7119.68115234375","7119.68115234375","","","","","","","","",""
"44473480","","","","","","","","","","7367.40625","7367.40625","7367.40625","","",""
"44477064","","","","","","","","","","7338.31005859375","7338.31005859375","7338.31005859375","","",""
"44491912","","","","7121.455078125","7121.455078125","7121.455078125","","","","","","","","",""
"44504712","6713.09375","6713.09375","6713.09375","","","","","","","","","","","",""
"44509576","","","","7107.21484375","7107.21484375","7107.21484375","","","","","","","","",""
"44527496","","","","7096.05859375","7096.05859375","7096.05859375","","","","","","","","",""
"44534408","","","","7096.40673828125","7096.40673828125","7096.40673828125","","","","","","","","",""
"44542856","","","","","","","","","","7339.71240234375","7339.71240234375","7339.71240234375","","",""
"44549000","6784.71923828125","6784.71923828125","6784.71923828125","7189.56103515625","7189.56103515625","7189.56103515625","7668.37841796875","7668.37841796875","7668.37841796875","7356.775390625","7356.775390625","7356.775390625","7334.56494140625","7334.56494140625","7334.56494140625"
"44566920","","","","","","","7593.060546875","7593.060546875","7593.060546875","","","","","",""
"44567176","6719.09130859375","6719.09130859375","6719.09130859375","","","","","","","","","","","",""
"44568456","","","","","","","7591.0390625","7591.0390625","7591.0390625","","","","","",""
"44571272","","","","","","","7591.10302734375","7591.10302734375","7591.10302734375","","","","","",""
"44572296","6720.923828125","6720.923828125","6720.923828125","","","","","","","","","","","",""
"44579976","","","","","","","7592.21875","7592.21875","7592.21875","","","","","",""
"44587656","","","","7190.41943359375","7190.41943359375","7190.41943359375","","","","","","","","",""
"44595848","","","","","","","7593.6650390625","7593.6650390625","7593.6650390625","","","","","",""
"44597128","","","","","","","","","","7286.8515625","7286.8515625","7286.8515625","","",""
"44602760","","","","","","","","","","","","","7333.6123046875","7333.6123046875","7333.6123046875"
"44606344","","","","","","","","","","7280.52783203125","7280.52783203125","7280.52783203125","","",""
"44611464","","","","","","","","","","7280.97314453125","7280.97314453125","7280.97314453125","","",""
"44612488","","","","7190.69091796875","7190.69091796875","7190.69091796875","","","","","","","","",""
"44614536","","","","7190.61865234375","7190.61865234375","7190.61865234375","","","","","","","","",""
"44615560","","","","","","","","","","7282.390625","7282.390625","7282.390625","","",""
"44631688","","","","","","","","","","7225.775390625","7225.775390625","7225.775390625","","",""
"44651656","","","","","","","","","","7227.84033203125","7227.84033203125","7227.84033203125","","",""
"44685960","","","","","","","","","","7187.919921875","7187.919921875","7187.919921875","","",""
"44713864","6721.95751953125","6721.95751953125","6721.95751953125","","","","","","","","","","","",""
"44716424","","","","7190.283203125","7190.283203125","7190.283203125","","","","","","","","",""
"44718728","","","","7189.537109375","7189.537109375","7189.537109375","","","","","","","","",""
"44729480","","","","","","","","","","7190.02880859375","7190.02880859375","7190.02880859375","","",""
"44733064","","","","","","","","","","7191.9208984375","7191.9208984375","7191.9208984375","","",""
"44747912","","","","7189.86474609375","7189.86474609375","7189.86474609375","","","","","","","","",""
"44750216","6704.52294921875","6704.52294921875","6704.52294921875","","","","","","","","","","","",""
"44760712","6704.3681640625","6704.3681640625","6704.3681640625","","","","","","","","","","","",""
"44765576","","","","7190.82275390625","7190.82275390625","7190.82275390625","","","","","","","","",""
"44783496","","","","7192.416015625","7192.416015625","7192.416015625","","","","","","","","",""
"44785032","","","","","","","","","","","","","7323.57470703125","7323.57470703125","7323.57470703125"
"44790408","","","","7191.216796875","7191.216796875","7191.216796875","","","","","","","","",""
"44798856","","","","","","","","","","7192.609375","7192.609375","7192.609375","","",""
"44805000","6794.76416015625","6794.76416015625","6794.76416015625","7229.68408203125","7229.68408203125","7229.68408203125","7640.27734375","7640.27734375","7640.27734375","7411.572265625","7411.572265625","7411.572265625","7319.81787109375","7319.81787109375","7319.81787109375"
"44848264","","","","","","","","","","","","","7250.509765625","7250.509765625","7250.509765625"
"44853896","","","","","","","","","","","","","7184.69970703125","7184.69970703125","7184.69970703125"
"44907912","6749.625","6749.625","6749.625","","","","","","","","","","","",""
"44909704","6706.15673828125","6706.15673828125","6706.15673828125","","","","","","","","","","","",""
"44912776","6663.24853515625","6663.24853515625","6663.24853515625","","","","","","","","","","","",""
"44931208","","","","7189.98046875","7189.98046875","7189.98046875","","","","","","","","",""
"44936328","","","","7149.42529296875","7149.42529296875","7149.42529296875","","","","","","","","",""
"45061000","6783.912109375","6783.912109375","6783.912109375","7232.5791015625","7232.5791015625","7232.5791015625","7638.79736328125","7638.79736328125","7638.79736328125","7390.49169921875","7390.49169921875","7390.49169921875","7318.38623046875","7318.38623046875","7318.38623046875"
"45104264","","","","","","","","","","","","","7318.177734375","7318.177734375","7318.177734375"
"45109896","","","","","","","","","","","","","7318.69677734375","7318.69677734375","7318.69677734375"
"45163912","6783.9833984375","6783.9833984375","6783.9833984375","","","","","","","","","","","",""
"45165704","6784.45654296875","6784.45654296875","6784.45654296875","","","","","","","","","","","",""
"45168776","6782.8984375","6782.8984375","6782.8984375","","","","","","","","","","","",""
"45187208","","","","7232.8056640625","7232.8056640625","7232.8056640625","","","","","","","","",""
"45192328","","","","7232.72119140625","7232.72119140625","7232.72119140625","","","","","","","","",""
"45247112","","","","","","","","","","","","","7282.1484375","7282.1484375","7282.1484375"
"45280136","","","","","","","","","","7377.0771484375","7377.0771484375","7377.0771484375","","",""
"45307272","","","","","","","","","","7373.11279296875","7373.11279296875","7373.11279296875","","",""
"45317000","6760.76611328125","6760.76611328125","6760.76611328125","7204.42626953125","7204.42626953125","7204.42626953125","7649.712890625","7649.712890625","7649.712890625","7360.7275390625","7360.7275390625","7360.7275390625","7337.33935546875","7337.33935546875","7337.33935546875"
"45328520","6694.2822265625","6694.2822265625","6694.2822265625","","","","","","","","","","","",""
"45344392","6630.75927734375","6630.75927734375","6630.75927734375","","","","","","","","","","","",""
"45360264","","","","","","","","","","","","","7336.82470703125","7336.82470703125","7336.82470703125"
"45365896","","","","","","","","","","","","","7336.455078125","7336.455078125","7336.455078125"
"45366664","","","","","","","","","","7294.20068359375","7294.20068359375","7294.20068359375","","",""
"45377160","","","","","","","","","","7229.1796875","7229.1796875","7229.1796875","","",""
"45419912","6632.99462890625","6632.99462890625","6632.99462890625","","","","","","","","","","","",""
"45421704","6633.29541015625","6633.29541015625","6633.29541015625","","","","","","","","","","","",""
"45424776","6635.853515625","6635.853515625","6635.853515625","","","","","","","","","","","",""
"45443208","","","","7204.45849609375","7204.45849609375","7204.45849609375","","","","","","","","",""
"45448328","","","","7205.482421875","7205.482421875","7205.482421875","","","","","","","","",""
"45498504","","","","7181.21533203125","7181.21533203125","7181.21533203125","","","","","","","","",""
"45503112","","","","","","","","","","","","","7333.5654296875","7333.5654296875","7333.5654296875"
"45503880","","","","7158.8369140625","7158.8369140625","7158.8369140625","","","","","","","","",""
"45527688","6623.22412109375","6623.22412109375","6623.22412109375","","","","","","","","","","","",""
"45532808","","","","7140.9912109375","7140.9912109375","7140.9912109375","","","","","","","","",""
"45536136","","","","","","","","","","7231.0478515625","7231.0478515625","7231.0478515625","","",""
"45553800","6609.0546875","6609.0546875","6609.0546875","","","","","","","","","","","",""
"45560200","6599.8916015625","6599.8916015625","6599.8916015625","","","","","","","","","","","",""
"45563272","","","","","","","","","","7230.6943359375","7230.6943359375","7230.6943359375","","",""
"45571464","","","","7073.36376953125","7073.36376953125","7073.36376953125","","","","","","","","",""
"45573000","6722.25048828125","6722.25048828125","6722.25048828125","7196.69873046875","7196.69873046875","7196.69873046875","7632.90283203125","7632.90283203125","7632.90283203125","7394.10302734375","7394.10302734375","7394.10302734375","7312.220703125","7312.220703125","7312.220703125"
"45584520","6724.46875","6724.46875","6724.46875","","","","","","","","","","","",""
"45600392","6725.490234375","6725.490234375","6725.490234375","","","","","","","","","","","",""
"45616264","","","","","","","","","","","","","7313.4599609375","7313.4599609375","7313.4599609375"
"45621896","","","","","","","","","","","","","7314.50537109375","7314.50537109375","7314.50537109375"
"45622664","","","","","","","","","","7394.8427734375","7394.8427734375","7394.8427734375","","",""
"45633160","","","","","","","","","","7394.9228515625","7394.9228515625","7394.9228515625","","",""
"45675912","6725.89599609375","6725.89599609375","6725.89599609375","","","","","","","","","","","",""
"45677704","6727.521484375","6727.521484375","6727.521484375","","","","","","","","","","","",""
"45680776","6727.63916015625","6727.63916015625","6727.63916015625","","","","","","","","","","","",""
"45699208","","","","7197.4404296875","7197.4404296875","7197.4404296875","","","","","","","","",""
"45704328","","","","7197.4228515625","7197.4228515625","7197.4228515625","","","","","","","","",""
"45721480","6697.212890625","6697.212890625","6697.212890625","","","","","","","","","","","",""
"45739400","","","","7164.7099609375","7164.7099609375","7164.7099609375","","","","","","","","",""
"45746312","","","","","","","","","","7361.94091796875","7361.94091796875","7361.94091796875","","",""
"45754504","","","","7165.0166015625","7165.0166015625","7165.0166015625","","","","","","","","",""
"45759112","","","","","","","","","","","","","7315.18798828125","7315.18798828125","7315.18798828125"
"45759880","","","","7165.28369140625","7165.28369140625","7165.28369140625","","","","","","","","",""
"45781896","","","","7149.73193359375","7149.73193359375","7149.73193359375","","","","","","","","",""
"45783688","6699.017578125","6699.017578125","6699.017578125","","","","","","","","","","","",""
"45792136","","","","","","","","","","7361.326171875","7361.326171875","7361.326171875","","",""
"45809800","6700.07666015625","6700.07666015625","6700.07666015625","","","","","","","","","","","",""
"45816200","6698.1435546875","6698.1435546875","6698.1435546875","","","","","","","","","","","",""
"45819272","","","","","","","","","","7362.1083984375","7362.1083984375","7362.1083984375","","",""
"45827464","","","","7149.9365234375","7149.9365234375","7149.9365234375","","","","","","","","",""
"45829000","6747.07666015625","6747.07666015625","6747.07666015625","7186.59228515625","7186.59228515625","7186.59228515625","7642.10986328125","7642.10986328125","7642.10986328125","7382.31103515625","7382.31103515625","7382.31103515625","7337.7578125","7337.7578125","7337.7578125"
"45840520","6746.380859375","6746.380859375","6746.380859375","","","","","","","","","","","",""
"45855880","6681.87939453125","6681.87939453125","6681.87939453125","","","","","","","","","","","",""
"45856392","6684.048828125","6684.048828125","6684.048828125","","","","","","","","","","7266.251953125","7266.251953125","7266.251953125"
"45867912","","","","","","","","","","","","","7197.14794921875","7197.14794921875","7197.14794921875"
"45872264","","","","","","","","","","","","","7199.02734375","7199.02734375","7199.02734375"
"45874312","","","","7117.7255859375","7117.7255859375","7117.7255859375","","","","","","","","",""
"45877896","","","","","","","","","","","","","7200.9697265625","7200.9697265625","7200.9697265625"
"45878664","","","","","","","","","","7383.5244140625","7383.5244140625","7383.5244140625","","",""
"45889160","","","","","","","","","","7384.6806640625","7384.6806640625","7384.6806640625","","",""
"45931912","6682.5068359375","6682.5068359375","6682.5068359375","","","","","","","","","","","",""
"45933704","6683.046875","6683.046875","6683.046875","","","","","","","","","","","",""
"45936776","6685.2646484375","6685.2646484375","6685.2646484375","","","","","","","","","","","",""
"45953416","6647.71923828125","6647.71923828125","6647.71923828125","","","","","","","","","","","",""
"45955208","","","","7119.9375","7119.9375","7119.9375","","","","","","","","",""
"45960328","","","","7122.02734375","7122.02734375","7122.02734375","","","","","","","","",""
"45977480","6646.82177734375","6646.82177734375","6646.82177734375","","","","","","","","","","","",""
"45993864","","","","","","","","","","7341.8974609375","7341.8974609375","7341.8974609375","","",""
"45995400","","","","7122.0205078125","7122.0205078125","7122.0205078125","","","","","","","","",""
"46002312","","","","","","","","","","7342.50048828125","7342.50048828125","7342.50048828125","","",""
"46010504","","","","7123.1708984375","7123.1708984375","7123.1708984375","","","","","","","","",""
"46015112","","","","","","","","","","","","","7201.27099609375","7201.27099609375","7201.27099609375"
"46015880","","","","7124.330078125","7124.330078125","7124.330078125","","","","","","","","",""
"46037896","","","","7124.51025390625","7124.51025390625","7124.51025390625","","","","","","","","",""
"46039688","6647.54345703125","6647.54345703125","6647.54345703125","","","","","","","","","","","",""
"46048136","","","","","","","","","","7344.587890625","7344.587890625","7344.587890625","","",""
"46065800","6648.927734375","6648.927734375","6648.927734375","","","","","","","","","","","",""
"46072200","6648.0927734375","6648.0927734375","6648.0927734375","","","","","","","","","","","",""
"46075272","","","","","","","","","","7343.30712890625","7343.30712890625","7343.30712890625","","",""
"46083464","","","","7126.12939453125","7126.12939453125","7126.12939453125","","","","","","","","",""
"46085000","6738.802734375","6738.802734375","6738.802734375","7200.9091796875","7200.9091796875","7200.9091796875","7653.28662109375","7653.28662109375","7653.28662109375","7358.228515625","7358.228515625","7358.228515625","7386.83984375","7386.83984375","7386.83984375"
"46099848","6672.7412109375","6672.7412109375","6672.7412109375","","","","","","","","","","","",""
"46105736","6608.2978515625","6608.2978515625","6608.2978515625","","","","","","","","","","","",""
"46114184","6546.19384765625","6546.19384765625","6546.19384765625","","","","","","","","","","","",""
"46128264","","","","","","","","","","7289.19921875","7289.19921875","7289.19921875","","",""
"46161800","","","","","","","","","","7230.9208984375","7230.9208984375","7230.9208984375","","",""
"46218888","","","","","","","7612.2705078125","7612.2705078125","7612.2705078125","","","","","",""
"46230920","","","","7164.4423828125","7164.4423828125","7164.4423828125","","","","","","","","",""
"46311048","","","","","","","","","","7220.279296875","7220.279296875","7220.279296875","","",""
"46331016","6542.03466796875","6542.03466796875","6542.03466796875","","","","","","","","","","","",""
"46341000","6763.5322265625","6763.5322265625","6763.5322265625","7243.7724609375","7243.7724609375","7243.7724609375","7651.34130859375","7651.34130859375","7651.34130859375","7417.4111328125","7417.4111328125","7417.4111328125","7359.3466796875","7359.3466796875","7359.3466796875"
"46355848","6763.66162109375","6763.66162109375","6763.66162109375","","","","","","","","","","","",""
"46361736","6763.0478515625","6763.0478515625","6763.0478515625","","","","","","","","","","","",""
"46367880","6697.96630859375","6697.96630859375","6697.96630859375","","","","","","","","","","","",""
"46370184","6698.94873046875","6698.94873046875","6698.94873046875","","","","","","","","","","","",""
"46372232","","","","","","","","","","7345.2265625","7345.2265625","7345.2265625","","",""
"46379656","","","","","","","7577.50048828125","7577.50048828125","7577.50048828125","","","","","",""
"46384264","","","","","","","","","","7344.8056640625","7344.8056640625","7344.8056640625","","",""
"46395016","","","","","","","7506.76025390625","7506.76025390625","7506.76025390625","","","","","",""
"46397576","","","","7180.25439453125","7180.25439453125","7180.25439453125","","","","","","","","",""
"46417800","","","","","","","","","","7345.76416015625","7345.76416015625","7345.76416015625","","",""
"46424968","","","","","","","","","","7287.0634765625","7287.0634765625","7287.0634765625","","",""
"46439304","6652.13037109375","6652.13037109375","6652.13037109375","","","","","","","","","","","",""
"46474888","","","","","","","7506.17431640625","7506.17431640625","7506.17431640625","","","","","",""
"46481544","","","","","","","","","","7248.126953125","7248.126953125","7248.126953125","","",""
"46486920","","","","7179.7236328125","7179.7236328125","7179.7236328125","","","","","","","","",""
"46522504","","","","","","","","","","7213.81591796875","7213.81591796875","7213.81591796875","","",""
"46567048","","","","","","","","","","7216.21337890625","7216.21337890625","7216.21337890625","","",""
"46587016","6656.01123046875","6656.01123046875","6656.01123046875","","","","","","","","","","","",""
"46588808","6654.271484375","6654.271484375","6654.271484375","","","","","","","","","","","",""
"46593160","","","","7175.345703125","7175.345703125","7175.345703125","","","","","","","","",""
"46596488","","","","7172.24853515625","7172.24853515625","7172.24853515625","","","","","","","","",""
"46597000","6750.9892578125","6750.9892578125","6750.9892578125","7198.17431640625","7198.17431640625","7198.17431640625","7632.3369140625","7632.3369140625","7632.3369140625","7313.82421875","7313.82421875","7313.82421875","7354.8359375","7354.8359375","7354.8359375"
"46611848","6751.79150390625","6751.79150390625","6751.79150390625","","","","","","","","","","","",""
"46615432","6686.3779296875","6686.3779296875","6686.3779296875","","","","","","","","","","","",""
"46617736","6686.07470703125","6686.07470703125","6686.07470703125","","","","","","","","","","","",""
"46623880","6685.5546875","6685.5546875","6685.5546875","","","","","","","","","","","",""
"46625928","","","","","","","","","","7308.73779296875","7308.73779296875","7308.73779296875","","",""
"46626184","6687.1416015625","6687.1416015625","6687.1416015625","","","","","","","","","","","",""
"46633864","","","","7130.1259765625","7130.1259765625","7130.1259765625","","","","","","","","",""
"46635656","","","","","","","7632.57177734375","7632.57177734375","7632.57177734375","","","","","",""
"46638216","","","","","","","7561.208984375","7561.208984375","7561.208984375","","","","","",""
"46639752","6624.8837890625","6624.8837890625","6624.8837890625","","","","","","","","","","","",""
"46640264","","","","","","","","","","7310.0087890625","7310.0087890625","7310.0087890625","","",""
"46651016","","","","","","","7562.8955078125","7562.8955078125","7562.8955078125","","","","","",""
"46653576","","","","7130.541015625","7130.541015625","7130.541015625","","","","","","","","",""
"46656392","","","","7067.916015625","7067.916015625","7067.916015625","","","","","","","","",""
"46673800","","","","","","","","","","7311.86474609375","7311.86474609375","7311.86474609375","","",""
"46675592","6573.2568359375","6573.2568359375","6573.2568359375","","","","","","","","","","","",""
"46680968","","","","","","","","","","7312.03466796875","7312.03466796875","7312.03466796875","","",""
"46689672","6527.06884765625","6527.06884765625","6527.06884765625","","","","","","","","","","","",""
"46690952","","","","","","","","","","7243.07568359375","7243.07568359375","7243.07568359375","","",""
"46695304","6528.77099609375","6528.77099609375","6528.77099609375","","","","","","","","","","","",""
"46730888","","","","","","","7564.046875","7564.046875","7564.046875","","","","","",""
"46737544","","","","","","","","","","7245.21875","7245.21875","7245.21875","","",""
"46742920","","","","7069.115234375","7069.115234375","7069.115234375","","","","","","","","",""
"46769800","6503.34375","6503.34375","6503.34375","","","","","","","","","","","",""
"46778504","","","","","","","","","","7246.595703125","7246.595703125","7246.595703125","","",""
"46784904","","","","","","","","","","7224.576171875","7224.576171875","7224.576171875","","",""
"46823048","","","","","","","","","","7226.73046875","7226.73046875","7226.73046875","","",""
"46843016","6509.21630859375","6509.21630859375","6509.21630859375","","","","","","","","","","","",""
"46844808","6512.51171875","6512.51171875","6512.51171875","","","","","","","","","","","",""
"46849160","","","","7070.833984375","7070.833984375","7070.833984375","","","","","","","","",""
"46852488","","","","7072.4228515625","7072.4228515625","7072.4228515625","","","","","","","","",""
"46853000","6758.39306640625","6758.39306640625","6758.39306640625","7195.69482421875","7195.69482421875","7195.69482421875","7648.2822265625","7648.2822265625","7648.2822265625","7330.8603515625","7330.8603515625","7330.8603515625","7344.83544921875","7344.83544921875","7344.83544921875"
"46867848","6755.41650390625","6755.41650390625","6755.41650390625","","","","","","","","","","","",""
"46871432","6755.89306640625","6755.89306640625","6755.89306640625","","","","","","","","","","","",""
"46873736","6755.46533203125","6755.46533203125","6755.46533203125","","","","","","","","","","","",""
"46879880","6756.7392578125","6756.7392578125","6756.7392578125","","","","","","","","","","","",""
"46880136","6691.35595703125","6691.35595703125","6691.35595703125","","","","","","","","","","","",""
"46881928","","","","","","","","","","7330.60400390625","7330.60400390625","7330.60400390625","","",""
"46882184","6693.638671875","6693.638671875","6693.638671875","","","","","","","","","","","",""
"46887048","","","","","","","","","","","","","7274.60302734375","7274.60302734375","7274.60302734375"
"46889864","","","","7196.306640625","7196.306640625","7196.306640625","","","","","","","","",""
"46891656","","","","","","","7648.248046875","7648.248046875","7648.248046875","","","","","",""
"46893448","","","","","","","","","","7261.6484375","7261.6484375","7261.6484375","","",""
"46894216","","","","","","","7647.27978515625","7647.27978515625","7647.27978515625","","","","","",""
"46895752","6694.92529296875","6694.92529296875","6694.92529296875","","","","","","","","","","","",""
"46896264","","","","","","","","","","7262.697265625","7262.697265625","7262.697265625","","",""
"46903688","6633.5224609375","6633.5224609375","6633.5224609375","","","","","","","","","","","",""
"46907016","","","","","","","7645.95166015625","7645.95166015625","7645.95166015625","","","","","",""
"46909576","","","","7196.90283203125","7196.90283203125","7196.90283203125","","","","","","","","",""
"46912392","","","","7196.126953125","7196.126953125","7196.126953125","","","","","","","","",""
"46929800","","","","","","","","","","7264.04345703125","7264.04345703125","7264.04345703125","","",""
"46931592","6630.69970703125","6630.69970703125","6630.69970703125","","","","","","","","","","","",""
"46936968","","","","","","","","","","7261.83251953125","7261.83251953125","7261.83251953125","","",""
"46945672","6632.80224609375","6632.80224609375","6632.80224609375","","","","","","","","","","","",""
"46946952","","","","","","","","","","7263.53173828125","7263.53173828125","7263.53173828125","","",""
"46951304","6635.86962890625","6635.86962890625","6635.86962890625","","","","","","","","","","","",""
"46959240","","","","","","","","","","7214.7421875","7214.7421875","7214.7421875","","",""
"46986888","","","","","","","7646.16796875","7646.16796875","7646.16796875","","","","","",""
"46993544","","","","","","","","","","7215.01025390625","7215.01025390625","7215.01025390625","","",""
"46998920","","","","7197.03125","7197.03125","7197.03125","","","","","","","","",""
"47013512","6600.39990234375","6600.39990234375","6600.39990234375","","","","","","","","","","","",""
"47025800","6602.75","6602.75","6602.75","","","","","","","","","","","",""
"47034504","","","","","","","","","","7216.1396484375","7216.1396484375","7216.1396484375","","",""
"47034760","6580.9208984375","6580.9208984375","6580.9208984375","","","","","","","","","","","",""
"47040904","","","","","","","","","","7218.5927734375","7218.5927734375","7218.5927734375","","",""
"47061128","6567.37744140625","6567.37744140625","6567.37744140625","","","","","","","","","","","",""
"47064712","","","","7181.09033203125","7181.09033203125","7181.09033203125","","","","","","","","",""
"47079048","","","","","","","","","","7211.69091796875","7211.69091796875","7211.69091796875","","",""
"47079304","","","","","","","","","","7199.02001953125","7199.02001953125","7199.02001953125","","",""
"47079816","6558.03369140625","6558.03369140625","6558.03369140625","","","","","","","","","","","",""
"47083656","6550.34033203125","6550.34033203125","6550.34033203125","","","","","","","","","","","",""
"47097736","","","","7170.2099609375","7170.2099609375","7170.2099609375","","","","","","","","",""
"47099016","6554.22412109375","6554.22412109375","6554.22412109375","","","","","","","","","","","",""
"47100808","6557.33935546875","6557.33935546875","6557.33935546875","","","","","","","","","","","",""
"47105160","6556.72802734375","6556.72802734375","6556.72802734375","7169.8681640625","7169.8681640625","7169.8681640625","","","","","","","","",""
"47107208","6556.9599609375","6556.9599609375","6556.9599609375","","","","","","","","","","","",""
"47108488","","","","7170.5185546875","7170.5185546875","7170.5185546875","","","","","","","","",""
"47109000","6733.15380859375","6733.15380859375","6733.15380859375","7229.17724609375","7229.17724609375","7229.17724609375","7653.16357421875","7653.16357421875","7653.16357421875","7286.34033203125","7286.34033203125","7286.34033203125","7351.3193359375","7351.3193359375","7351.3193359375"
"47123848","6734.26025390625","6734.26025390625","6734.26025390625","","","","","","","","","","","",""
"47127432","6735.232421875","6735.232421875","6735.232421875","","","","","","","","","","","",""
"47129736","6735.88671875","6735.88671875","6735.88671875","","","","","","","","","","","",""
"47136136","6734.271484375","6734.271484375","6734.271484375","","","","","","","","","","","",""
"47137928","","","","","","","","","","7286.14404296875","7286.14404296875","7286.14404296875","","",""
"47138184","6735.30224609375","6735.30224609375","6735.30224609375","","","","","","","","","","","",""
"47139208","","","","","","","7579.755859375","7579.755859375","7579.755859375","","","","","",""
"47143048","","","","","","","","","","","","","7348.912109375","7348.912109375","7348.912109375"
"47145864","","","","7228.9267578125","7228.9267578125","7228.9267578125","","","","","","","","",""
"47147656","","","","","","","7580.12646484375","7580.12646484375","7580.12646484375","","","","","",""
"47149448","","","","","","","","","","7285.1396484375","7285.1396484375","7285.1396484375","","",""
"47150216","","","","","","","7581.63916015625","7581.63916015625","7581.63916015625","","","","","",""
"47151752","6734.42724609375","6734.42724609375","6734.42724609375","","","","","","","","","","","",""
"47152264","","","","","","","","","","7286.353515625","7286.353515625","7286.353515625","","",""
"47152520","","","","","","","7509.9306640625","7509.9306640625","7509.9306640625","","","","","",""
"47159688","6734.6953125","6734.6953125","6734.6953125","","","","","","","","","","","",""
"47163016","","","","","","","7512.00732421875","7512.00732421875","7512.00732421875","","","","","",""
"47165576","","","","7228.85791015625","7228.85791015625","7228.85791015625","","","","","","","","",""
"47168392","","","","7227.49755859375","7227.49755859375","7227.49755859375","","","","","","","","",""
"47170440","6673.2822265625","6673.2822265625","6673.2822265625","","","","","","","","","","","",""
"47185800","","","","","","","","","","7225.9365234375","7225.9365234375","7225.9365234375","","",""
"47187592","6672.90625","6672.90625","6672.90625","","","","","","","","","","","",""
"47192712","","","","","","","","","","7165.38720703125","7165.38720703125","7165.38720703125","","",""
"47192968","","","","","","","","","","7167.591796875","7167.591796875","7167.591796875","","",""
"47193224","6617.64990234375","6617.64990234375","6617.64990234375","","","","","","","","","","","",""
"47201672","6618.0341796875","6618.0341796875","6618.0341796875","","","","","","","","","","","",""
"47202952","","","","","","","","","","7170.6337890625","7170.6337890625","7170.6337890625","","",""
"47207304","6618.935546875","6618.935546875","6618.935546875","","","","","","","","","","","",""
"47215240","","","","","","","","","","7172.87353515625","7172.87353515625","7172.87353515625","","",""
"47242888","","","","","","","7514.12255859375","7514.12255859375","7514.12255859375","","","","","",""
"47249544","","","","","","","","","","7173.916015625","7173.916015625","7173.916015625","","",""
"47254920","","","","7227.6435546875","7227.6435546875","7227.6435546875","","","","","","","","",""
"47257224","6592.61474609375","6592.61474609375","6592.61474609375","","","","","","","","","","","",""
"47266184","","","","7195.0947265625","7195.0947265625","7195.0947265625","","","","","","","","",""
"47267208","6559.31005859375","6559.31005859375","6559.31005859375","","","","","","","","","","","",""
"47267464","6532.70068359375","6532.70068359375","6532.70068359375","","","","","","","","","","","",""
"47269512","6533.43212890625","6533.43212890625","6533.43212890625","","","","","","","","","","","",""
"47271048","6506.6884765625","6506.6884765625","6506.6884765625","","","","","","","","","","","",""
"47271816","6454.17919921875","6454.17919921875","6454.17919921875","","","","","","","","","","","",""
"47272072","6427.82568359375","6427.82568359375","6427.82568359375","","","","","","","","","","","",""
"47277192","6402.392578125","6402.392578125","6402.392578125","","","","","","","","","","","",""
"47278984","6378.43603515625","6378.43603515625","6378.43603515625","","","","","","","","","","","",""
"47281800","6381.919921875","6381.919921875","6381.919921875","","","","","","","","","","","",""
"47283592","6358.3916015625","6358.3916015625","6358.3916015625","","","","","","","","","","","",""
"47290504","","","","","","","","","","7176.46533203125","7176.46533203125","7176.46533203125","","",""
"47290760","6361.17919921875","6361.17919921875","6361.17919921875","","","","","","","","","","","",""
"47291016","6341.8466796875","6341.8466796875","6341.8466796875","","","","","","","","","","","",""
"47293576","6320.7197265625","6320.7197265625","6320.7197265625","","","","","","","","","","","",""
"47296904","","","","","","","","","","7179.05859375","7179.05859375","7179.05859375","","",""
"47313288","6308.384765625","6308.384765625","6308.384765625","","","","","","","","","","","",""
"47317128","6305.5048828125","6305.5048828125","6305.5048828125","","","","","","","","","","","",""
"47320712","","","","7195.9130859375","7195.9130859375","7195.9130859375","","","","","","","","",""
"47335048","","","","","","","","","","7177.39501953125","7177.39501953125","7177.39501953125","","",""
"47335304","","","","","","","","","","7179.71240234375","7179.71240234375","7179.71240234375","","",""
"47335816","6310.35009765625","6310.35009765625","6310.35009765625","","","","","","","","","","","",""
"47339656","6312.33544921875","6312.33544921875","6312.33544921875","","","","","","","","","","","",""
"47344520","6309.84912109375","6309.84912109375","6309.84912109375","","","","","","","","","","","",""
"47353736","","","","7196.3466796875","7196.3466796875","7196.3466796875","","","","","","","","",""
"47355016","6319.91796875","6319.91796875","6319.91796875","","","","","","","","","","","",""
"47361160","","","","7195.0400390625","7195.0400390625","7195.0400390625","","","","","","","","",""
"47364488","","","","7194.24462890625","7194.24462890625","7194.24462890625","","","","","","","","",""
"47365000","6570.49853515625","6570.49853515625","6570.49853515625","7235.29443359375","7235.29443359375","7235.29443359375","7681.71533203125","7681.71533203125","7681.71533203125","7320.86474609375","7320.86474609375","7320.86474609375","7360.81298828125","7360.81298828125","7360.81298828125"
"47390344","","","","","","","7606.77490234375","7606.77490234375","7606.77490234375","","","","","",""
"47398280","6509.1552734375","6509.1552734375","6509.1552734375","","","","","","","","","","","",""
"47459976","6464.3037109375","6464.3037109375","6464.3037109375","","","","","","","","","","","",""
"47513992","6435.8212890625","6435.8212890625","6435.8212890625","","","","","","","","","","","",""
"47531400","","","","","","","","","","7290.5986328125","7290.5986328125","7290.5986328125","","",""
"47546760","6415.97314453125","6415.97314453125","6415.97314453125","","","","","","","","","","","",""
"47588488","","","","7223.9208984375","7223.9208984375","7223.9208984375","","","","","","","","",""
"47611528","","","","","","","","","","7284.763671875","7284.763671875","7284.763671875","","",""
"47621000","6763.85400390625","6763.85400390625","6763.85400390625","7246.03662109375","7246.03662109375","7246.03662109375","7724.37646484375","7724.37646484375","7724.37646484375","7368.46337890625","7368.46337890625","7368.46337890625","7405.87939453125","7405.87939453125","7405.87939453125"
"47646344","","","","","","","7725.259765625","7725.259765625","7725.259765625","","","","","",""
"47654280","6764.4873046875","6764.4873046875","6764.4873046875","","","","","","","","","","","",""
"47662728","","","","","","","7651.099609375","7651.099609375","7651.099609375","","","","","",""
"47683208","","","","","","","","","","7305.21728515625","7305.21728515625","7305.21728515625","","",""
"47684744","6706.03564453125","6706.03564453125","6706.03564453125","","","","","","","","","","","",""
"47701896","","","","","","","","","","7247.6474609375","7247.6474609375","7247.6474609375","","",""
"47705480","6657.3525390625","6657.3525390625","6657.3525390625","","","","","","","","","","","",""
"47715976","6658.87744140625","6658.87744140625","6658.87744140625","","","","","","","","","","","",""
"47726984","6594.66162109375","6594.66162109375","6594.66162109375","","","","","","","","","","","",""
"47728520","","","","","","","","","","7197.83935546875","7197.83935546875","7197.83935546875","","",""
"47754632","","","","","","","","","","7159.46240234375","7159.46240234375","7159.46240234375","","",""
"47769992","6597.32568359375","6597.32568359375","6597.32568359375","","","","","","","","","","","",""
"47787400","","","","","","","","","","7161.173828125","7161.173828125","7161.173828125","","",""
"47802760","6597.087890625","6597.087890625","6597.087890625","","","","","","","","","","","",""
"47833224","","","","","","","","","","7142.275390625","7142.275390625","7142.275390625","","",""
"47839112","","","","","","","","","","","","","7388.43359375","7388.43359375","7388.43359375"
"47840904","","","","","","","","","","7117.73681640625","7117.73681640625","7117.73681640625","","",""
"47844488","","","","7244.611328125","7244.611328125","7244.611328125","","","","","","","","",""
"47855240","","","","","","","","","","7110.37841796875","7110.37841796875","7110.37841796875","","",""
"47867528","","","","","","","","","","7112.7587890625","7112.7587890625","7112.7587890625","","",""
"47874184","","","","7241.205078125","7241.205078125","7241.205078125","","","","","","","","",""
"47877000","6786.44873046875","6786.44873046875","6786.44873046875","7213.88818359375","7213.88818359375","7213.88818359375","7665.416015625","7665.416015625","7665.416015625","7396.0322265625","7396.0322265625","7396.0322265625","7383.1494140625","7383.1494140625","7383.1494140625"
"47895688","6720.65185546875","6720.65185546875","6720.65185546875","","","","","","","","","","","",""
"47902088","6656.5146484375","6656.5146484375","6656.5146484375","","","","","","","","","","","",""
"47902344","","","","","","","7666.24462890625","7666.24462890625","7666.24462890625","","","","","",""
"47905160","6592.8994140625","6592.8994140625","6592.8994140625","","","","","","","","","","","",""
"47910280","6595.388671875","6595.388671875","6595.388671875","","","","","","","","","","","",""
"47918728","","","","","","","7667.662109375","7667.662109375","7667.662109375","","","","","",""
"47921032","","","","","","","7593.3134765625","7593.3134765625","7593.3134765625","","","","","",""
"47935624","","","","","","","","","","7332.02099609375","7332.02099609375","7332.02099609375","","",""
"47939208","","","","","","","","","","7334.05810546875","7334.05810546875","7334.05810546875","","",""
"47940744","6598.48779296875","6598.48779296875","6598.48779296875","","","","","","","","","","","",""
"47941768","","","","","","","","","","7271.30224609375","7271.30224609375","7271.30224609375","","",""
"47949448","6546.41748046875","6546.41748046875","6546.41748046875","","","","","","","","","","","",""
"47953800","6495.67236328125","6495.67236328125","6495.67236328125","","","","","","","","","","","",""
"47957896","","","","","","","","","","7270.97607421875","7270.97607421875","7270.97607421875","","",""
"47971976","6499.8798828125","6499.8798828125","6499.8798828125","","","","","","","","","","","",""
"47982984","6504.11376953125","6504.11376953125","6504.11376953125","","","","","","","","","","","",""
"47984520","","","","","","","","","","7272.13720703125","7272.13720703125","7272.13720703125","","",""
"48010632","","","","","","","","","","7272.88623046875","7272.88623046875","7272.88623046875","","",""
"48011400","6467.25927734375","6467.25927734375","6467.25927734375","","","","","","","","","","","",""
"48011912","6432.904296875","6432.904296875","6432.904296875","","","","","","","","","","","",""
"48025992","6436.71923828125","6436.71923828125","6436.71923828125","","","","","","","","","","","",""
"48043400","","","","","","","","","","7271.5634765625","7271.5634765625","7271.5634765625","","",""
"48054664","6416.01416015625","6416.01416015625","6416.01416015625","","","","","","","","","","","",""
"48058760","6416.361328125","6416.361328125","6416.361328125","","","","","","","","","","","",""
"48089224","","","","","","","","","","7274.50537109375","7274.50537109375","7274.50537109375","","",""
"48095112","","","","","","","","","","","","","7381.73876953125","7381.73876953125","7381.73876953125"
"48096904","","","","","","","","","","7270.71044921875","7270.71044921875","7270.71044921875","","",""
"48100488","","","","7214.32470703125","7214.32470703125","7214.32470703125","","","","","","","","",""
"48107912","","","","","","","","","","7262.97216796875","7262.97216796875","7262.97216796875","","",""
"48109960","","","","7207.783203125","7207.783203125","7207.783203125","","","","","","","","",""
"48111240","","","","","","","","","","7264.640625","7264.640625","7264.640625","","",""
"48123528","","","","","","","","","","7267.4052734375","7267.4052734375","7267.4052734375","","",""
"48129160","","","","","","","","","","7206.7216796875","7206.7216796875","7206.7216796875","","",""
"48130184","","","","7206.861328125","7206.861328125","7206.861328125","","","","","","","","",""
"48133000","6749.4853515625","6749.4853515625","6749.4853515625","7207.2734375","7207.2734375","7207.2734375","7686.7177734375","7686.7177734375","7686.7177734375","7369.7041015625","7369.7041015625","7369.7041015625","7368.5009765625","7368.5009765625","7368.5009765625"
"48151688","6749.4580078125","6749.4580078125","6749.4580078125","","","","","","","","","","","",""
"48157832","","","","","","","7612.17431640625","7612.17431640625","7612.17431640625","","","","","",""
"48158088","6751.048828125","6751.048828125","6751.048828125","","","","","","","","","","","",""
"48158344","","","","","","","7613.95849609375","7613.95849609375","7613.95849609375","","","","","",""
"48161160","6749.732421875","6749.732421875","6749.732421875","","","","","","","","","","","",""
"48164232","6686.2958984375","6686.2958984375","6686.2958984375","","","","","","","7299.30126953125","7299.30126953125","7299.30126953125","","",""
"48166280","6687.82666015625","6687.82666015625","6687.82666015625","","","","","","","","","","","",""
"48166536","","","","7137.44091796875","7137.44091796875","7137.44091796875","","","","","","","","",""
"48168328","","","","","","","","","","7228.220703125","7228.220703125","7228.220703125","","",""
"48170120","6625.306640625","6625.306640625","6625.306640625","","","","","","","","","","","",""
"48174728","","","","","","","7614.8486328125","7614.8486328125","7614.8486328125","","","","","",""
"48177032","","","","","","","7613.44775390625","7613.44775390625","7613.44775390625","","","","","",""
"48188040","","","","","","","","","","7164.396484375","7164.396484375","7164.396484375","","",""
"48191624","","","","","","","","","","7166.9267578125","7166.9267578125","7166.9267578125","","",""
"48195208","","","","","","","","","","7169.34423828125","7169.34423828125","7169.34423828125","","",""
"48196744","6625.802734375","6625.802734375","6625.802734375","","","","","","","","","","","",""
"48197768","","","","","","","","","","7172.4765625","7172.4765625","7172.4765625","","",""
"48199816","6572.748046875","6572.748046875","6572.748046875","","","","","","","","","","","",""
"48204424","","","","","","","","","","7107.572265625","7107.572265625","7107.572265625","","",""
"48205448","6575.1875","6575.1875","6575.1875","","","","","","","","","","","",""
"48209800","6577.74169921875","6577.74169921875","6577.74169921875","","","","","","","","","","","",""
"48213896","","","","","","","","","","7110.79248046875","7110.79248046875","7110.79248046875","","",""
"48227976","6580.43603515625","6580.43603515625","6580.43603515625","","","","","","","","","","","",""
"48238984","6582.033203125","6582.033203125","6582.033203125","","","","","","","","","","","",""
"48240008","","","","","","","","","","7060.36279296875","7060.36279296875","7060.36279296875","","",""
"48266632","","","","","","","","","","7063.9091796875","7063.9091796875","7063.9091796875","","",""
"48267400","6584.494140625","6584.494140625","6584.494140625","","","","","","","","","","","",""
"48267912","6578.7578125","6578.7578125","6578.7578125","","","","","","","","","","","",""
"48281992","6581.33740234375","6581.33740234375","6581.33740234375","","","","","","","","","","","",""
"48299400","","","","","","","","","","7067.0810546875","7067.0810546875","7067.0810546875","","",""
"48301960","6557.8837890625","6557.8837890625","6557.8837890625","","","","","","","","","","","",""
"48303496","","","","","","","","","","7038.8525390625","7038.8525390625","7038.8525390625","","",""
"48310664","6560.58837890625","6560.58837890625","6560.58837890625","","","","","","","","","","","",""
"48314760","6561.953125","6561.953125","6561.953125","","","","","","","","","","","",""
"48337800","","","","","","","","","","7025.0009765625","7025.0009765625","7025.0009765625","","",""
"48345224","","","","","","","","","","7028.634765625","7028.634765625","7028.634765625","","",""
"48351112","","","","","","","","","","","","","7367.67724609375","7367.67724609375","7367.67724609375"
"48352904","","","","","","","","","","7031.8310546875","7031.8310546875","7031.8310546875","","",""
"48356488","","","","7137.35400390625","7137.35400390625","7137.35400390625","","","","","","","","",""
"48363912","","","","","","","","","","7036.54248046875","7036.54248046875","7036.54248046875","","",""
"48365960","","","","7138.82861328125","7138.82861328125","7138.82861328125","","","","","","","","",""
"48367240","","","","","","","","","","7039.90185546875","7039.90185546875","7039.90185546875","","",""
"48379528","","","","","","","","","","7044.69921875","7044.69921875","7044.69921875","","",""
"48385160","","","","","","","","","","7047.91796875","7047.91796875","7047.91796875","","",""
"48386184","","","","7139.7490234375","7139.7490234375","7139.7490234375","","","","","","","","",""
"48389000","6746.3134765625","6746.3134765625","6746.3134765625","7263.68408203125","7263.68408203125","7263.68408203125","7720.13037109375","7720.13037109375","7720.13037109375","7334.80126953125","7334.80126953125","7334.80126953125","7370.126953125","7370.126953125","7370.126953125"
"48400008","6679.8974609375","6679.8974609375","6679.8974609375","","","","","","","","","","","",""
"48407688","6680.6640625","6680.6640625","6680.6640625","","","","","","","","","","","",""
"48412552","","","","","","","7644.99169921875","7644.99169921875","7644.99169921875","","","","","",""
"48413832","","","","","","","7644.37939453125","7644.37939453125","7644.37939453125","","","","","",""
"48414088","6681.85693359375","6681.85693359375","6681.85693359375","","","","","","","","","","","",""
"48414344","","","","","","","7641.96630859375","7641.96630859375","7641.96630859375","","","","","",""
"48415624","","","","","","","","","","","","","7299.66943359375","7299.66943359375","7299.66943359375"
"48417160","6684.29248046875","6684.29248046875","6684.29248046875","","","","","","","","","","","",""
"48418440","","","","","","","7568.52783203125","7568.52783203125","7568.52783203125","","","","","",""
"48420232","6685.11474609375","6685.11474609375","6685.11474609375","","","","","","","7336.60302734375","7336.60302734375","7336.60302734375","","",""
"48422280","6686.17529296875","6686.17529296875","6686.17529296875","","","","","","","","","","","",""
"48422536","","","","7263.3603515625","7263.3603515625","7263.3603515625","","","","","","","","",""
"48424328","","","","","","","","","","7337.62060546875","7337.62060546875","7337.62060546875","","",""
"48426120","6685.8896484375","6685.8896484375","6685.8896484375","","","","","","","","","","7231.46044921875","7231.46044921875","7231.46044921875"
"48426632","6623.3115234375","6623.3115234375","6623.3115234375","","","","","","","","","","","",""
"48430728","","","","","","","7570.466796875","7570.466796875","7570.466796875","","","","","",""
"48433032","","","","","","","7571.18505859375","7571.18505859375","7571.18505859375","","","","","",""
"48440200","6564.88720703125","6564.88720703125","6564.88720703125","","","","","","","","","","","",""
"48444040","","","","","","","","","","7338.2080078125","7338.2080078125","7338.2080078125","","",""
"48447624","","","","","","","","","","7339.88818359375","7339.88818359375","7339.88818359375","","",""
"48451208","","","","","","","","","","7341.4765625","7341.4765625","7341.4765625","","",""
"48452744","6565.48095703125","6565.48095703125","6565.48095703125","","","","","","","","","","","",""
"48453768","","","","","","","","","","7341.85498046875","7341.85498046875","7341.85498046875","","",""
"48455816","6562.69970703125","6562.69970703125","6562.69970703125","","","","","","","","","","","",""
"48460424","","","","","","","","","","7342.65087890625","7342.65087890625","7342.65087890625","","",""
"48461448","6565.35595703125","6565.35595703125","6565.35595703125","","","","","","","","","","","",""
"48465800","6567.97900390625","6567.97900390625","6567.97900390625","","","","","","","","","","","",""
"48469896","","","","","","","","","","7344.64501953125","7344.64501953125","7344.64501953125","","",""
"48471432","","","","","","","","","","7286.359375","7286.359375","7286.359375","","",""
"48483976","6570.4287109375","6570.4287109375","6570.4287109375","","","","","","","","","","","",""
"48494984","6572.4091796875","6572.4091796875","6572.4091796875","","","","","","","","","","","",""
"48496008","","","","","","","","","","7286.607421875","7286.607421875","7286.607421875","","",""
"48518280","6538.0361328125","6538.0361328125","6538.0361328125","","","","","","","","","","","",""
"48522632","","","","","","","","","","7288.93359375","7288.93359375","7288.93359375","","",""
"48523400","6540.02099609375","6540.02099609375","6540.02099609375","","","","","","","","","","","",""
"48523912","6541.10546875","6541.10546875","6541.10546875","","","","","","","","","","","",""
"48537992","6543.3173828125","6543.3173828125","6543.3173828125","","","","","","","","","","","",""
"48539528","6480.39501953125","6480.39501953125","6480.39501953125","","","","","","","","","","","",""
"48555400","","","","","","","","","","7290.77294921875","7290.77294921875","7290.77294921875","","",""
"48557960","6483.42626953125","6483.42626953125","6483.42626953125","","","","","","","","","","","",""
"48559496","","","","","","","","","","7289.712890625","7289.712890625","7289.712890625","","",""
"48563080","","","","","","","","","","7262.54443359375","7262.54443359375","7262.54443359375","","",""
"48566664","6487.3974609375","6487.3974609375","6487.3974609375","","","","","","","","","","","",""
"48570760","6490.38232421875","6490.38232421875","6490.38232421875","","","","","","","","","","","",""
"48593800","","","","","","","","","","7261.4384765625","7261.4384765625","7261.4384765625","","",""
"48601224","","","","","","","","","","7263","7263","7263","","",""
"48607112","","","","","","","","","","","","","7233.404296875","7233.404296875","7233.404296875"
"48608904","","","","","","","","","","7264.7822265625","7264.7822265625","7264.7822265625","","",""
"48612488","","","","7262.20166015625","7262.20166015625","7262.20166015625","","","","","","","","",""
"48619912","","","","","","","","","","7266.15966796875","7266.15966796875","7266.15966796875","","",""
"48621960","","","","7262.4287109375","7262.4287109375","7262.4287109375","","","","","","","","",""
"48623240","","","","","","","","","","7267.6103515625","7267.6103515625","7267.6103515625","","",""
"48635528","","","","","","","","","","7270.009765625","7270.009765625","7270.009765625","","",""
"48641160","","","","","","","","","","7270.22216796875","7270.22216796875","7270.22216796875","","",""
"48642184","","","","7262.54150390625","7262.54150390625","7262.54150390625","","","","","","","","",""
"48645000","6753.8994140625","6753.8994140625","6753.8994140625","7230.7109375","7230.7109375","7230.7109375","7720.31298828125","7720.31298828125","7720.31298828125","7349.2109375","7349.2109375","7349.2109375","7362.70849609375","7362.70849609375","7362.70849609375"
"48675464","","","","","","","","","","7279.609375","7279.609375","7279.609375","","",""
"48680840","","","","","","","7647.1630859375","7647.1630859375","7647.1630859375","","","","","",""
"48682632","","","","","","","","","","7212.72998046875","7212.72998046875","7212.72998046875","","",""
"48706184","","","","","","","7578.75048828125","7578.75048828125","7578.75048828125","","","","","",""
"48746632","","","","","","","","","","7153.74560546875","7153.74560546875","7153.74560546875","","",""
"48766856","","","","","","","","","","7108.68310546875","7108.68310546875","7108.68310546875","","",""
"48773256","","","","7186.40283203125","7186.40283203125","7186.40283203125","","","","","","","","",""
"48829832","6730.9580078125","6730.9580078125","6730.9580078125","","","","","","","","","","","",""
"48857224","6719.27978515625","6719.27978515625","6719.27978515625","","","","","","","","","","","",""
"48885896","","","","7181.5087890625","7181.5087890625","7181.5087890625","","","","","","","","",""
"48899720","","","","7179.59130859375","7179.59130859375","7179.59130859375","","","","","","","","",""
"48901000","6817.6123046875","6817.6123046875","6817.6123046875","7216.755859375","7216.755859375","7216.755859375","7676.53125","7676.53125","7676.53125","7416.15283203125","7416.15283203125","7416.15283203125","7388.08984375","7388.08984375","7388.08984375"
"48917640","","","","","","","7601.1904296875","7601.1904296875","7601.1904296875","","","","","",""
"48931464","","","","","","","","","","7415.5380859375","7415.5380859375","7415.5380859375","","",""
"48936840","","","","","","","7602.03564453125","7602.03564453125","7602.03564453125","","","","","",""
"48938632","","","","","","","","","","7416.66162109375","7416.66162109375","7416.66162109375","","",""
"48962184","","","","","","","7602.16162109375","7602.16162109375","7602.16162109375","","","","","",""
"49002632","","","","","","","","","","7417.5205078125","7417.5205078125","7417.5205078125","","",""
"49011592","","","","","","","","","","7363.33251953125","7363.33251953125","7363.33251953125","","",""
"49022856","","","","","","","","","","7364.64404296875","7364.64404296875","7364.64404296875","","",""
"49029256","","","","7216.958984375","7216.958984375","7216.958984375","","","","","","","","",""
"49047688","","","","7180.02783203125","7180.02783203125","7180.02783203125","","","","","","","","",""
"49056136","","","","","","","","","","7330.0400390625","7330.0400390625","7330.0400390625","","",""
"49085832","6816.4384765625","6816.4384765625","6816.4384765625","","","","","","","","","","","",""
"49113224","6817.4111328125","6817.4111328125","6817.4111328125","","","","","","","","","","","",""
"49141896","","","","7180.2216796875","7180.2216796875","7180.2216796875","","","","","","","","",""
"49152648","6809.29248046875","6809.29248046875","6809.29248046875","","","","","","","","","","","",""
"49154184","6807.28564453125","6807.28564453125","6807.28564453125","","","","","","","","","","","",""
"49155720","","","","7181.80615234375","7181.80615234375","7181.80615234375","","","","","","","","",""
"49157000","6796.31005859375","6796.31005859375","6796.31005859375","7226.38037109375","7226.38037109375","7226.38037109375","7703.54443359375","7703.54443359375","7703.54443359375","7415.322265625","7415.322265625","7415.322265625","7355.86962890625","7355.86962890625","7355.86962890625"
"49173640","","","","","","","7703.6494140625","7703.6494140625","7703.6494140625","","","","","",""
"49187464","","","","","","","","","","7413.6630859375","7413.6630859375","7413.6630859375","","",""
"49192840","","","","","","","7704.29931640625","7704.29931640625","7704.29931640625","","","","","",""
"49194632","","","","","","","","","","7413.810546875","7413.810546875","7413.810546875","","",""
"49207432","6735.78173828125","6735.78173828125","6735.78173828125","","","","","","","","","","","",""
"49218184","","","","","","","7704.6552734375","7704.6552734375","7704.6552734375","","","","","",""
"49249672","","","","7166.3447265625","7166.3447265625","7166.3447265625","","","","","","","","",""
"49258632","","","","","","","","","","7411.3271484375","7411.3271484375","7411.3271484375","","",""
"49266312","6692.02587890625","6692.02587890625","6692.02587890625","","","","","","","","","","","",""
"49267592","","","","","","","","","","7410.5146484375","7410.5146484375","7410.5146484375","","",""
"49278856","","","","","","","","","","7412.0302734375","7412.0302734375","7412.0302734375","","",""
"49285256","","","","7162.755859375","7162.755859375","7162.755859375","","","","","","","","",""
"49303688","","","","7163.037109375","7163.037109375","7163.037109375","","","","","","","","",""
"49312136","","","","","","","","","","7412.23046875","7412.23046875","7412.23046875","","",""
"49341832","6693.65087890625","6693.65087890625","6693.65087890625","","","","","","","","","","","",""
"49369224","6694.48046875","6694.48046875","6694.48046875","","","","","","","","","","","",""
"49397896","","","","7162.810546875","7162.810546875","7162.810546875","","","","","","","","",""
"49408648","6696.66357421875","6696.66357421875","6696.66357421875","","","","","","","","","","","",""
"49410184","6697.3046875","6697.3046875","6697.3046875","","","","","","","","","","","",""
"49411720","","","","7163.52685546875","7163.52685546875","7163.52685546875","","","","","","","","",""
"49413000","6776.30224609375","6776.30224609375","6776.30224609375","7221.91162109375","7221.91162109375","7221.91162109375","7763.185546875","7763.185546875","7763.185546875","7409.037109375","7409.037109375","7409.037109375","7387.8916015625","7387.8916015625","7387.8916015625"
"49429640","","","","","","","7763.2666015625","7763.2666015625","7763.2666015625","","","","","",""
"49430152","6710.43994140625","6710.43994140625","6710.43994140625","","","","","","","","","","","",""
"49443464","","","","","","","","","","7407.15869140625","7407.15869140625","7407.15869140625","","",""
"49448584","","","","7151.77880859375","7151.77880859375","7151.77880859375","","","","","","","","",""
"49448840","","","","","","","7763.27685546875","7763.27685546875","7763.27685546875","","","","","",""
"49450632","","","","","","","","","","7407.7587890625","7407.7587890625","7407.7587890625","","",""
"49458568","","","","","","","7691.67236328125","7691.67236328125","7691.67236328125","","","","","",""
"49460616","6649.783203125","6649.783203125","6649.783203125","","","","","","","","","","","",""
"49463432","6651.845703125","6651.845703125","6651.845703125","","","","","","","","","","","",""
"49464200","6592.62158203125","6592.62158203125","6592.62158203125","","","","","","","","","","","",""
"49474184","","","","","","","7691.109375","7691.109375","7691.109375","","","","","",""
"49505672","","","","7153.37255859375","7153.37255859375","7153.37255859375","","","","","","","","",""
"49509768","","","","","","","","","","7339.7666015625","7339.7666015625","7339.7666015625","","",""
"49514632","","","","","","","","","","7339.759765625","7339.759765625","7339.759765625","","",""
"49522312","6592.173828125","6592.173828125","6592.173828125","","","","","","","","","","","",""
"49523336","6545.5771484375","6545.5771484375","6545.5771484375","","","","","","","","","","","",""
"49523592","","","","","","","","","","7341.7509765625","7341.7509765625","7341.7509765625","","",""
"49534856","","","","","","","","","","7342.8798828125","7342.8798828125","7342.8798828125","","",""
"49538184","","","","7112.3583984375","7112.3583984375","7112.3583984375","","","","","","","","",""
"49541256","","","","7113.7275390625","7113.7275390625","7113.7275390625","","","","","","","","",""
"49559688","","","","7115.54443359375","7115.54443359375","7115.54443359375","","","","","","","","",""
"49568136","","","","","","","","","","7344.94482421875","7344.94482421875","7344.94482421875","","",""
"49569416","","","","7083.48974609375","7083.48974609375","7083.48974609375","","","","","","","","",""
"49571464","","","","","","","","","","7311.67431640625","7311.67431640625","7311.67431640625","","",""
"49597832","6548.52294921875","6548.52294921875","6548.52294921875","","","","","","","","","","","",""
"49603976","","","","7051.25341796875","7051.25341796875","7051.25341796875","","","","","","","","",""
"49625224","6550.39697265625","6550.39697265625","6550.39697265625","","","","","","","","","","","",""
"49651592","6544.869140625","6544.869140625","6544.869140625","","","","","","","","","","","",""
"49653896","","","","7054.22314453125","7054.22314453125","7054.22314453125","","","","","","","","",""
"49664648","6548.923828125","6548.923828125","6548.923828125","","","","","","","","","","","",""
"49666184","6552.6162109375","6552.6162109375","6552.6162109375","","","","","","","","","","","",""
"49667720","","","","7056.240234375","7056.240234375","7056.240234375","","","","","","","","",""
"49669000","6782.94287109375","6782.94287109375","6782.94287109375","7222.55615234375","7222.55615234375","7222.55615234375","7714.66650390625","7714.66650390625","7714.66650390625","7424.44775390625","7424.44775390625","7424.44775390625","7379.3359375","7379.3359375","7379.3359375"
"49685640","","","","","","","7715.41943359375","7715.41943359375","7715.41943359375","","","","","",""
"49686152","6783.15380859375","6783.15380859375","6783.15380859375","","","","","","","","","","","",""
"49693832","","","","","","","7640.40625","7640.40625","7640.40625","","","","","",""
"49694088","","","","","","","7566.26416015625","7566.26416015625","7566.26416015625","","","","","",""
"49699464","","","","","","","","","","7425.1748046875","7425.1748046875","7425.1748046875","","",""
"49704584","","","","7223.580078125","7223.580078125","7223.580078125","","","","","","","","",""
"49704840","","","","","","","7568.44677734375","7568.44677734375","7568.44677734375","","","","","",""
"49706632","","","","","","","","","","7424.46728515625","7424.46728515625","7424.46728515625","","",""
"49714568","","","","","","","7569.82958984375","7569.82958984375","7569.82958984375","","","","","",""
"49716616","6781.03564453125","6781.03564453125","6781.03564453125","","","","","","","","","","","",""
"49719432","6781.775390625","6781.775390625","6781.775390625","","","","","","","","","","","",""
"49720200","6781.6572265625","6781.6572265625","6781.6572265625","","","","","","","","","","","",""
"49723272","","","","","","","","","","7356.345703125","7356.345703125","7356.345703125","","",""
"49730184","","","","","","","7571.58935546875","7571.58935546875","7571.58935546875","","","","","",""
"49734024","","","","","","","7499.32275390625","7499.32275390625","7499.32275390625","","","","","",""
"49757832","6717.0390625","6717.0390625","6717.0390625","","","","","","","","","","","",""
"49759112","6664.84423828125","6664.84423828125","6664.84423828125","","","","","","","","","","","",""
"49761672","","","","7224.17626953125","7224.17626953125","7224.17626953125","","","","","","","","",""
"49765768","","","","","","","","","","7355.13427734375","7355.13427734375","7355.13427734375","","",""
"49770632","","","","","","","","","","7356.7724609375","7356.7724609375","7356.7724609375","","",""
"49778312","6666.8359375","6666.8359375","6666.8359375","","","","","","","","","","","",""
"49779336","6664.587890625","6664.587890625","6664.587890625","","","","","","","","","","","",""
"49779592","","","","","","","","","","7357.5234375","7357.5234375","7357.5234375","","",""
"49790856","","","","","","","","","","7350.953125","7350.953125","7350.953125","","",""
"49794184","","","","7224.34375","7224.34375","7224.34375","","","","","","","","",""
"49797256","","","","7221.15283203125","7221.15283203125","7221.15283203125","","","","","","","","",""
"49813640","","","","","","","","","","7278.9765625","7278.9765625","7278.9765625","","",""
"49815688","","","","7221.962890625","7221.962890625","7221.962890625","","","","","","","","",""
"49824136","","","","","","","","","","7280.7255859375","7280.7255859375","7280.7255859375","","",""
"49825416","","","","7222.09814453125","7222.09814453125","7222.09814453125","","","","","","","","",""
"49827464","","","","","","","","","","7281.42919921875","7281.42919921875","7281.42919921875","","",""
"49853832","6661.5546875","6661.5546875","6661.5546875","","","","","","","","","","","",""
"49859976","","","","7220.12109375","7220.12109375","7220.12109375","","","","","","","","",""
"49881224","6663.158203125","6663.158203125","6663.158203125","","","","","","","","","","","",""
"49907592","6665.42626953125","6665.42626953125","6665.42626953125","","","","","","","","","","","",""
"49909896","","","","7220.349609375","7220.349609375","7220.349609375","","","","","","","","",""
"49920648","6667.41650390625","6667.41650390625","6667.41650390625","","","","","","","","","","","",""
"49922184","6665.42529296875","6665.42529296875","6665.42529296875","","","","","","","","","","","",""
"49923720","","","","7219.99853515625","7219.99853515625","7219.99853515625","","","","","","","","",""
"49925000","6730.40966796875","6730.40966796875","6730.40966796875","7200.45361328125","7200.45361328125","7200.45361328125","7713.197265625","7713.197265625","7713.197265625","7431.68896484375","7431.68896484375","7431.68896484375","7354.353515625","7354.353515625","7354.353515625"
"49964680","","","","","","","","","","7361.55615234375","7361.55615234375","7361.55615234375","","",""
"49973128","","","","","","","","","","7293.9052734375","7293.9052734375","7293.9052734375","","",""
"49984904","","","","","","","","","","7226.92626953125","7226.92626953125","7226.92626953125","","",""
"50012808","","","","7141.63427734375","7141.63427734375","7141.63427734375","","","","","","","","",""
"50062728","","","","7102.81298828125","7102.81298828125","7102.81298828125","","","","","","","","",""
"50088072","","","","","","","","","","7192.54296875","7192.54296875","7192.54296875","","",""
"50094728","6704.65966796875","6704.65966796875","6704.65966796875","","","","","","","","","","","",""
"50106248","","","","7072.39501953125","7072.39501953125","7072.39501953125","","","","","","","","",""
"50181000","6801.8662109375","6801.8662109375","6801.8662109375","7230.138671875","7230.138671875","7230.138671875","7686.46240234375","7686.46240234375","7686.46240234375","7392.365234375","7392.365234375","7392.365234375","7409.9072265625","7409.9072265625","7409.9072265625"
"50204296","","","","","","","7612.49853515625","7612.49853515625","7612.49853515625","","","","","",""
"50220680","","","","","","","","","","7392.92236328125","7392.92236328125","7392.92236328125","","",""
"50222216","","","","","","","","","","","","","7338.3193359375","7338.3193359375","7338.3193359375"
"50222472","","","","","","","","","","","","","7267.87255859375","7267.87255859375","7267.87255859375"
"50229128","","","","","","","","","","7392.32373046875","7392.32373046875","7392.32373046875","","",""
"50229640","","","","","","","","","","7322.99609375","7322.99609375","7322.99609375","","",""
"50232200","","","","7164.35595703125","7164.35595703125","7164.35595703125","","","","","","","","",""
"50240904","","","","","","","","","","7323.02294921875","7323.02294921875","7323.02294921875","","",""
"50244744","6746.73291015625","6746.73291015625","6746.73291015625","","","","","","","","","","","",""
"50261896","","","","7125.9912109375","7125.9912109375","7125.9912109375","","","","","","","","",""
"50262152","6691.74609375","6691.74609375","6691.74609375","","","","","","","","","","","",""
"50268808","","","","7127.2744140625","7127.2744140625","7127.2744140625","","","","","","","","",""
"50318728","","","","7128.19677734375","7128.19677734375","7128.19677734375","","","","","","","","",""
"50328200","","","","7067.1923828125","7067.1923828125","7067.1923828125","","","","","","","","",""
"50333320","","","","7034.82275390625","7034.82275390625","7034.82275390625","","","","","","","","",""
"50338952","","","","","","","","","","7291.04345703125","7291.04345703125","7291.04345703125","","",""
"50344072","","","","","","","","","","7292.51806640625","7292.51806640625","7292.51806640625","","",""
"50350728","6693.36474609375","6693.36474609375","6693.36474609375","","","","","","","","","","","",""
"50436232","","","","","","","","","","7291.0791015625","7291.0791015625","7291.0791015625","","",""
"50437000","6815.03125","6815.03125","6815.03125","7179.2734375","7179.2734375","7179.2734375","7687.49609375","7687.49609375","7687.49609375","7472.3310546875","7472.3310546875","7472.3310546875","7348.31103515625","7348.31103515625","7348.31103515625"
"50456968","","","","","","","7612","7612","7612","","","","","",""
"50460296","","","","","","","7613.64990234375","7613.64990234375","7613.64990234375","","","","","",""
"50472328","","","","","","","7541.86376953125","7541.86376953125","7541.86376953125","","","","","",""
"50474632","","","","7110.87744140625","7110.87744140625","7110.87744140625","","","","","","","","",""
"50476680","","","","","","","","","","7473.00244140625","7473.00244140625","7473.00244140625","","",""
"50478216","","","","","","","","","","","","","7349.1025390625","7349.1025390625","7349.1025390625"
"50478472","","","","","","","","","","","","","7348.67041015625","7348.67041015625","7348.67041015625"
"50485128","","","","","","","","","","7472.94921875","7472.94921875","7472.94921875","","",""
"50485640","","","","","","","","","","7474.5703125","7474.5703125","7474.5703125","","",""
"50486920","6754.380859375","6754.380859375","6754.380859375","","","","","","","","","","","",""
"50488200","","","","7112.697265625","7112.697265625","7112.697265625","","","","","","","","",""
"50496904","","","","","","","","","","7475.17041015625","7475.17041015625","7475.17041015625","","",""
"50500744","6755.61376953125","6755.61376953125","6755.61376953125","","","","","","","","","","","",""
"50517896","","","","7112.779296875","7112.779296875","7112.779296875","","","","","","","","",""
"50518152","6756.5185546875","6756.5185546875","6756.5185546875","","","","","","","","","","","",""
"50574728","","","","7111.94189453125","7111.94189453125","7111.94189453125","","","","","","","","",""
"50584200","","","","7114.21533203125","7114.21533203125","7114.21533203125","","","","","","","","",""
"50589320","","","","7115.4736328125","7115.4736328125","7115.4736328125","","","","","","","","",""
"50594952","","","","","","","","","","7474.359375","7474.359375","7474.359375","","",""
"50600072","","","","","","","","","","7474.6025390625","7474.6025390625","7474.6025390625","","",""
"50606728","6757.55419921875","6757.55419921875","6757.55419921875","","","","","","","","","","","",""
"50636680","6740.3203125","6740.3203125","6740.3203125","","","","","","","","","","","",""
"50638216","","","","","","","","","","7445.77783203125","7445.77783203125","7445.77783203125","","",""
"50638472","","","","","","","","","","7429.65283203125","7429.65283203125","7429.65283203125","","",""
"50647944","","","","","","","","","","7410.990234375","7410.990234375","7410.990234375","","",""
"50648456","","","","","","","","","","7396.90673828125","7396.90673828125","7396.90673828125","","",""
"50649224","","","","","","","7527.82568359375","7527.82568359375","7527.82568359375","","","","","",""
"50692232","","","","","","","","","","7394.08740234375","7394.08740234375","7394.08740234375","","",""
"50693000","6786.041015625","6786.041015625","6786.041015625","7248.9560546875","7248.9560546875","7248.9560546875","7690.9921875","7690.9921875","7690.9921875","7463.72119140625","7463.72119140625","7463.72119140625","7399.93603515625","7399.93603515625","7399.93603515625"
"50712968","","","","","","","7691.22802734375","7691.22802734375","7691.22802734375","","","","","",""
"50716296","","","","","","","7690.00927734375","7690.00927734375","7690.00927734375","","","","","",""
"50728328","","","","","","","7691.0771484375","7691.0771484375","7691.0771484375","","","","","",""
"50730632","","","","7249.20068359375","7249.20068359375","7249.20068359375","","","","","","","","",""
"50732680","","","","","","","","","","7463.76220703125","7463.76220703125","7463.76220703125","","",""
"50734216","","","","","","","","","","","","","7399.55712890625","7399.55712890625","7399.55712890625"
"50734472","","","","","","","","","","","","","7399.5830078125","7399.5830078125","7399.5830078125"
"50741128","","","","","","","","","","7462.71435546875","7462.71435546875","7462.71435546875","","",""
"50741640","","","","","","","","","","7456.44873046875","7456.44873046875","7456.44873046875","","",""
"50742920","6787.26416015625","6787.26416015625","6787.26416015625","","","","","","","","","","","",""
"50744200","","","","7248.5302734375","7248.5302734375","7248.5302734375","","","","","","","","",""
"50752904","","","","","","","","","","7455.1640625","7455.1640625","7455.1640625","","",""
"50756744","6787.33056640625","6787.33056640625","6787.33056640625","","","","","","","","","","","",""
"50762120","6730.4072265625","6730.4072265625","6730.4072265625","","","","","","","","","","","",""
"50773896","","","","7245.49853515625","7245.49853515625","7245.49853515625","","","","","","","","",""
"50774152","6730.9228515625","6730.9228515625","6730.9228515625","","","","","","","","","","","",""
"50783880","","","","","","","","","","7399.17431640625","7399.17431640625","7399.17431640625","","",""
"50830728","","","","7245.6923828125","7245.6923828125","7245.6923828125","","","","","","","","",""
"50840200","","","","7245.65673828125","7245.65673828125","7245.65673828125","","","","","","","","",""
"50845320","","","","7244.845703125","7244.845703125","7244.845703125","","","","","","","","",""
"50850952","","","","","","","","","","7400.16650390625","7400.16650390625","7400.16650390625","","",""
"50856072","","","","","","","","","","7401.109375","7401.109375","7401.109375","","",""
"50862728","6729.27978515625","6729.27978515625","6729.27978515625","","","","","","","","","","","",""
"50892680","6729.90234375","6729.90234375","6729.90234375","","","","","","","","","","","",""
"50894216","","","","","","","","","","7402.380859375","7402.380859375","7402.380859375","","",""
"50894472","","","","","","","","","","7403.947265625","7403.947265625","7403.947265625","","",""
"50903944","","","","","","","","","","7405.5400390625","7405.5400390625","7405.5400390625","","",""
"50904456","","","","","","","","","","7406.27734375","7406.27734375","7406.27734375","","",""
"50905224","","","","","","","7691.05126953125","7691.05126953125","7691.05126953125","","","","","",""
"50925192","","","","","","","","","","7388.072265625","7388.072265625","7388.072265625","","",""
"50948232","","","","","","","","","","7388.732421875","7388.732421875","7388.732421875","","",""
"50949000","6791.13232421875","6791.13232421875","6791.13232421875","7193.17236328125","7193.17236328125","7193.17236328125","7707.259765625","7707.259765625","7707.259765625","7455.0693359375","7455.0693359375","7455.0693359375","7384.26416015625","7384.26416015625","7384.26416015625"
"50954376","","","","","","","7630.4619140625","7630.4619140625","7630.4619140625","","","","","",""
"50959496","","","","","","","7554.93359375","7554.93359375","7554.93359375","","","","","",""
"50968968","","","","","","","7556.34375","7556.34375","7556.34375","","","","","",""
"50972296","","","","","","","7556.12353515625","7556.12353515625","7556.12353515625","","","","","",""
"50972552","6725.421875","6725.421875","6725.421875","","","","","","","","","","","",""
"50984328","","","","","","","7557.13427734375","7557.13427734375","7557.13427734375","","","","","",""
"50986632","","","","7193.0205078125","7193.0205078125","7193.0205078125","","","","","","","","",""
"50988680","","","","","","","","","","7456.55859375","7456.55859375","7456.55859375","","",""
"50990216","","","","","","","","","","","","","7385.0703125","7385.0703125","7385.0703125"
"50990472","","","","","","","","","","","","","7384.79052734375","7384.79052734375","7384.79052734375"
"50993544","","","","","","","7484.5927734375","7484.5927734375","7484.5927734375","","","","","",""
"50997128","","","","","","","","","","7456.21875","7456.21875","7456.21875","","",""
"50997640","","","","","","","","","","7457.47119140625","7457.47119140625","7457.47119140625","","",""
"50998920","6725.9677734375","6725.9677734375","6725.9677734375","","","","","","","","","","","",""
"51000200","","","","7193.41943359375","7193.41943359375","7193.41943359375","","","","","","","","",""
"51008904","","","","","","","","","","7458.10595703125","7458.10595703125","7458.10595703125","","",""
"51012744","6726.47802734375","6726.47802734375","6726.47802734375","","","","","","","","","","","",""
"51018120","6728.44873046875","6728.44873046875","6728.44873046875","","","","","","","","","","","",""
"51026056","","","","7136.43994140625","7136.43994140625","7136.43994140625","","","","","","","","",""
"51027592","","","","","","","","","","7390.748046875","7390.748046875","7390.748046875","","",""
"51029896","","","","7137.931640625","7137.931640625","7137.931640625","","","","","","","","",""
"51030152","6730.1884765625","6730.1884765625","6730.1884765625","","","","","","","","","","","",""
"51035272","","","","","","","","","","7328.4609375","7328.4609375","7328.4609375","","",""
"51039880","","","","","","","","","","7326.8115234375","7326.8115234375","7326.8115234375","","",""
"51086728","","","","7139.31591796875","7139.31591796875","7139.31591796875","","","","","","","","",""
"51096200","","","","7140.52490234375","7140.52490234375","7140.52490234375","","","","","","","","",""
"51099016","","","","","","","","","","7288.90478515625","7288.90478515625","7288.90478515625","","",""
"51100040","","","","7092.037109375","7092.037109375","7092.037109375","","","","","","","","",""
"51101320","","","","7094.71240234375","7094.71240234375","7094.71240234375","","","","","","","","",""
"51102088","","","","","","","","","","7248.421875","7248.421875","7248.421875","","",""
"51103880","","","","7058.8486328125","7058.8486328125","7058.8486328125","","","","","","","","",""
"51106952","","","","","","","","","","7251.7578125","7251.7578125","7251.7578125","","",""
"51112072","","","","","","","","","","7255.20166015625","7255.20166015625","7255.20166015625","","",""
"51117448","","","","7031.69482421875","7031.69482421875","7031.69482421875","","","","","","","","",""
"51118728","6730.734375","6730.734375","6730.734375","","","","","","","","","","","",""
"51148680","6732.15869140625","6732.15869140625","6732.15869140625","","","","","","","","","","","",""
"51150216","","","","","","","","","","7258.4580078125","7258.4580078125","7258.4580078125","","",""
"51150472","","","","","","","","","","7261.03564453125","7261.03564453125","7261.03564453125","","",""
"51159944","","","","","","","","","","7264.37255859375","7264.37255859375","7264.37255859375","","",""
"51160456","","","","","","","","","","7263.41748046875","7263.41748046875","7263.41748046875","","",""
"51160968","","","","","","","","","","7248.01171875","7248.01171875","7248.01171875","","",""
"51161224","","","","","","","7486.638671875","7486.638671875","7486.638671875","","","","","",""
"51179912","","","","7024.61181640625","7024.61181640625","7024.61181640625","","","","","","","","",""
"51181192","","","","","","","","","","7249.6181640625","7249.6181640625","7249.6181640625","","",""
"51204232","","","","","","","","","","7252.73974609375","7252.73974609375","7252.73974609375","","",""
"51205000","6804.94970703125","6804.94970703125","6804.94970703125","7218.79296875","7218.79296875","7218.79296875","7668.69970703125","7668.69970703125","7668.69970703125","7489.2060546875","7489.2060546875","7489.2060546875","7402.56787109375","7402.56787109375","7402.56787109375"